holiday_type,country_iso_code,country_name,name,start_date,end_date,nationwide,regional,subdivisions,groups,comment,raw_id
public_holiday,AD,Andorra,New Year's Day,2023-01-01,2023-01-01,True,,,,,8e52fe82-c919-451b-92aa-f259be2c34c1
public_holiday,AD,Andorra,Epiphany,2023-01-06,2023-01-06,True,,,,,93e218a1-b3d2-4c60-9d46-cb5db58ce70b
public_holiday,AD,Andorra,Carnival,2023-02-20,2023-02-20,True,,,,,e3649ec0-8a6f-4356-b2e3-7f1fa1121a06
public_holiday,AD,Andorra,Constitution Day,2023-03-14,2023-03-14,True,,,,,2e0e0f6d-0fee-47b1-9bab-0612cb6e395f
public_holiday,AD,Andorra,Good Friday,2023-04-07,2023-04-07,True,,,,,74eb5a17-6367-4d9d-ad6e-7e5937535950
public_holiday,AD,Andorra,Easter Monday,2023-04-10,2023-04-10,True,,,,,6f851e0f-045a-4faf-8272-c4904a94184d
public_holiday,AD,Andorra,Labour Day,2023-05-01,2023-05-01,True,,,,,bf2e6975-5b7d-4344-ba4a-24f83d276ce8
public_holiday,AD,Andorra,Pentecost Monday,2023-05-29,2023-05-29,True,,,,,3fc497e5-e5c8-4011-a79e-ad264c486d1e
public_holiday,AD,Andorra,Assumption Day,2023-08-15,2023-08-15,True,,,,,0dcc5257-457b-4ba1-9d93-b99333ed56b6
public_holiday,AD,Andorra,National Holiday,2023-09-08,2023-09-08,True,,,,,2bfab20c-70b4-4bfe-bfb2-05c55b359665
public_holiday,AD,Andorra,All Saints' Day,2023-11-01,2023-11-01,True,,,,,f8b3181f-ccef-4eeb-b13e-3164c1ee5841
public_holiday,AD,Andorra,Immaculate Conception,2023-12-08,2023-12-08,True,,,,,fad4cae8-7c5f-4ec7-a19d-0b003be156f2
public_holiday,AD,Andorra,Christmas Day,2023-12-25,2023-12-25,True,,,,,0b8134e5-ecba-43f8-a6c8-584f2a9ecc77
public_holiday,AD,Andorra,St. Stephen's Day,2023-12-26,2023-12-26,True,,,,,663bcdcb-c0e6-4872-9de9-6a05e60cf71d
public_holiday,AD,Andorra,New Year's Day,2024-01-01,2024-01-01,True,,,,,64edf70b-48d3-4e6e-9f45-9b4d7407384a
public_holiday,AD,Andorra,Epiphany,2024-01-06,2024-01-06,True,,,,,8642ee10-e37c-4311-9e3e-3195d3e3933a
public_holiday,AD,Andorra,Carnival,2024-02-12,2024-02-12,True,,,,,2da3300c-6689-4cc6-a68d-61e46947cc9d
public_holiday,AD,Andorra,Constitution Day,2024-03-14,2024-03-14,True,,,,,80d05edd-9254-48b9-a401-9a383fbba680
public_holiday,AD,Andorra,Good Friday,2024-03-29,2024-03-29,True,,,,,9c399656-0005-4cea-b44a-1f6ba4154d2b
public_holiday,AD,Andorra,Easter Monday,2024-04-01,2024-04-01,True,,,,,76667ae1-8439-4ff2-8800-e969d4969d1d
public_holiday,AD,Andorra,Labour Day,2024-05-01,2024-05-01,True,,,,,d04852a3-51bb-40ab-b902-90bf3f8344f0
public_holiday,AD,Andorra,Pentecost Monday,2024-05-20,2024-05-20,True,,,,,d4799a77-8cf0-4b3a-b954-c7718b71b06e
public_holiday,AD,Andorra,Assumption Day,2024-08-15,2024-08-15,True,,,,,519b6ed3-bff4-428a-a64b-46b1f0c90c7c
public_holiday,AD,Andorra,National Holiday,2024-09-08,2024-09-08,True,,,,,2c254122-e5a3-4ec8-a77e-59c78d13f489
public_holiday,AD,Andorra,All Saints' Day,2024-11-01,2024-11-01,True,,,,,f8ee8427-7956-4e26-8796-447ac245d9b9
public_holiday,AD,Andorra,Immaculate Conception,2024-12-08,2024-12-08,True,,,,,2ed7fac4-89f3-48e2-8812-550946ba5bf6
public_holiday,AD,Andorra,Christmas Day,2024-12-25,2024-12-25,True,,,,,df4ebf7d-f133-40b9-9675-b1b9a86a06a4
public_holiday,AD,Andorra,St. Stephen's Day,2024-12-26,2024-12-26,True,,,,,8cb319fa-b7c8-4265-9ca3-eae729d9f288
public_holiday,AD,Andorra,New Year's Day,2025-01-01,2025-01-01,True,,,,,201e379b-01a0-4769-aace-30dea20a777f
public_holiday,AD,Andorra,Epiphany,2025-01-06,2025-01-06,True,,,,,ea1c680d-2537-4af2-8566-8dfa77774121
public_holiday,AD,Andorra,Carnival,2025-03-03,2025-03-03,True,,,,,6ee1756c-e6f7-489e-b0b4-85f76131534d
public_holiday,AD,Andorra,Constitution Day,2025-03-14,2025-03-14,True,,,,,c7f0109f-602e-4ada-8b1d-cb0b92cf98c4
public_holiday,AD,Andorra,Good Friday,2025-04-18,2025-04-18,True,,,,,5603a2c6-54df-46cc-8849-a306905c4669
public_holiday,AD,Andorra,Easter Monday,2025-04-21,2025-04-21,True,,,,,47ff3a98-df45-485b-a711-f4840d6ec6db
public_holiday,AD,Andorra,Labour Day,2025-05-01,2025-05-01,True,,,,,235ad1a7-fb5b-4774-9f5c-a2d1127258ec
public_holiday,AD,Andorra,Pentecost Monday,2025-06-09,2025-06-09,True,,,,,902329ce-a119-4db8-a580-17019d0dad6c
public_holiday,AD,Andorra,Assumption Day,2025-08-15,2025-08-15,True,,,,,9d24e66c-9315-4eb9-8d7d-757b937980fb
public_holiday,AD,Andorra,National Holiday,2025-09-08,2025-09-08,True,,,,,98641548-17ae-412a-bb7e-06cfdf70bea9
public_holiday,AD,Andorra,All Saints' Day,2025-11-01,2025-11-01,True,,,,,bc24fc41-d416-494a-9537-37528ef82861
public_holiday,AD,Andorra,Immaculate Conception,2025-12-08,2025-12-08,True,,,,,2139a788-fc76-4b3a-ad9e-f8271bcf0fe4
public_holiday,AD,Andorra,Christmas Day,2025-12-25,2025-12-25,True,,,,,5455ad16-2848-498c-967c-243ac2c4f9c5
public_holiday,AD,Andorra,St. Stephen's Day,2025-12-26,2025-12-26,True,,,,,ebb0b43b-bb46-49d1-974c-f64217f9d8c4
school_holiday,AD,Andorra,Christmas holidays,2022-12-23,2023-01-06,True,,,,,4adceed1-f73c-4cd7-a53a-f35b36d503e3
school_holiday,AD,Andorra,Carnival holidays,2023-02-20,2023-02-24,True,,,,,95975e80-e5ae-4940-80ab-906dc539d5e1
school_holiday,AD,Andorra,Easter holidays,2023-04-03,2023-04-14,True,,,,,26972af6-3640-4e4b-829f-5eebd71cc3b5
school_holiday,AD,Andorra,Pentecost holidays,2023-05-29,2023-05-30,True,,,,,68d38945-250d-406d-9ada-30965cac1434
school_holiday,AD,Andorra,Summer holidays,2023-07-01,2023-09-10,True,,,,,b716eaaa-4761-416f-96b3-ace40f50f333
school_holiday,AD,Andorra,All Saints Holidays,2023-10-30,2023-11-03,True,,,,,1bc948db-a42f-40db-9143-8b5b4975d89b
school_holiday,AD,Andorra,Christmas holidays,2023-12-25,2024-01-05,True,,,,,be541d60-2dd2-4ec6-8a26-b17a2871193a
school_holiday,AD,Andorra,Carnival holidays,2024-02-12,2024-02-16,True,,,,,2796de55-dfc4-4514-8f58-83e58fd552f7
school_holiday,AD,Andorra,Easter holidays,2024-03-28,2024-04-05,True,,,,,868bf969-d047-49c3-b41c-d86386ac14c2
school_holiday,AD,Andorra,Pentecost holidays,2024-05-20,2024-05-24,True,,,,,067347f7-5b67-4692-98da-1bd2d525dab3
school_holiday,AD,Andorra,Summer holidays,2024-06-29,2024-09-08,True,,,,,518dad6d-41ee-4441-8faa-719bddc7d5fc
school_holiday,AD,Andorra,All Saints Holidays,2024-10-28,2024-11-01,True,,,,,87c108a6-d06b-4f40-8525-d1d72645bde1
school_holiday,AD,Andorra,Christmas holidays,2024-12-23,2025-01-06,True,,,,,3ee86069-bc75-4969-a5b5-59cf3812c066
school_holiday,AD,Andorra,Carnival holidays,2025-02-24,2025-03-03,True,,,,,0cb41803-01eb-4d40-b666-945cd0a6640f
school_holiday,AD,Andorra,Easter holidays,2025-04-17,2025-05-02,True,,,,,28952c58-fd81-4407-a663-ae5fd2c175fd
school_holiday,AD,Andorra,Pentecost holidays,2025-06-09,2025-06-09,True,,,,,fe1ef493-6963-4abf-a834-1d68763686a6
school_holiday,AD,Andorra,Summer holidays,2025-07-01,2025-09-08,True,,,,,d13c21f9-8920-4e5e-a3f7-f254e96bc3dc
school_holiday,AD,Andorra,All Saints Holidays,2025-10-27,2025-10-31,True,,,,,7bac1d44-92f6-479f-af6d-5c66dfab7325
school_holiday,AD,Andorra,Christmas holidays,2025-12-22,2026-01-06,True,,,,,765668d7-61aa-46e3-a374-9afc4af24138
public_holiday,AD,Andorra,New Year's Day,2026-01-01,2026-01-01,True,,,,,63c01fe7-a888-418a-859a-697682e2cf7e
public_holiday,AD,Andorra,Epiphany,2026-01-06,2026-01-06,True,,,,,f9098395-cda4-40a8-aced-7d6853133b38
public_holiday,AD,Andorra,Carnival,2026-02-16,2026-02-16,True,,,,,d29c21c0-5a9e-432e-924c-935585ebfc49
public_holiday,AD,Andorra,Constitution Day,2026-03-14,2026-03-14,True,,,,,41456cd4-71ad-4602-9eba-976728798b54
public_holiday,AD,Andorra,Good Friday,2026-04-03,2026-04-03,True,,,,,2c7dd144-af66-496b-95b5-61937b42582c
public_holiday,AD,Andorra,Easter Monday,2026-04-06,2026-04-06,True,,,,,f1d403e7-b133-4d12-9cd2-a02482830211
public_holiday,AD,Andorra,Labour Day,2026-05-01,2026-05-01,True,,,,,1ab20a92-6c29-4cc9-ad2b-37276dd74146
public_holiday,AD,Andorra,Pentecost Monday,2026-05-25,2026-05-25,True,,,,,78a3a5f5-3e4c-46d1-81e5-ffd9e63c4522
public_holiday,AD,Andorra,Assumption Day,2026-08-15,2026-08-15,True,,,,,4248c173-1090-48b5-9fc2-9c9fb498dd74
public_holiday,AD,Andorra,National Holiday,2026-09-08,2026-09-08,True,,,,,b4fb581b-b7ba-4bb4-87de-2a20b95dddbe
public_holiday,AD,Andorra,All Saints' Day,2026-11-01,2026-11-01,True,,,,,223a7c99-6f2f-4906-931e-ecb29b317af6
public_holiday,AD,Andorra,Immaculate Conception,2026-12-08,2026-12-08,True,,,,,0e97ce0d-b679-4aa5-9c56-64dd92125c72
public_holiday,AD,Andorra,Christmas Day,2026-12-25,2026-12-25,True,,,,,0fd1e575-e981-43d4-b7d9-2c2a8c8a985f
public_holiday,AD,Andorra,St. Stephen's Day,2026-12-26,2026-12-26,True,,,,,f8474fc2-7817-4fe7-86a8-17a22d99b5ae
public_holiday,AD,Andorra,New Year's Day,2027-01-01,2027-01-01,True,,,,,d1887bdd-5d56-41d3-8d3f-fcb5525679f1
public_holiday,AD,Andorra,Epiphany,2027-01-06,2027-01-06,True,,,,,00289322-37d5-4011-aaa8-1b43011251f6
public_holiday,AD,Andorra,Carnival,2027-02-08,2027-02-08,True,,,,,9246a70d-5758-4689-adfd-2fcfa1fc2c8c
public_holiday,AD,Andorra,Constitution Day,2027-03-14,2027-03-14,True,,,,,b3f812ef-f20c-4e8a-8dae-873afd6a7622
public_holiday,AD,Andorra,Good Friday,2027-03-26,2027-03-26,True,,,,,84c3a3f5-9cbe-4d02-9730-d8fa779515bc
public_holiday,AD,Andorra,Easter Monday,2027-03-29,2027-03-29,True,,,,,4895035c-c5f9-40e5-a832-e23643e48252
public_holiday,AD,Andorra,Labour Day,2027-05-01,2027-05-01,True,,,,,67dd6233-a82f-43d3-aa7b-13260f015dd5
public_holiday,AD,Andorra,Pentecost Monday,2027-05-17,2027-05-17,True,,,,,ade50a59-791a-4ee6-91e2-40f1cbdb92bf
public_holiday,AD,Andorra,Assumption Day,2027-08-15,2027-08-15,True,,,,,974970df-90e2-4507-b15e-a31a8721ebb8
public_holiday,AD,Andorra,National Holiday,2027-09-08,2027-09-08,True,,,,,3b46a176-3c2b-493a-bd03-4cbc2b0f2eb9
public_holiday,AD,Andorra,All Saints' Day,2027-11-01,2027-11-01,True,,,,,dcb5faf3-8f87-4e28-a784-d4daa6cd90d8
public_holiday,AD,Andorra,Immaculate Conception,2027-12-08,2027-12-08,True,,,,,3baf60e6-4fe5-403e-b6ec-1cadf0698a45
public_holiday,AD,Andorra,Christmas Day,2027-12-25,2027-12-25,True,,,,,3c9757d5-2d19-478f-9204-a4883e1e98db
public_holiday,AD,Andorra,St. Stephen's Day,2027-12-26,2027-12-26,True,,,,,4ebd05e0-0d7a-42d4-b8d5-9daefa5e81a8
school_holiday,AD,Andorra,Carnival holidays,2026-02-16,2026-02-20,True,,,,,5873fd72-ee6c-474d-8be8-7212bcc80058
school_holiday,AD,Andorra,Easter holidays,2026-03-30,2026-04-10,True,,,,,6d10ed38-fd22-4ab3-89ea-1f1c864ecfda
school_holiday,AD,Andorra,Pentecost holidays,2026-05-25,2026-05-29,True,,,,,d7bcf9f6-b7a8-43a8-b69c-7012e2fbb7a4
school_holiday,AD,Andorra,Summer holidays,2026-07-04,2026-09-08,True,,,,,75170ff7-dc21-41b3-9c8e-a0873d56c1a3
school_holiday,AD,Andorra,All Saints Holidays,2026-10-26,2026-10-30,True,,,,,de45d36e-b7f6-4584-a340-35124257ea1e
school_holiday,AD,Andorra,Christmas holidays,2026-12-23,2027-01-06,True,,,,,41c298af-f3b6-4a5c-897f-dc8c8d87c851
school_holiday,AD,Andorra,Carnival holidays,2027-02-08,2027-02-12,True,,,,,b25886d3-1a8b-4ce4-aa7e-f4ca5edf54a1
school_holiday,AD,Andorra,Easter holidays,2027-03-22,2027-04-02,True,,,,,0eac04f4-5440-40f5-8c2b-a98d6f196839
school_holiday,AD,Andorra,Pentecost holidays,2027-05-17,2027-05-21,True,,,,,63716df6-901d-4952-9bd4-37779aa575eb
school_holiday,AD,Andorra,End of lessons,2027-07-02,2027-07-02,True,,,,,92d7fb8d-89d6-4f6a-800c-a7db4800753f
public_holiday,AL,Albania,New Year's Day,2023-01-01,2023-01-01,True,,,,,c2451eee-dab7-4317-8f95-f9b8916dd6ba
public_holiday,AL,Albania,New Year's Day Holiday,2023-01-02,2023-01-02,True,,,,,a36e539b-865c-4f58-bf6c-d66191b416f2
public_holiday,AL,Albania,Summer Day,2023-03-14,2023-03-14,True,,,,,b89e1ab2-fcaf-4ec4-ac1f-b70f09ad6982
public_holiday,AL,Albania,Nowruz (Persian New Year),2023-03-22,2023-03-22,True,,,,,1f34eedc-af2f-4f7b-ac07-5e607f9747ee
public_holiday,AL,Albania,Easter Sunday,2023-04-09,2023-04-09,True,,,,,9773e307-95c8-4a36-b1d1-01465f1e4a34
public_holiday,AL,Albania,Easter Monday,2023-04-10,2023-04-10,True,,,,,fbb97161-84ce-4549-837a-1789c612a277
public_holiday,AL,Albania,Orthodox Easter Sunday,2023-04-16,2023-04-16,True,,,,,80fe1c57-c056-44b0-840f-73e5453139ed
public_holiday,AL,Albania,Orthodox Easter Monday,2023-04-17,2023-04-17,True,,,,,e1041de6-cbb7-4c03-aa79-996abec33ab2
public_holiday,AL,Albania,Eid al-Fitr (Holiday of Breaking the Fast),2023-04-21,2023-04-21,True,,,,,476f2329-6032-419c-a953-64e9df13ec39
public_holiday,AL,Albania,Labour Day,2023-05-01,2023-05-01,True,,,,,ba171515-91f3-4dff-85ed-7aa372268349
public_holiday,AL,Albania,Eid ul-Adha (Feast of Sacrifice),2023-06-28,2023-06-28,True,,,,,7b34ef73-b77d-4327-ae48-40d3a6875b10
public_holiday,AL,Albania,Mother Teresa Day,2023-10-19,2023-10-19,True,,,,,8adc8b6b-9cbb-4bca-a9b8-0a688e54c195
public_holiday,AL,Albania,Flag and Independence Day,2023-11-28,2023-11-28,True,,,,,79c598bd-93d8-44b4-b2d6-bb3af15741d7
public_holiday,AL,Albania,Liberation Day,2023-11-29,2023-11-29,True,,,,,16b4d6d8-6c96-40c6-9bd6-b2df6b3c2b0f
public_holiday,AL,Albania,Youth Day,2023-12-08,2023-12-08,True,,,,,4b10c582-d2d8-4312-8cfd-47586564a422
public_holiday,AL,Albania,Christmas Day,2023-12-25,2023-12-25,True,,,,,4a55516b-d8c5-4ff8-8953-605540f5365f
public_holiday,AL,Albania,New Year's Day,2024-01-01,2024-01-01,True,,,,,521ccb33-202c-4951-933b-53aa4f785610
public_holiday,AL,Albania,New Year's Day Holiday,2024-01-02,2024-01-02,True,,,,,5be21c66-f9e3-4863-80a3-9330f955518c
public_holiday,AL,Albania,Summer Day,2024-03-14,2024-03-14,True,,,,,a108f733-f8f5-47d2-901c-bacc408ab832
public_holiday,AL,Albania,Nowruz (Persian New Year),2024-03-22,2024-03-22,True,,,,,a36a31c2-2227-4fc1-89cb-f0239f5d7ecd
public_holiday,AL,Albania,Easter Sunday,2024-03-31,2024-03-31,True,,,,,d6a8d8ac-9fc4-4931-ac81-411a01002aae
public_holiday,AL,Albania,Easter Monday,2024-04-01,2024-04-01,True,,,,,e70d46ea-0903-4d6a-899f-ec12619c92c4
public_holiday,AL,Albania,Eid al-Fitr (Holiday of Breaking the Fast),2024-04-10,2024-04-10,True,,,,,bd752b4f-1b5c-4dd9-b9e7-f303b225cf7b
public_holiday,AL,Albania,Labour Day,2024-05-01,2024-05-01,True,,,,,ee0b1110-0f6c-4e61-b58b-4e2c5dff87cf
public_holiday,AL,Albania,Orthodox Easter Sunday,2024-05-05,2024-05-05,True,,,,,ae4b6c0f-68ce-4743-a6d8-8630d134f8b7
public_holiday,AL,Albania,Orthodox Easter Monday,2024-05-06,2024-05-06,True,,,,,e642bae6-94dc-4031-8385-f24a1bdacd59
public_holiday,AL,Albania,Eid ul-Adha (Feast of Sacrifice),2024-06-16,2024-06-16,True,,,,,a4f71121-4e80-4f81-91e7-ea4096bb2400
public_holiday,AL,Albania,Mother Teresa Day,2024-10-21,2024-10-21,True,,,,,169a8cb8-8809-4ec8-bc71-bc524a1a5403
public_holiday,AL,Albania,Flag and Independence Day,2024-11-28,2024-11-28,True,,,,,769edb8d-73c8-41eb-a5c8-c57d72abe0ce
public_holiday,AL,Albania,Liberation Day,2024-11-29,2024-11-29,True,,,,,ee1a9c17-e226-4096-b826-e852d60845a6
public_holiday,AL,Albania,Youth Day,2024-12-09,2024-12-09,True,,,,,1af34de1-5ec8-40c3-a246-6d57cb34af10
public_holiday,AL,Albania,Christmas Day,2024-12-25,2024-12-25,True,,,,,04eb3b92-c5ed-4377-b949-79856581e39f
public_holiday,AL,Albania,New Year's Day,2025-01-01,2025-01-01,True,,,,,1992ad5f-253c-41da-b8df-4dc94b9f91af
public_holiday,AL,Albania,New Year's Day Holiday,2025-01-02,2025-01-02,True,,,,,7a29766d-b964-499c-87f3-8896c3b8690b
public_holiday,AL,Albania,Summer Day,2025-03-14,2025-03-14,True,,,,,bdb6c338-22a3-4df3-95ae-55f57e6df1e8
public_holiday,AL,Albania,Nowruz (Persian New Year),2025-03-24,2025-03-24,True,,,,,4c14cc0e-9399-43cb-9ad9-072e2ab1aebb
public_holiday,AL,Albania,Eid al-Fitr (Holiday of Breaking the Fast),2025-03-30,2025-03-30,True,,,,,6b4f13e9-c160-4650-9147-a65e29569fb1
public_holiday,AL,Albania,Easter Sunday,2025-04-20,2025-04-20,True,,,,,b8f6ae86-b255-4596-bc47-b1c3294467cf
public_holiday,AL,Albania,Orthodox Easter Sunday,2025-04-20,2025-04-20,True,,,,,cb16d02f-7877-4eb4-87ba-630bff3c5861
public_holiday,AL,Albania,Easter Monday,2025-04-21,2025-04-21,True,,,,,43bfb92b-26bd-4e49-ab7b-6b12d0d35991
public_holiday,AL,Albania,Orthodox Easter Monday,2025-04-21,2025-04-21,True,,,,,a38ab861-b594-446b-a206-5344d104f8fd
public_holiday,AL,Albania,Labour Day,2025-05-01,2025-05-01,True,,,,,eab82054-e361-4a9c-bdd6-cf3fb52a4433
public_holiday,AL,Albania,Eid ul-Adha (Feast of Sacrifice),2025-06-06,2025-06-06,True,,,,,9735cf52-1bcd-49e7-b67a-d314c9997248
public_holiday,AL,Albania,Mother Teresa Day,2025-10-20,2025-10-20,True,,,,,d0631383-d473-46f1-b962-e6f94901fc25
public_holiday,AL,Albania,Flag and Independence Day,2025-11-28,2025-11-28,True,,,,,ef0d8866-3227-4e67-9493-6f942b1fccd7
public_holiday,AL,Albania,Liberation Day,2025-12-01,2025-12-01,True,,,,,79435ec8-52d1-429e-b724-0a1d8e85653f
public_holiday,AL,Albania,Youth Day,2025-12-08,2025-12-08,True,,,,,ece8671f-72ac-4648-9418-a0729ff485d1
public_holiday,AL,Albania,Christmas Day,2025-12-25,2025-12-25,True,,,,,ad7911e1-c982-4fcd-a86c-5ae66c4deb4b
school_holiday,AL,Albania,Christmas holidays,2022-12-26,2023-01-04,True,,,,,5b579a43-e456-4e68-a1cd-43ccdfc9a707
school_holiday,AL,Albania,Spring holidays,2023-04-03,2023-04-09,True,,,,,e9618e29-8d46-4b7c-9c63-3efc5b4c29a1
school_holiday,AL,Albania,Summer holidays,2023-06-15,2023-09-10,True,,,,,3a9a8843-d1db-448f-9c2b-27324e1f1440
school_holiday,AL,Albania,Christmas holidays,2023-12-26,2024-01-05,True,,,,,b2277fb3-5fb6-40a2-8e9f-6b768c8d34e4
school_holiday,AL,Albania,Spring holidays,2024-04-01,2024-04-05,True,,,,,d37c6ecc-b0be-48d2-b77a-6681e97677f5
school_holiday,AL,Albania,Summer holidays,2024-06-14,2024-09-08,True,,,,,eac852e3-ca1a-4e61-942d-aae6960fd956
school_holiday,AL,Albania,Christmas holidays,2024-12-23,2025-01-03,True,,,,,874845ad-3186-47cf-8a7b-c586bc24b9e4
school_holiday,AL,Albania,Spring holidays,2025-03-31,2025-04-04,True,,,,,672b4f64-f582-4111-9ef0-6b4314d869ad
school_holiday,AL,Albania,Summer holidays,2025-06-13,2025-09-08,True,,,,,ff690169-a86c-4751-bcb9-54ac820b4898
school_holiday,AL,Albania,Christmas holidays,2025-12-22,2026-01-02,True,,,,,307ae188-5b47-4451-9482-457fdfca26db
public_holiday,AL,Albania,New Year's Day,2026-01-01,2026-01-01,True,,,,,4c6e7080-eea3-4a00-b155-785bc64f5b32
public_holiday,AL,Albania,New Year's Day Holiday,2026-01-02,2026-01-02,True,,,,,c2eccdb2-9d15-4f27-ae04-8b95f668c97b
public_holiday,AL,Albania,Summer Day,2026-03-16,2026-03-16,True,,,,,49142c35-7272-4b14-aa29-a57e619f14a5
public_holiday,AL,Albania,Eid al-Fitr (Holiday of Breaking the Fast),2026-03-20,2026-03-20,True,,,,,97773497-99f5-453f-8f2d-1d17e4ba318f
public_holiday,AL,Albania,Nowruz (Persian New Year),2026-03-23,2026-03-23,True,,,,,46495a5b-dfe0-47fc-8e33-94c8c2601888
public_holiday,AL,Albania,Easter Sunday,2026-04-05,2026-04-05,True,,,,,4d579082-300f-4c77-aeff-3453d05661df
public_holiday,AL,Albania,Easter Monday,2026-04-06,2026-04-06,True,,,,,56bce240-b976-41e4-8eec-819d59a8c827
public_holiday,AL,Albania,Orthodox Easter Sunday,2026-04-12,2026-04-12,True,,,,,27ef2514-5d7e-4b93-abbf-96d2d20f38e7
public_holiday,AL,Albania,Orthodox Easter Monday,2026-04-13,2026-04-13,True,,,,,14e6aec9-3dcc-49a5-b7f2-e4ab74031294
public_holiday,AL,Albania,Labour Day,2026-05-01,2026-05-01,True,,,,,fbbbf380-110a-4622-a18a-12b66e078b85
public_holiday,AL,Albania,Eid ul-Adha (Feast of Sacrifice),2026-05-26,2026-05-26,True,,,,,25d374cb-f634-4f40-8ced-576f6c197a52
public_holiday,AL,Albania,Mother Teresa Day,2026-10-19,2026-10-19,True,,,,,571403b0-1743-4488-80f7-fa03811577ab
public_holiday,AL,Albania,Flag and Independence Day,2026-11-30,2026-11-30,True,,,,,77166fe3-a1ff-46a7-af42-13ebb75d7e72
public_holiday,AL,Albania,Liberation Day,2026-11-30,2026-11-30,True,,,,,fb62715f-eacb-4873-b696-34594e6730e5
public_holiday,AL,Albania,Youth Day,2026-12-08,2026-12-08,True,,,,,9bb6dbb8-c894-4669-b35e-22c6ae90d0d2
public_holiday,AL,Albania,Christmas Day,2026-12-25,2026-12-25,True,,,,,cbda713e-b112-41d4-94c9-f0ee3075c47a
public_holiday,AL,Albania,New Year's Day,2027-01-01,2027-01-01,True,,,,,776e3387-6513-4489-942e-57b5760b3c4f
public_holiday,AL,Albania,New Year's Day Holiday,2027-01-04,2027-01-04,True,,,,,a884a4a7-a83b-4bc1-8d04-7bfbedf4503e
public_holiday,AL,Albania,Eid al-Fitr (Holiday of Breaking the Fast),2027-03-09,2027-03-09,True,,,,,a2525dbc-45b3-4b2b-b17a-f44367b1a6f1
public_holiday,AL,Albania,Summer Day,2027-03-15,2027-03-15,True,,,,,1c99ea2d-382a-4ccf-8714-08c716d13a85
public_holiday,AL,Albania,Nowruz (Persian New Year),2027-03-22,2027-03-22,True,,,,,42479940-9cfb-4035-a6a8-69b68718c807
public_holiday,AL,Albania,Easter Sunday,2027-03-28,2027-03-28,True,,,,,217a63c2-a040-44fc-8cf8-c34c42d80b53
public_holiday,AL,Albania,Easter Monday,2027-03-29,2027-03-29,True,,,,,8153b872-a2ea-486c-adfc-9e18ea241b96
public_holiday,AL,Albania,Labour Day,2027-05-01,2027-05-01,True,,,,,d2530bfd-1d11-483b-b778-fe51edc290a3
public_holiday,AL,Albania,Orthodox Easter Sunday,2027-05-02,2027-05-02,True,,,,,58af7908-2adc-4938-b99c-7524a0bcc65d
public_holiday,AL,Albania,Orthodox Easter Monday,2027-05-03,2027-05-03,True,,,,,26d67887-d3e1-476f-8735-86ccb2ca7627
public_holiday,AL,Albania,Eid ul-Adha (Feast of Sacrifice),2027-05-16,2027-05-16,True,,,,,29d88428-f829-4a5c-8caa-506f972a0211
public_holiday,AL,Albania,Mother Teresa Day,2027-10-19,2027-10-19,True,,,,,6346d3ea-4f86-465a-8c79-9d8af0fcf008
public_holiday,AL,Albania,Flag and Independence Day,2027-11-29,2027-11-29,True,,,,,1b559fc6-6ec4-42a0-975d-8d6a1ba25cf1
public_holiday,AL,Albania,Liberation Day,2027-11-29,2027-11-29,True,,,,,d661a35b-6fbe-44c3-b94a-7159d08d91f4
public_holiday,AL,Albania,Youth Day,2027-12-08,2027-12-08,True,,,,,ea69f4ec-5796-4edc-b72a-3547f68a9aa0
public_holiday,AL,Albania,Christmas Day,2027-12-27,2027-12-27,True,,,,,0bde8613-bb14-4f6d-8760-ff7af907b7f4
school_holiday,AL,Albania,Spring holidays,2026-03-30,2026-04-03,True,,,,,af6073d1-98ec-4242-9a93-165d2ea98fe1
school_holiday,AL,Albania,"End of lessons""",2026-06-13,2026-06-13,True,,,,,34e50e69-e4ca-4fa1-93e4-dc9c56102c23
public_holiday,AT,Austria,New Year's Day,2023-01-01,2023-01-01,True,,,,,13f3463d-9e9f-4605-aeab-f4d9733d7bd7
public_holiday,AT,Austria,Epiphany,2023-01-06,2023-01-06,True,,,,,89cba73b-bb5d-44dd-b6ef-bead84113a54
public_holiday,AT,Austria,Easter Monday,2023-04-10,2023-04-10,True,,,,,d7ae58b2-52dc-49ee-a28b-d7e466373b46
public_holiday,AT,Austria,Labour Day,2023-05-01,2023-05-01,True,,,,,4f311896-f8c4-4a51-8ae7-9c44cce3aebd
public_holiday,AT,Austria,Ascension Day,2023-05-18,2023-05-18,True,,,,,edfb9aa1-d3d4-4254-8193-fbb5a3b128fe
public_holiday,AT,Austria,Pentecost Monday,2023-05-29,2023-05-29,True,,,,,75752dda-09d2-49b1-8a32-1f58d5a6ba98
public_holiday,AT,Austria,Corpus Christi,2023-06-08,2023-06-08,True,,,,,b8ab997a-3d53-4dd7-8ae9-70cfddd4a9b3
public_holiday,AT,Austria,Assumption Day,2023-08-15,2023-08-15,True,,,,,df81ac6e-9121-45a3-9f8f-140a10e6d8af
public_holiday,AT,Austria,National Day,2023-10-26,2023-10-26,True,,,,,d3f24660-4d65-4eed-aedb-8dc999a4689f
public_holiday,AT,Austria,All Saints' Day,2023-11-01,2023-11-01,True,,,,,bb943eee-7ee6-4db4-9068-9c25cde7df48
public_holiday,AT,Austria,Immaculate Conception,2023-12-08,2023-12-08,True,,,,,0e060c5c-4452-4f5d-b5a1-9fc78fcf601e
public_holiday,AT,Austria,Christmas Day,2023-12-25,2023-12-25,True,,,,,25f24e1d-6b6e-4595-bca0-d71fb09e93aa
public_holiday,AT,Austria,St Stephen's Day,2023-12-26,2023-12-26,True,,,,,343be03f-a32d-493d-8738-121c81d6a740
public_holiday,AT,Austria,New Year's Day,2024-01-01,2024-01-01,True,,,,,459b6476-390b-47d9-a7a3-b8ab6981c89c
public_holiday,AT,Austria,Epiphany,2024-01-06,2024-01-06,True,,,,,1fdcabcf-d0e5-4292-9c50-269212ae816f
public_holiday,AT,Austria,Easter Monday,2024-04-01,2024-04-01,True,,,,,0af5ed5b-82b2-4dec-a9b1-ce7afb43ce70
public_holiday,AT,Austria,Labour Day,2024-05-01,2024-05-01,True,,,,,0c4e6080-f370-48e8-b5bc-dd4e6c63afa8
public_holiday,AT,Austria,Ascension Day,2024-05-09,2024-05-09,True,,,,,3bbc4bc2-bd41-4106-a53e-b0f94feb3250
public_holiday,AT,Austria,Pentecost Monday,2024-05-20,2024-05-20,True,,,,,24ec3138-a2ec-4a8c-ac5a-e9965335708f
public_holiday,AT,Austria,Corpus Christi,2024-05-30,2024-05-30,True,,,,,4686e78e-48ee-49c5-9ee8-9993ec090af8
public_holiday,AT,Austria,Assumption Day,2024-08-15,2024-08-15,True,,,,,07b5eebb-086e-4a39-80e2-863998e3222a
public_holiday,AT,Austria,National Day,2024-10-26,2024-10-26,True,,,,,2dab52d5-5616-48ec-951d-0487b327379c
public_holiday,AT,Austria,All Saints' Day,2024-11-01,2024-11-01,True,,,,,d5911302-7987-429c-bfdc-7b35a9c220f2
public_holiday,AT,Austria,Immaculate Conception,2024-12-08,2024-12-08,True,,,,,f201d2b8-94c8-4bdb-89b4-f771082a48e7
public_holiday,AT,Austria,Christmas Day,2024-12-25,2024-12-25,True,,,,,16643be7-3aba-43db-a97c-51b90ab399c6
public_holiday,AT,Austria,St Stephen's Day,2024-12-26,2024-12-26,True,,,,,0ff5182c-0823-4ddf-a0cd-866316059862
public_holiday,AT,Austria,New Year's Day,2025-01-01,2025-01-01,True,,,,,cef22e93-5c4c-4642-a747-977488669701
public_holiday,AT,Austria,Epiphany,2025-01-06,2025-01-06,True,,,,,00ecd3bc-36e1-41fa-a63f-87bd77205857
public_holiday,AT,Austria,Easter Monday,2025-04-21,2025-04-21,True,,,,,bd8dc862-9256-4024-a23e-0420acb32436
public_holiday,AT,Austria,Labour Day,2025-05-01,2025-05-01,True,,,,,9f0c8a7c-8a0f-4c6e-b0dc-69c8b1bde915
public_holiday,AT,Austria,Ascension Day,2025-05-29,2025-05-29,True,,,,,78a625ae-df4a-4603-a05b-4368c1c2484e
public_holiday,AT,Austria,Pentecost Monday,2025-06-09,2025-06-09,True,,,,,1989b6e5-0894-4be7-a4e0-a682cc63d638
public_holiday,AT,Austria,Corpus Christi,2025-06-19,2025-06-19,True,,,,,596ab61d-6ce7-42a0-9b7f-437e7dcdcbcc
public_holiday,AT,Austria,Assumption Day,2025-08-15,2025-08-15,True,,,,,b2e2683d-2965-482a-8a62-83f72d4bcd0f
public_holiday,AT,Austria,National Day,2025-10-26,2025-10-26,True,,,,,15309af7-875d-4487-bbf0-39c0aaba45af
public_holiday,AT,Austria,All Saints' Day,2025-11-01,2025-11-01,True,,,,,13545866-19b2-4a20-8e8a-b4281bf66426
public_holiday,AT,Austria,Immaculate Conception,2025-12-08,2025-12-08,True,,,,,8453792b-0a4a-4b34-ba8d-4e0d0f870473
public_holiday,AT,Austria,Christmas Day,2025-12-25,2025-12-25,True,,,,,2ad705aa-662e-4c5c-8652-5632aa3e3a73
public_holiday,AT,Austria,St Stephen's Day,2025-12-26,2025-12-26,True,,,,,c3759a9f-3547-46d7-a816-cf105b579d5b
school_holiday,AT,Austria,Christmas Holidays,2022-12-24,2023-01-06,True,,,,,a0c1fe95-4cdb-49d1-834e-5489c6c2dc69
school_holiday,AT,Austria,Semester Holidays,2023-02-06,2023-02-11,False,,AT-WI|AT-NÖ,,,90f7264c-d029-48e9-a2a4-e29202150e33
school_holiday,AT,Austria,Semester Holidays,2023-02-13,2023-02-18,False,,AT-KÄ|AT-VA|AT-TI|AT-BL|AT-SB,,,9246ea6e-41c7-4875-a9f6-dd0ca12fa2f0
school_holiday,AT,Austria,Semester Holidays,2023-02-20,2023-02-25,False,,AT-OÖ|AT-SM,,,5a92bff7-1869-42fd-a320-7001d6b6b7a3
school_holiday,AT,Austria,Saint Joseph's Day,2023-03-19,2023-03-19,False,,AT-KÄ|AT-VA|AT-TI|AT-SM,,,271acad0-b991-4bc0-b637-a7bd608f1b91
school_holiday,AT,Austria,Easter Holidays,2023-04-01,2023-04-10,True,,,,,7063d406-2b4e-41c2-9c57-96cbf4e6433d
school_holiday,AT,Austria,Saint Florian's Day,2023-05-04,2023-05-04,False,,AT-OÖ,,,4e2fdc01-2144-4b5e-b6ef-e86d62d64257
school_holiday,AT,Austria,Pentecost Holidays,2023-05-27,2023-05-29,True,,,,,8d915572-6461-4119-813b-52e88f969b3e
school_holiday,AT,Austria,Summer Holidays,2023-07-01,2023-09-03,False,,AT-WI|AT-NÖ|AT-BL,,,c9d64458-eb88-42ed-9ace-11ac45e4a992
school_holiday,AT,Austria,Summer Holidays,2023-07-08,2023-09-10,False,,AT-KÄ|AT-OÖ|AT-VA|AT-TI|AT-SM|AT-SB,,,21a4e257-7dab-4833-b308-0ec5069ac158
school_holiday,AT,Austria,Saint Rupert's Day,2023-09-24,2023-09-24,False,,AT-SB,,,a4f66787-7be4-489f-ad15-dc2aef121a01
school_holiday,AT,Austria,Autumn Holidays,2023-10-27,2023-10-31,True,,,,,035d1365-758e-49af-b8df-e9e28192999b
school_holiday,AT,Austria,All Souls' Day,2023-11-02,2023-11-02,True,,,,,58d68a7c-1546-46fc-811a-65183fc6491d
school_holiday,AT,Austria,Saint Martin's Day,2023-11-11,2023-11-11,False,,AT-BL,,,86a66ece-e98f-4781-bc9d-3c28c5715c2c
school_holiday,AT,Austria,Saint Leopold's Day,2023-11-15,2023-11-15,False,,AT-WI|AT-NÖ,,,9fcc9470-d612-405b-ab28-06f7aafc6a39
school_holiday,AT,Austria,Christmas Holidays,2023-12-23,2024-01-06,True,,,,,c0a6ae60-9107-4168-8ee1-2ce46fa24097
school_holiday,AT,Austria,Semester Holidays,2024-02-05,2024-02-10,False,,AT-VA|AT-WI|AT-NÖ,,,e83230fa-1dd6-4103-af9f-d38d1c7b2878
school_holiday,AT,Austria,Semester Holidays,2024-02-12,2024-02-17,False,,AT-KÄ|AT-TI|AT-BL|AT-SB,,,330186d7-2213-4d2a-9f07-2b4c57dd5339
school_holiday,AT,Austria,Semester Holidays,2024-02-19,2024-02-24,False,,AT-OÖ|AT-SM,,,1040fa90-5ce5-4dd7-9c75-b2b29e1c149d
school_holiday,AT,Austria,Saint Joseph's Day,2024-03-19,2024-03-19,False,,AT-KÄ|AT-VA|AT-TI|AT-SM,,,bb8e2e20-53a1-4b28-8b88-be32057d71bf
school_holiday,AT,Austria,Easter Holidays,2024-03-23,2024-04-01,True,,,,,cdd675eb-7a8c-4565-b8c1-01e82df25e42
school_holiday,AT,Austria,Saint Florian's Day,2024-05-04,2024-05-04,False,,AT-OÖ,,,883490d3-0dfd-42cc-a8e4-7e6745417d51
school_holiday,AT,Austria,Pentecost Holidays,2024-05-18,2024-05-20,True,,,,,c8b94578-3b53-4a86-8a8a-14843f73e798
school_holiday,AT,Austria,Summer Holidays,2024-06-29,2024-09-01,False,,AT-WI|AT-NÖ|AT-BL,,,4d7f63e6-9cf9-42af-ad9f-5adecc861641
school_holiday,AT,Austria,Summer Holidays,2024-07-06,2024-09-08,False,,AT-KÄ|AT-OÖ|AT-VA|AT-TI|AT-SM|AT-SB,,,de6d9550-6819-4bb2-8b8e-9c0697572c82
school_holiday,AT,Austria,Saint Rupert's Day,2024-09-24,2024-09-24,False,,AT-SB,,,050dac48-126e-4473-929c-a169f6f35880
school_holiday,AT,Austria,Autumn Holidays,2024-10-28,2024-10-31,True,,,,,06fdc420-9efa-4751-accd-bd13d8e40278
school_holiday,AT,Austria,All Souls' Day,2024-11-02,2024-11-02,True,,,,,5bccc3bb-07a9-48ee-81e5-14e356a5f131
school_holiday,AT,Austria,Saint Martin's Day,2024-11-11,2024-11-11,False,,AT-BL,,,902621a0-b4c2-4a3f-baa9-fcb8cff9e127
school_holiday,AT,Austria,Saint Leopold's Day,2024-11-15,2024-11-15,False,,AT-WI|AT-NÖ,,,b3f77f3c-f4ba-4392-8552-01c2e6d7a27c
school_holiday,AT,Austria,Christmas Holidays,2024-12-24,2025-01-06,True,,,,,e3d0a97e-de38-4e5a-bdf0-c8c1ba7a6119
school_holiday,AT,Austria,Semester Holidays,2025-02-03,2025-02-08,False,,AT-WI|AT-NÖ,,,f819bb21-50a9-41da-8588-0d92b176e858
school_holiday,AT,Austria,Semester Holidays,2025-02-10,2025-02-15,False,,AT-KÄ|AT-VA|AT-TI|AT-BL|AT-SB,,,9346b0f5-74b0-489b-b719-fba6d87738df
school_holiday,AT,Austria,Semester Holidays,2025-02-17,2025-02-22,False,,AT-OÖ|AT-SM,,,c50dd649-e285-45f9-b730-b9f6d49fa459
school_holiday,AT,Austria,Saint Joseph's Day,2025-03-19,2025-03-19,False,,AT-KÄ|AT-VA|AT-TI|AT-SM,,,c795ba34-9346-4d77-956d-2bc4d36e4f15
school_holiday,AT,Austria,Easter Holidays,2025-04-12,2025-04-21,True,,,,,d97aa6f6-df49-45cd-9d3e-c030946169ce
school_holiday,AT,Austria,Saint Florian's Day,2025-05-04,2025-05-04,False,,AT-OÖ,,,0faf2f84-674a-47fb-9717-3be0508f48a5
school_holiday,AT,Austria,no school,2025-05-30,2025-05-30,False,,AT-TI,,,c0f9c1d2-3e2a-485c-9d3f-7a0cfe1f9b2c
school_holiday,AT,Austria,Pentecost Holidays,2025-06-07,2025-06-09,True,,,,,7ac56699-10ec-47d3-8e9c-995da7730fd8
school_holiday,AT,Austria,no school,2025-06-20,2025-06-20,False,,AT-TI,,,c0f9c1d2-2e2a-485c-9f48-d33b99cd1eb5
school_holiday,AT,Austria,Summer Holidays,2025-06-28,2025-08-31,False,,AT-WI|AT-NÖ|AT-BL,,,ceb65273-e2c6-40bf-bc4b-f48f99746887
school_holiday,AT,Austria,Summer Holidays,2025-07-05,2025-09-07,False,,AT-KÄ|AT-OÖ|AT-VA|AT-TI|AT-SM|AT-SB,,,cffb89a7-768c-456e-86fe-ec0590435fad
school_holiday,AT,Austria,Saint Rupert's Day,2025-09-24,2025-09-24,False,,AT-SB,,,3db5772e-a9e6-42f2-9cf2-99e4c5ef1c79
school_holiday,AT,Austria,Autumn Holidays,2025-10-27,2025-10-31,True,,,,,76f3fc33-8afa-4e97-9f48-df0a109bcf8e
school_holiday,AT,Austria,All Souls' Day,2025-11-02,2025-11-02,True,,,,,e82945db-0512-4d8b-8da6-e9321f77fd67
school_holiday,AT,Austria,Saint Martin's Day,2025-11-11,2025-11-11,False,,AT-BL,,,a927e523-1e7c-4c57-b886-d0937c620ea3
school_holiday,AT,Austria,Saint Leopold's Day,2025-11-15,2025-11-15,False,,AT-WI|AT-NÖ,,,087f0a19-633f-4082-82e2-eb0e52e1cc8c
school_holiday,AT,Austria,Christmas Holidays,2025-12-24,2026-01-06,True,,,,,7a034d2c-9044-44d6-956f-d9f6575480d0
public_holiday,AT,Austria,New Year's Day,2026-01-01,2026-01-01,True,,,,,efbb30b0-dc2b-4811-be55-55f735ef327a
public_holiday,AT,Austria,Epiphany,2026-01-06,2026-01-06,True,,,,,ff1fffac-8032-49a7-b832-4027b2355a81
public_holiday,AT,Austria,Easter Monday,2026-04-06,2026-04-06,True,,,,,7da0e458-e6cd-4ec1-841b-a4a3eab0156a
public_holiday,AT,Austria,Labour Day,2026-05-01,2026-05-01,True,,,,,c46e6270-bac3-440d-a9e6-6084fdfec89e
public_holiday,AT,Austria,Ascension Day,2026-05-14,2026-05-14,True,,,,,dde92072-c4dc-4f81-8ed2-080f008a80ec
public_holiday,AT,Austria,Pentecost Monday,2026-05-25,2026-05-25,True,,,,,64af6bc9-4b84-4dd5-9b34-71ffefd8fc1c
public_holiday,AT,Austria,Corpus Christi,2026-06-04,2026-06-04,True,,,,,8cf41544-6f99-4aa3-8cda-46f7482d787f
public_holiday,AT,Austria,Assumption Day,2026-08-15,2026-08-15,True,,,,,56d36bde-6797-44b6-8ae5-bc88976a777d
public_holiday,AT,Austria,National Day,2026-10-26,2026-10-26,True,,,,,51bc60e0-0af3-4472-8914-b91e523f2fde
public_holiday,AT,Austria,All Saints' Day,2026-11-01,2026-11-01,True,,,,,7ac1b0bc-b055-4ab2-8475-bb7372df3209
public_holiday,AT,Austria,Immaculate Conception,2026-12-08,2026-12-08,True,,,,,013361c4-75d8-44e8-87d6-557aa7cd789f
public_holiday,AT,Austria,Christmas Day,2026-12-25,2026-12-25,True,,,,,c2d59f2d-d1bf-42b5-bb2b-6fb9ed915025
public_holiday,AT,Austria,St Stephen's Day,2026-12-26,2026-12-26,True,,,,,f4d2c08f-98f5-42fc-b538-1197f90d2291
public_holiday,AT,Austria,New Year's Day,2027-01-01,2027-01-01,True,,,,,a8827fbc-587a-48b6-8fc9-25a1c9cf2f25
public_holiday,AT,Austria,Epiphany,2027-01-06,2027-01-06,True,,,,,886497b4-fac6-4ba5-a125-5dc21722866c
public_holiday,AT,Austria,Easter Monday,2027-03-29,2027-03-29,True,,,,,24aeeb53-cf6c-4dff-a037-a9e1b8e1dd17
public_holiday,AT,Austria,Labour Day,2027-05-01,2027-05-01,True,,,,,36b1b0be-724d-48d6-859a-38a172d6d2d4
public_holiday,AT,Austria,Ascension Day,2027-05-06,2027-05-06,True,,,,,ac4284ad-3206-48cb-8210-3cabf0066c80
public_holiday,AT,Austria,Pentecost Monday,2027-05-17,2027-05-17,True,,,,,7330c90c-2d91-4890-bdd8-9e629123a078
public_holiday,AT,Austria,Corpus Christi,2027-05-27,2027-05-27,True,,,,,fffe381b-c3e8-49a7-8f4e-7e82f66e4542
public_holiday,AT,Austria,Assumption Day,2027-08-15,2027-08-15,True,,,,,bbcfd76e-2f2a-4242-a8e9-45dc605f560c
public_holiday,AT,Austria,National Day,2027-10-26,2027-10-26,True,,,,,4a4acee4-50a5-4922-88ed-96b061dcadbe
public_holiday,AT,Austria,All Saints' Day,2027-11-01,2027-11-01,True,,,,,4ec3e240-f7ee-45ac-a5d0-72150dce4f0d
public_holiday,AT,Austria,Immaculate Conception,2027-12-08,2027-12-08,True,,,,,99c0bb93-f225-4820-80b0-db7987075a11
public_holiday,AT,Austria,Christmas Day,2027-12-25,2027-12-25,True,,,,,8ceee611-65b7-44c5-b845-a53a6186c452
public_holiday,AT,Austria,St Stephen's Day,2027-12-26,2027-12-26,True,,,,,4a0be396-7658-4848-bc48-fcd4eac80f1b
school_holiday,AT,Austria,Semester Holidays,2026-02-02,2026-02-07,False,,AT-WI|AT-NÖ,,,fb8316b8-b3ef-43b9-8927-5543582ababb
school_holiday,AT,Austria,Semester Holidays,2026-02-09,2026-02-14,False,,AT-KÄ|AT-VA|AT-TI|AT-BL|AT-SB,,,ae990287-bde4-47be-9860-0f601e7adf45
school_holiday,AT,Austria,Semester Holidays,2026-02-16,2026-02-21,False,,AT-OÖ|AT-SM,,,0e524064-e102-4524-9d20-d33b9fcd1eb5
school_holiday,AT,Austria,Saint Joseph's Day,2026-03-19,2026-03-19,False,,AT-KÄ|AT-VA|AT-TI|AT-SM,,,794a3f9c-b596-48d1-8833-e4bb6361cee4
school_holiday,AT,Austria,Easter Holidays,2026-03-28,2026-04-06,True,,,,,fd7ada74-ef0e-4713-b8d3-3227d1372061
school_holiday,AT,Austria,Saint Florian's Day,2026-05-04,2026-05-04,False,,AT-OÖ,,,77cfee64-73bb-4ab7-ab03-bcc73f4e6fe2
school_holiday,AT,Austria,Pentecost Holidays,2026-05-23,2026-05-25,True,,,,,65ce3d86-9eda-49d1-bef1-4c7816c1dc38
school_holiday,AT,Austria,Summer Holidays,2026-07-04,2026-09-06,False,,AT-WI|AT-NÖ|AT-BL,,,23a1b4df-9a6f-42d3-87b9-6d3eb51992cf
school_holiday,AT,Austria,Summer Holidays,2026-07-11,2026-09-13,False,,AT-KÄ|AT-OÖ|AT-VA|AT-TI|AT-SM|AT-SB,,,4414a62a-ea15-44ab-8105-1bb0db49187d
school_holiday,AT,Austria,Autumn Holidays,2026-10-27,2026-10-31,True,,,,,e4a58f13-ebe2-4b16-b09d-8c2cb5c487b7
school_holiday,AT,Austria,All Souls' Day,2026-11-02,2026-11-02,True,,,,,36ab14ad-27be-45f6-9f5e-ec47a76b04f6
school_holiday,AT,Austria,Christmas Holidays,2026-12-24,2027-01-06,True,,,,,38c3ddb0-251c-499e-b75a-aaeee7658080
school_holiday,AT,Austria,Semester Holidays,2027-01-30,2027-02-06,False,,AT-WI|AT-NÖ,,,9c8bb84f-2ddd-4cf6-bbb3-f5f9c0d233a6
school_holiday,AT,Austria,Semester Holidays,2027-02-08,2027-02-13,False,,AT-KÄ|AT-VA|AT-TI|AT-BL|AT-SB,,,fea5a95a-86f3-4fda-a997-167e905a412f
school_holiday,AT,Austria,Semester Holidays,2027-02-15,2027-02-20,False,,AT-OÖ|AT-SM,,,f6475dd0-da11-4e96-a7f0-966fb18e3a1b
school_holiday,AT,Austria,Saint Joseph's Day,2027-03-19,2027-03-19,False,,AT-KÄ|AT-VA|AT-TI|AT-SM,,,cfc36b9c-a13e-42fd-a848-ccd940b54c97
school_holiday,AT,Austria,Easter Holidays,2027-03-20,2027-03-29,True,,,,,1362d499-5a0d-415b-a139-7d7b1949b408
school_holiday,AT,Austria,Saint Florian's Day,2027-05-04,2027-05-04,False,,AT-OÖ,,,66e3532b-4cd4-43cb-9f34-94ad52d72c51
school_holiday,AT,Austria,Pentecost Holidays,2027-05-15,2027-05-17,True,,,,,8cfd7234-afa1-4569-93e0-0069a03b1bc0
school_holiday,AT,Austria,Summer Holidays,2027-07-03,2027-09-05,False,,AT-WI|AT-NÖ|AT-BL,,,eed130d6-f19c-4daf-b2e8-da1fbbd05e55
school_holiday,AT,Austria,Summer Holidays,2027-07-10,2027-09-12,False,,AT-KÄ|AT-OÖ|AT-VA|AT-TI|AT-SM|AT-SB,,,0dfd134f-4394-4ba0-af7a-5c658b9599aa
school_holiday,AT,Austria,Saint Rupert's Day,2027-09-24,2027-09-24,False,,AT-SB,,,e9435852-aca8-4498-9cfe-700674ae403e
school_holiday,AT,Austria,Autumn Holidays,2027-10-27,2027-10-31,True,,,,,e01b8cae-db57-4a67-9d80-d578589ab6a2
school_holiday,AT,Austria,All Souls' Day,2027-11-02,2027-11-02,True,,,,,42d63b0f-b1b5-468f-b142-c496a14a106f
school_holiday,AT,Austria,Saint Martin's Day,2027-11-11,2027-11-11,False,,AT-BL,,,b04aac99-4a8a-4685-ab93-58aa3b1154e5
school_holiday,AT,Austria,Saint Leopold's Day,2027-11-15,2027-11-15,False,,AT-WI|AT-NÖ,,,51c3f837-2909-48b8-a81a-4aa8c61a03f7
school_holiday,AT,Austria,Christmas Holidays,2027-12-24,2028-01-06,True,,,,,4203faf1-4379-4194-a1e5-ac52506b3bc8
public_holiday,BE,Belgium,New Year's Day,2023-01-01,2023-01-01,True,,,,,3d3fdf44-4e12-4a22-8c2a-943293871031
public_holiday,BE,Belgium,Easter,2023-04-09,2023-04-09,True,,,,,cc4bbf3a-e9fb-4a07-a3a5-32ed1a992f4e
public_holiday,BE,Belgium,Easter Monday,2023-04-10,2023-04-10,True,,,,,9d1a20b9-5ae8-4f45-9473-d59622e9327e
public_holiday,BE,Belgium,Labour Day,2023-05-01,2023-05-01,True,,,,,f9bc61d2-2f79-4aab-a4a0-44d984e03a6b
public_holiday,BE,Belgium,Ascension Day,2023-05-18,2023-05-18,True,,,,,34fe79fb-d513-42d0-8141-7bdf4e23a1ea
public_holiday,BE,Belgium,Pentecost,2023-05-28,2023-05-28,True,,,,,427ebbbd-67f1-4b22-a7b6-2feb1f0d3935
public_holiday,BE,Belgium,Pentecost Monday,2023-05-29,2023-05-29,True,,,,,b839037a-2587-4271-895f-56b356f0f73b
public_holiday,BE,Belgium,National Day,2023-07-21,2023-07-21,True,,,,,0fd14f87-fe8f-45c8-a3b5-fa01145bfb2b
public_holiday,BE,Belgium,Assumption Day,2023-08-15,2023-08-15,True,,,,,4760c29d-01e1-4e04-9063-fe8d47ba4761
public_holiday,BE,Belgium,All Saints Day,2023-11-01,2023-11-01,True,,,,,f0733c4b-b4a2-4d1b-bfca-60778732875f
public_holiday,BE,Belgium,Armistice Day,2023-11-11,2023-11-11,True,,,,,5c4cd8de-08fa-4ec0-9461-9309e50d8c6d
public_holiday,BE,Belgium,Christmas Day,2023-12-25,2023-12-25,True,,,,,bc1f0bcb-4956-459b-920a-2eae2b2ae5d8
public_holiday,BE,Belgium,New Year's Day,2024-01-01,2024-01-01,True,,,,,d3571b8a-8d12-42b7-9fd8-34ab6ba29af4
public_holiday,BE,Belgium,Easter,2024-03-31,2024-03-31,True,,,,,fc163490-cfaa-4dff-aada-a2dfffd80d40
public_holiday,BE,Belgium,Easter Monday,2024-04-01,2024-04-01,True,,,,,a353d8d7-5927-4992-8553-d16589803c54
public_holiday,BE,Belgium,Labour Day,2024-05-01,2024-05-01,True,,,,,f7f764d2-8291-4f8a-82c3-887891e58cf9
public_holiday,BE,Belgium,Ascension Day,2024-05-09,2024-05-09,True,,,,,ff3b1823-3b95-4f3b-a5e3-80f4bbd270d0
public_holiday,BE,Belgium,Pentecost,2024-05-19,2024-05-19,True,,,,,f7caeb89-3411-4c73-90fb-4e94948ab004
public_holiday,BE,Belgium,Pentecost Monday,2024-05-20,2024-05-20,True,,,,,cdbcac62-e2b7-41f3-83e0-b0db65cb982e
public_holiday,BE,Belgium,National Day,2024-07-21,2024-07-21,True,,,,,3e119382-f32d-40db-b432-8ed9bfa0f914
public_holiday,BE,Belgium,Assumption Day,2024-08-15,2024-08-15,True,,,,,84be67b7-5928-45bd-a9bb-617301ff6977
public_holiday,BE,Belgium,All Saints Day,2024-11-01,2024-11-01,True,,,,,988e1912-aac4-4448-ba39-449626fc3efc
public_holiday,BE,Belgium,Armistice Day,2024-11-11,2024-11-11,True,,,,,59e5de5f-ddb8-4c7d-bc48-b5c19f6d8c61
public_holiday,BE,Belgium,Christmas Day,2024-12-25,2024-12-25,True,,,,,0e4856e0-9bc8-4e2a-b1d5-9df666569fdf
public_holiday,BE,Belgium,New Year's Day,2025-01-01,2025-01-01,True,,,,,ce86dab3-99dd-404b-b874-c572914bf7f8
public_holiday,BE,Belgium,Easter,2025-04-20,2025-04-20,True,,,,,a75afd22-8aed-49bd-9b55-04666d454fe0
public_holiday,BE,Belgium,Easter Monday,2025-04-21,2025-04-21,True,,,,,bf2b1518-6be2-4b61-b387-bc5d72e3c2fe
public_holiday,BE,Belgium,Labour Day,2025-05-01,2025-05-01,True,,,,,2dae2e0c-bf77-4b6d-9956-a88e400ac504
public_holiday,BE,Belgium,Ascension Day,2025-05-29,2025-05-29,True,,,,,e2c5baff-1c75-4604-8413-b694a53459d8
public_holiday,BE,Belgium,Pentecost,2025-06-08,2025-06-08,True,,,,,ae6f662f-ed24-461b-9617-fea2ff906d45
public_holiday,BE,Belgium,Pentecost Monday,2025-06-09,2025-06-09,True,,,,,eab43344-466e-4e19-8886-3013bb77821a
public_holiday,BE,Belgium,National Day,2025-07-21,2025-07-21,True,,,,,22bc516a-0b83-454a-9fb8-71f6799d1f8e
public_holiday,BE,Belgium,Assumption Day,2025-08-15,2025-08-15,True,,,,,6c1155ac-5e3b-4d82-9f91-93eb7fa2977f
public_holiday,BE,Belgium,All Saints Day,2025-11-01,2025-11-01,True,,,,,78116c36-63ae-4320-a4cd-605cea760a59
public_holiday,BE,Belgium,Armistice Day,2025-11-11,2025-11-11,True,,,,,adebe2b2-2a40-42b1-861f-f112e46f42b3
public_holiday,BE,Belgium,Christmas Day,2025-12-25,2025-12-25,True,,,,,cbb3e717-90bc-4df1-8b72-e86f370f1284
school_holiday,BE,Belgium,Winter Holidays,2022-12-26,2023-01-08,False,,,BE-NL,,6632adf0-8ffa-4315-8038-f3abc5e5905e
school_holiday,BE,Belgium,Winter Holidays,2022-12-26,2023-01-08,False,,,BE-DE,,c082ea5e-6026-4799-817f-430c588d9f6c
school_holiday,BE,Belgium,Winter Holidays,2022-12-26,2023-01-06,False,,,BE-FR,,e6b7d59c-7d0e-455f-953b-9fdb4036385c
school_holiday,BE,Belgium,Carnival Holidays,2023-02-20,2023-03-03,False,,,BE-FR,,0dae1086-6f1a-46e3-aa0b-cf1f9ab3e96b
school_holiday,BE,Belgium,Carnival Holidays,2023-02-20,2023-02-26,False,,,BE-DE,,779229e6-bbb1-43ea-93a8-5a7f3418e3e1
school_holiday,BE,Belgium,Carnival Holidays,2023-02-20,2023-02-26,False,,,BE-NL,,9f9c3a67-0d0c-42bb-aff0-0747a6b1d3e9
school_holiday,BE,Belgium,Spring Holidays,2023-04-03,2023-04-16,False,,,BE-NL,,05b574c2-9e3f-45c5-814b-5ccc150a4e99
school_holiday,BE,Belgium,Spring Holidays,2023-04-03,2023-04-16,False,,,BE-DE,,570b27f9-c6bc-45f2-940a-dd7c866b60f9
school_holiday,BE,Belgium,Spring Holidays,2023-05-01,2023-05-12,False,,,BE-FR,,d7a1cdb0-7717-4fc9-8199-ca1368cd51b9
school_holiday,BE,Belgium,Summer Holidays,2023-07-01,2023-08-31,False,,,BE-NL,,3ee26ec9-432d-4eb4-bc3d-8b339b466471
school_holiday,BE,Belgium,Summer Holidays,2023-07-01,2023-08-31,False,,,BE-DE,,699ad4cf-84bd-4290-9645-96473a9f17f2
school_holiday,BE,Belgium,Summer Holidays,2023-07-08,2023-08-27,False,,,BE-FR,,e774eaa8-3de2-4d84-9690-4154e75a0e41
school_holiday,BE,Belgium,Day of the French-speaking Community,2023-09-27,2023-09-27,False,,,BE-FR,,8214949c-efa8-46f9-9ba6-087331a2ee61
school_holiday,BE,Belgium,All Saints Holidays,2023-10-23,2023-11-03,False,,,BE-FR,,2b4473eb-381d-418d-8bcb-cb14c2edf653
school_holiday,BE,Belgium,All Saints Holidays,2023-10-30,2023-11-05,False,,,BE-NL,,764a28f6-6a7e-4289-96bc-48217adc971d
school_holiday,BE,Belgium,All Saints Holidays,2023-10-30,2023-11-04,False,,,BE-DE,,fa4b690f-bbb9-4411-b288-c465050e3270
school_holiday,BE,Belgium,Day of the German-speaking Community,2023-11-15,2023-11-15,False,,,BE-DE,,9843e219-1651-4642-8260-519f957f55de
school_holiday,BE,Belgium,Winter Holidays,2023-12-25,2024-01-07,False,,,BE-NL,,0a3cb299-37e9-4d33-b05f-e5fbe158853f
school_holiday,BE,Belgium,Winter Holidays,2023-12-25,2024-01-06,False,,,BE-DE,,a3c4d894-6b44-4bd1-b899-c0bc41422733
school_holiday,BE,Belgium,Winter Holidays,2023-12-25,2024-01-05,False,,,BE-FR,,c2082a1a-0430-4728-8b1d-3b36cb23ee93
school_holiday,BE,Belgium,Carnival Holidays,2024-02-12,2024-02-17,False,,,BE-DE,,53554d19-3c21-4fc6-9b73-9508314dafdb
school_holiday,BE,Belgium,Carnival Holidays,2024-02-12,2024-02-18,False,,,BE-NL,,b79b67d3-33de-42e9-8eb0-f9dd5b2035e9
school_holiday,BE,Belgium,Carnival Holidays,2024-02-26,2024-03-08,False,,,BE-FR,,4a04ab04-0eff-4578-a76d-be518a6b217a
school_holiday,BE,Belgium,Spring Holidays,2024-04-01,2024-04-13,False,,,BE-DE,,0df67eb3-9d49-4131-aca4-002aaa713060
school_holiday,BE,Belgium,Spring Holidays,2024-04-01,2024-04-14,False,,,BE-NL,,185d1971-55d9-4e32-9338-ee08f5167aa4
school_holiday,BE,Belgium,Spring Holidays,2024-04-29,2024-05-10,False,,,BE-FR,,3ae2036f-292a-4884-b2f5-90d010784f7b
school_holiday,BE,Belgium,Summer Holidays,2024-06-29,2024-08-31,False,,,BE-DE,,1297be5b-dff0-404a-919c-433030628b91
school_holiday,BE,Belgium,Summer Holidays,2024-07-01,2024-08-31,False,,,BE-NL,,ddef1d51-1b5b-421c-bc8c-6ce58aeaaa8e
school_holiday,BE,Belgium,Summer Holidays,2024-07-06,2024-08-25,False,,,BE-FR,,4ed897cd-dd3c-4b7d-bed0-ccf75dc66715
school_holiday,BE,Belgium,Day of the French-speaking Community,2024-09-27,2024-09-27,False,,,BE-FR,,73ca7b3b-41d3-4b2d-8923-62337f86bd49
school_holiday,BE,Belgium,All Saints Holidays,2024-10-21,2024-11-03,False,,,BE-FR,,f00e0677-eb02-41d1-b617-81a5a408bc21
school_holiday,BE,Belgium,All Saints Holidays,2024-10-28,2024-11-03,False,,,BE-NL,,2d6d486c-4702-4dce-a89a-5189110ede33
school_holiday,BE,Belgium,All Saints Holidays,2024-10-28,2024-11-02,False,,,BE-DE,,53945148-da00-4a74-80e7-4da3b4480a14
school_holiday,BE,Belgium,Day of the German-speaking Community,2024-11-15,2024-11-15,False,,,BE-DE,,e08e0e04-9ba9-4360-ab60-fa61ac75311b
school_holiday,BE,Belgium,Winter Holidays,2024-12-23,2025-01-05,False,,,BE-NL,,6e3cce21-acfb-4793-9f9d-94384b179957
school_holiday,BE,Belgium,Winter Holidays,2024-12-23,2025-01-04,False,,,BE-DE,,af6453b3-118b-477d-810e-0a4e6c519e3d
school_holiday,BE,Belgium,Winter Holidays,2024-12-23,2025-01-05,False,,,BE-FR,,b8c62e6e-a7ae-45d6-8267-a0dc9b2d80b6
school_holiday,BE,Belgium,Carnival Holidays,2025-02-24,2025-03-09,False,,,BE-FR,,5717f165-f823-4099-bed7-4b93fd6f4c67
school_holiday,BE,Belgium,Carnival Holidays,2025-03-03,2025-03-09,False,,,BE-NL,,25b5f7fc-fdc2-4ef1-917d-be0e92a062ff
school_holiday,BE,Belgium,Carnival Holidays,2025-03-03,2025-03-08,False,,,BE-DE,,c62dde1e-be71-476f-9ecf-6abb1e73306b
school_holiday,BE,Belgium,Spring Holidays,2025-04-07,2025-04-21,False,,,BE-NL,,93ea7c9c-c3e4-4384-9c46-7cd3567f34f4
school_holiday,BE,Belgium,Spring Holidays,2025-04-21,2025-05-03,False,,,BE-DE,,b648c425-33c1-41f4-a399-fb6b0775dafe
school_holiday,BE,Belgium,Spring Holidays,2025-04-28,2025-05-11,False,,,BE-FR,,374b8c60-0cad-417f-9107-da66c3631573
school_holiday,BE,Belgium,Summer Holidays,2025-07-01,2025-08-31,False,,,BE-NL,,0c9782d3-ccea-4202-aba9-a3928ab54a16
school_holiday,BE,Belgium,Summer Holidays,2025-07-01,2025-08-31,False,,,BE-DE,,8e3a83cc-6c54-421b-bbe4-a49bef99c9dc
school_holiday,BE,Belgium,Summer Holidays,2025-07-05,2025-08-24,False,,,BE-FR,,fffc53ac-184b-46e9-8e64-e250ecc9e68a
school_holiday,BE,Belgium,Day of the French-speaking Community,2025-09-27,2025-09-27,False,,,BE-FR,,af6e58c4-9e66-4b9a-a2b8-1a2aa2277036
school_holiday,BE,Belgium,All Saints Holidays,2025-10-20,2025-11-02,False,,,BE-FR,,29e6b72e-8386-41cc-8a26-d92d26c3cd5c
school_holiday,BE,Belgium,All Saints Holidays,2025-10-27,2025-11-01,False,,,BE-DE,,d8751ed7-45cc-4a21-87ed-355cc82de70c
school_holiday,BE,Belgium,All Saints Holidays,2025-10-27,2025-11-02,False,,,BE-NL,,f90cf312-5617-4ef7-8717-2a402265709a
school_holiday,BE,Belgium,Day of the German-speaking Community,2025-11-15,2025-11-15,False,,,BE-DE,,eabe6428-fa34-4305-b337-815965fce3fd
school_holiday,BE,Belgium,Winter Holidays,2025-12-22,2026-01-03,False,,,BE-DE,,9f0a15f7-5904-42f0-b125-2864aa822a1b
school_holiday,BE,Belgium,Winter Holidays,2025-12-22,2026-01-04,False,,,BE-NL,,ba3be867-fcb7-4831-8bc7-bd99f3e6662b
school_holiday,BE,Belgium,Winter Holidays,2025-12-22,2026-01-04,False,,,BE-FR,,f516d3c2-3f68-4850-8336-08179d57e04b
public_holiday,BE,Belgium,New Year's Day,2026-01-01,2026-01-01,True,,,,,ed5688ab-e8f6-48e5-ba56-505962770355
public_holiday,BE,Belgium,Easter,2026-04-05,2026-04-05,True,,,,,54ce9b56-55bf-4a92-9134-c111bcbd1abf
public_holiday,BE,Belgium,Easter Monday,2026-04-06,2026-04-06,True,,,,,63ef9e69-f2d3-4165-9bc4-6bcf5e32a6a0
public_holiday,BE,Belgium,Labour Day,2026-05-01,2026-05-01,True,,,,,baa20ef3-b64a-417f-b42d-2cef313b2ef1
public_holiday,BE,Belgium,Ascension Day,2026-05-14,2026-05-14,True,,,,,ce16ed86-4327-42ea-b165-9f787258934b
public_holiday,BE,Belgium,Pentecost,2026-05-24,2026-05-24,True,,,,,48a27bde-b58d-4d42-bca5-7175db5dfe30
public_holiday,BE,Belgium,Pentecost Monday,2026-05-25,2026-05-25,True,,,,,fbaf2bb4-46fb-4320-8cf4-30b63744382a
public_holiday,BE,Belgium,National Day,2026-07-21,2026-07-21,True,,,,,f28f2051-d438-4a0f-952e-656bce7d984f
public_holiday,BE,Belgium,Assumption Day,2026-08-15,2026-08-15,True,,,,,a13dcc3e-2f9a-4752-af93-f2ba4715e8a5
public_holiday,BE,Belgium,All Saints Day,2026-11-01,2026-11-01,True,,,,,0fad0035-6b77-404a-953d-c66dac014483
public_holiday,BE,Belgium,Armistice Day,2026-11-11,2026-11-11,True,,,,,b1c5d2c0-edfb-4ec7-b81c-68b485497792
public_holiday,BE,Belgium,Christmas Day,2026-12-25,2026-12-25,True,,,,,d90e5f53-bc92-4860-bdae-f7e75935848d
public_holiday,BE,Belgium,New Year's Day,2027-01-01,2027-01-01,True,,,,,50263674-342f-40a2-b766-04838785bef2
public_holiday,BE,Belgium,Easter,2027-03-28,2027-03-28,True,,,,,fa2d43d6-cb04-4038-b58b-e24d05c55db7
public_holiday,BE,Belgium,Easter Monday,2027-03-29,2027-03-29,True,,,,,3276cc7a-461c-4e1f-82c2-62fc030dc88e
public_holiday,BE,Belgium,Labour Day,2027-05-01,2027-05-01,True,,,,,5778ed93-f03f-427b-a93c-2b1d45f52fff
public_holiday,BE,Belgium,Ascension Day,2027-05-06,2027-05-06,True,,,,,62d379f8-32f2-4e89-a4de-8e6201fb2c98
public_holiday,BE,Belgium,Pentecost,2027-05-16,2027-05-16,True,,,,,0a43f66e-b2e4-43ef-9b4d-ee554ae05674
public_holiday,BE,Belgium,Pentecost Monday,2027-05-17,2027-05-17,True,,,,,54323103-a61c-4bec-a8a0-5fc2dce02bf9
public_holiday,BE,Belgium,National Day,2027-07-21,2027-07-21,True,,,,,a568cedc-09ca-498c-8b17-cadf99447681
public_holiday,BE,Belgium,Assumption Day,2027-08-15,2027-08-15,True,,,,,b7175c3c-2357-4f50-a388-7db50e3f7e3c
public_holiday,BE,Belgium,All Saints Day,2027-11-01,2027-11-01,True,,,,,617a34fa-20e4-4a1b-a395-40b086410472
public_holiday,BE,Belgium,Armistice Day,2027-11-11,2027-11-11,True,,,,,96cfade2-b8b3-4178-95c0-0b0864005185
public_holiday,BE,Belgium,Christmas Day,2027-12-25,2027-12-25,True,,,,,ab2fcc8b-e597-4e22-b56f-61dba8876f14
school_holiday,BE,Belgium,Carnival Holidays,2026-02-16,2026-02-22,False,,,BE-NL,,31d3c123-6cba-47ed-9de7-a95338d39489
school_holiday,BE,Belgium,Carnival Holidays,2026-02-16,2026-02-21,False,,,BE-DE,,b4a98912-e118-4090-877c-682086df4ebe
school_holiday,BE,Belgium,Carnival Holidays,2026-02-16,2026-03-01,False,,,BE-FR,,fccb17bd-aeac-4211-9b72-8db4f69aa4c3
school_holiday,BE,Belgium,Spring Holidays,2026-04-06,2026-04-19,False,,,BE-NL,,3b35acc8-1d1f-4291-a07f-3f181852afd2
school_holiday,BE,Belgium,Spring Holidays,2026-04-06,2026-04-18,False,,,BE-DE,,d76adc18-3e8f-4a6d-ac9e-2a9b0e4db5f8
school_holiday,BE,Belgium,Spring Holidays,2026-04-27,2026-05-10,False,,,BE-FR,,7d2ac181-f590-4d26-9d6d-97090b7be7f4
school_holiday,BE,Belgium,Summer Holidays,2026-07-01,2026-08-31,False,,,BE-NL,,632ce97e-c83b-40e2-9a94-e40591059511
school_holiday,BE,Belgium,Summer Holidays,2026-07-01,2026-08-31,False,,,BE-DE,,f2fcd3f3-6cc0-4f2b-a7e8-f3efe1d33731
school_holiday,BE,Belgium,Summer Holidays,2026-07-04,2026-08-23,False,,,BE-FR,,c7fd44bc-e2d4-4f69-bde7-83c1f624cdce
school_holiday,BE,Belgium,All Saints Holidays,2026-10-19,2026-11-01,False,,,BE-FR,,7da2bda5-00b0-4204-a264-98d85bf8cd97
school_holiday,BE,Belgium,All Saints Holidays,2026-11-02,2026-11-08,False,,,BE-NL,,b09d0c83-0cba-4f60-81db-e93ca7254ab7
school_holiday,BE,Belgium,Winter Holidays,2026-12-21,2027-01-03,False,,,BE-FR,,4f04cd58-75c6-48b9-a478-cd69cfe70471
school_holiday,BE,Belgium,Winter Holidays,2026-12-21,2027-01-03,False,,,BE-NL,,790cdc14-ade9-466f-841a-b00ca20870c4
school_holiday,BE,Belgium,Carnival Holidays,2027-02-08,2027-02-14,False,,,BE-NL,,71154e3f-3088-4d4d-8f98-47c3dfeffb05
school_holiday,BE,Belgium,Carnival Holidays,2027-02-22,2027-03-07,False,,,BE-FR,,d1032b6c-17f5-40d6-9821-b75edc4a200d
school_holiday,BE,Belgium,Spring Holidays,2027-03-29,2027-04-11,False,,,BE-NL,,82513b7a-ce4f-4aa3-85b9-92dc2af9265a
school_holiday,BE,Belgium,Spring Holidays,2027-04-26,2027-05-09,False,,,BE-FR,,11b9d34b-6857-4aac-b7af-04278bb01103
school_holiday,BE,Belgium,Summer Holidays,2027-07-01,2027-08-31,False,,,BE-NL,,e5d81422-0c77-4331-8683-22b8dc0a3cad
school_holiday,BE,Belgium,Start of Summer Holidays,2027-07-03,2027-07-03,False,,,BE-FR,,dde6fa26-f916-4785-bf15-341b17029416
school_holiday,BE,Belgium,All Saints Holidays,2027-11-01,2027-11-07,False,,,BE-NL,,79b23b1e-c9ef-49d1-be8a-a089d9130a81
school_holiday,BE,Belgium,Winter Holidays,2027-12-27,2028-01-09,False,,,BE-NL,,ab2612ad-6f9e-4531-ae06-5a6b2ca91086
public_holiday,BG,Bulgaria,New Year's Day,2023-01-01,2023-01-01,True,,,,,0c264976-1261-4555-8bd0-74ec3cdcd899
public_holiday,BG,Bulgaria,New Year's Day (Observed),2023-01-02,2023-01-02,True,,,,,7a124434-fc29-4cc8-8ab9-1c158948177d
public_holiday,BG,Bulgaria,Bulgaria’s Liberation from the Ottoman Empire,2023-03-03,2023-03-03,True,,,,,376c1d71-22b0-4fb3-bace-dd936b2005d3
public_holiday,BG,Bulgaria,Good Friday,2023-04-14,2023-04-14,True,,,,,dc625935-7ccf-4af0-8709-ad131f1f4a4d
public_holiday,BG,Bulgaria,Holy Saturday,2023-04-15,2023-04-15,True,,,,,7a24671e-1d55-49e3-816e-bd11064056ef
public_holiday,BG,Bulgaria,Easter Sunday,2023-04-16,2023-04-16,True,,,,,52c980ff-db68-4b7b-86cd-7cd9fac1f28c
public_holiday,BG,Bulgaria,Easter Monday,2023-04-17,2023-04-17,True,,,,,c070c3f7-8e0a-4e22-96b5-5f539eafb829
public_holiday,BG,Bulgaria,Labour Day,2023-05-01,2023-05-01,True,,,,,c2792ef6-d856-4ea3-a3b0-f8b58c5fba67
public_holiday,BG,Bulgaria,"St. George's Day, and the Bulgarian Army’s Day",2023-05-06,2023-05-06,True,,,,,ce8e8654-228b-49a3-9ff2-db4589acffdf
public_holiday,BG,Bulgaria,"St. George's Day, and the Bulgarian Army’s Day (Observed)",2023-05-08,2023-05-08,True,,,,,6774e31c-c6e3-43f7-9739-e6a56c445e68
public_holiday,BG,Bulgaria,"Bulgarian Education and Culture, and Slavic Script Day",2023-05-24,2023-05-24,True,,,,,67c35649-78b3-4b8a-96dd-a885500720a9
public_holiday,BG,Bulgaria,Unification Day,2023-09-06,2023-09-06,True,,,,,3ef39d14-47fb-479e-95b8-2e8e796913fa
public_holiday,BG,Bulgaria,Independence Day,2023-09-22,2023-09-22,True,,,,,0a676519-4cdf-41df-b612-e531dd47d85c
public_holiday,BG,Bulgaria,Christmas Eve,2023-12-24,2023-12-24,True,,,,,0f25cc15-87ed-4ff2-8f0a-f6e21d3e8f8c
public_holiday,BG,Bulgaria,Christmas Day,2023-12-25,2023-12-25,True,,,,,6fb193a1-1941-461c-b8fc-5f30de0b6bdb
public_holiday,BG,Bulgaria,Christmas Day,2023-12-26,2023-12-26,True,,,,,ffd36b6d-add7-4960-b913-e3df4892e2c5
public_holiday,BG,Bulgaria,Christmas Eve (Observed),2023-12-27,2023-12-27,True,,,,,0b85640a-91cf-4ded-b72b-8adb3255da7e
public_holiday,BG,Bulgaria,New Year's Day,2024-01-01,2024-01-01,True,,,,,5f48ae29-a631-4f56-8f2f-605e95002f26
public_holiday,BG,Bulgaria,Bulgaria’s Liberation from the Ottoman Empire,2024-03-03,2024-03-03,True,,,,,1b130ef8-b70b-45c7-b201-dfdfd8e7b6b2
public_holiday,BG,Bulgaria,Bulgaria’s Liberation from the Ottoman Empire (Observed),2024-03-04,2024-03-04,True,,,,,87b39e81-f899-4180-b8cf-e5ec073e2d57
public_holiday,BG,Bulgaria,Labour Day,2024-05-01,2024-05-01,True,,,,,1dfcc11e-fb21-4532-b694-580e6a3454b8
public_holiday,BG,Bulgaria,Good Friday,2024-05-03,2024-05-03,True,,,,,c537dfa6-dc78-4286-a1e6-bc2fec365f12
public_holiday,BG,Bulgaria,Holy Saturday,2024-05-04,2024-05-04,True,,,,,84a50cfe-6129-41d2-8269-c8643f05381b
public_holiday,BG,Bulgaria,Easter Sunday,2024-05-05,2024-05-05,True,,,,,8fbbc5fa-59d6-4392-bc26-3964ca798ddf
public_holiday,BG,Bulgaria,"St. George's Day, and the Bulgarian Army’s Day",2024-05-06,2024-05-06,True,,,,,0afddd1f-ec7f-4d8a-b090-cecac671a82f
public_holiday,BG,Bulgaria,Easter Monday,2024-05-06,2024-05-06,True,,,,,a1ec80c0-a39f-45e3-9c3b-e7f2a735d1d3
public_holiday,BG,Bulgaria,"Bulgarian Education and Culture, and Slavic Script Day",2024-05-24,2024-05-24,True,,,,,6aaa43ee-52a8-41e2-9504-2943f8214a1d
public_holiday,BG,Bulgaria,Unification Day,2024-09-06,2024-09-06,True,,,,,5458669c-743c-4692-b495-45e78de133fe
public_holiday,BG,Bulgaria,Independence Day,2024-09-22,2024-09-22,True,,,,,579bf9a5-e2fb-446c-9501-58fcab377de1
public_holiday,BG,Bulgaria,Independence Day (Observed),2024-09-23,2024-09-23,True,,,,,e850bd5d-bc66-4c18-ad17-326a21964e2a
public_holiday,BG,Bulgaria,Christmas Eve,2024-12-24,2024-12-24,True,,,,,ba55152c-92c8-486f-87aa-7351033209f4
public_holiday,BG,Bulgaria,Christmas Day,2024-12-25,2024-12-25,True,,,,,fb9a73d0-2899-414c-8e04-74057ac1a6a6
public_holiday,BG,Bulgaria,Christmas Day,2024-12-26,2024-12-26,True,,,,,b13d3f57-ff46-4bcb-8208-07643f5ff6e1
public_holiday,BG,Bulgaria,New Year's Day,2025-01-01,2025-01-01,True,,,,,aab042eb-e4ba-4a83-81f5-3f1455dbbebe
public_holiday,BG,Bulgaria,Bulgaria’s Liberation from the Ottoman Empire,2025-03-03,2025-03-03,True,,,,,d7a1f3e9-ee45-4789-8f8c-644461851c85
public_holiday,BG,Bulgaria,Good Friday,2025-04-18,2025-04-18,True,,,,,2dcac2d7-c172-4461-94e3-c3ce1584c99b
public_holiday,BG,Bulgaria,Holy Saturday,2025-04-19,2025-04-19,True,,,,,531b8d5b-8c9b-4094-8232-31a857647abf
public_holiday,BG,Bulgaria,Easter Sunday,2025-04-20,2025-04-20,True,,,,,e0fedbd2-a35a-4043-a4cf-77c26d0482e1
public_holiday,BG,Bulgaria,Easter Monday,2025-04-21,2025-04-21,True,,,,,58fc99d9-bf8c-40a3-a26b-44dc317c304c
public_holiday,BG,Bulgaria,Labour Day,2025-05-01,2025-05-01,True,,,,,b497113d-6f49-4074-9bd3-2d4c172ef4c7
public_holiday,BG,Bulgaria,"St. George's Day, and the Bulgarian Army’s Day",2025-05-06,2025-05-06,True,,,,,a3d87254-1c54-4ce4-90e2-7429df6901a9
public_holiday,BG,Bulgaria,"Bulgarian Education and Culture, and Slavic Script Day",2025-05-24,2025-05-24,True,,,,,b8d082b0-27f3-49c0-9797-3910c9f44837
public_holiday,BG,Bulgaria,"Bulgarian Education and Culture, and Slavic Script Day (Observed)",2025-05-26,2025-05-26,True,,,,,f1587af9-e78c-4b68-b410-2a3bf9766c2a
public_holiday,BG,Bulgaria,Unification Day,2025-09-06,2025-09-06,True,,,,,eb120d0a-9ae9-4ee7-87fb-a7784e116d4d
public_holiday,BG,Bulgaria,Unification Day (Observed),2025-09-08,2025-09-08,True,,,,,b74a01ae-f0da-4ee0-a10f-b3d4a6195481
public_holiday,BG,Bulgaria,Independence Day,2025-09-22,2025-09-22,True,,,,,e87f67a7-112e-448c-963a-4826545f5f87
public_holiday,BG,Bulgaria,Christmas Eve,2025-12-24,2025-12-24,True,,,,,736de274-5916-4b93-8078-963a0b1bee7b
public_holiday,BG,Bulgaria,Christmas Day,2025-12-25,2025-12-25,True,,,,,2cad04d7-46b3-4c15-a337-e662331c187d
public_holiday,BG,Bulgaria,Christmas Day,2025-12-26,2025-12-26,True,,,,,2ff127be-92bc-4c48-8202-65ad6ae8a889
public_holiday,BG,Bulgaria,Euro Adoption Day,2025-12-31,2025-12-31,True,,,,,96fbf7db-fdaa-4361-8978-5bf9b2239642
school_holiday,BG,Bulgaria,Christmas holidays,2022-12-24,2023-01-02,True,,,,,8f19a9b3-bbdd-4fc7-af3a-9bda6c279d74
school_holiday,BG,Bulgaria,Winter holidays,2023-02-01,2023-02-05,True,,,,,ff7ae552-1c72-470e-9ee0-10364ef291e7
school_holiday,BG,Bulgaria,Spring holidays,2023-04-08,2023-04-17,True,,,,"[{'language': 'EN', 'text': 'Grade 1-11'}]",5a85a5e3-e8b2-4f13-8d30-c7a9a5d2b309
school_holiday,BG,Bulgaria,Spring holidays,2023-04-12,2023-04-17,True,,,,"[{'language': 'EN', 'text': 'Grade 12'}]",ff1626eb-c132-4212-ad5b-2d7343b6487e
school_holiday,BG,Bulgaria,Summer holidays,2023-05-17,2023-09-14,True,,,,"[{'language': 'EN', 'text': 'Grade 12'}]",f4590271-2d8d-4ff4-9c5e-29936acee76f
school_holiday,BG,Bulgaria,Summer holidays,2023-06-01,2023-09-14,True,,,,"[{'language': 'EN', 'text': 'Grade 1-3'}]",000c613c-1b42-4cf5-a6d9-caf4c92e0f06
school_holiday,BG,Bulgaria,Summer holidays,2023-06-16,2023-09-14,True,,,,"[{'language': 'EN', 'text': 'Grade 4-6'}]",47df122e-f992-4ac5-9378-0fdfeb5eaa84
school_holiday,BG,Bulgaria,Summer holidays,2023-07-01,2023-09-14,True,,,,"[{'language': 'EN', 'text': 'Grade 5-6 (sports schools)'}]",2b35855b-194a-40ba-bb83-1ec97fe3f230
school_holiday,BG,Bulgaria,Autumn holidays,2023-11-01,2023-11-05,True,,,,,322fcdc3-c1da-4c2f-8496-64dc1242d9da
school_holiday,BG,Bulgaria,Christmas holidays,2023-12-23,2024-01-02,True,,,,,fccb50d8-f571-496b-8dd8-952cf51735ce
school_holiday,BG,Bulgaria,Winter holidays,2024-02-03,2024-02-05,True,,,,,a7c3c516-84dc-43b9-b9b1-d0cda89771b7
school_holiday,BG,Bulgaria,Spring holidays,2024-03-30,2024-04-07,True,,,,"[{'language': 'EN', 'text': 'Grade 1-11'}]",c876a2dd-c606-4274-b018-545cc7760bec
school_holiday,BG,Bulgaria,Spring holidays,2024-04-05,2024-04-07,True,,,,"[{'language': 'EN', 'text': 'Grade 12'}]",13ec4e10-c082-4f25-8c4b-bc09cacb26f0
school_holiday,BG,Bulgaria,Summer holidays,2024-05-14,2024-09-14,True,,,,"[{'language': 'EN', 'text': 'Grade 12'}]",cc58b75c-bf68-4e65-8b70-43cdad03f60e
school_holiday,BG,Bulgaria,Summer holidays,2024-05-30,2024-09-14,True,,,,"[{'language': 'EN', 'text': 'Grade 1-3'}]",6bd18bd5-8879-476d-8ccd-1f1c4ee11bed
school_holiday,BG,Bulgaria,Summer holidays,2024-06-15,2024-09-14,True,,,,"[{'language': 'EN', 'text': 'Grade 4-6'}]",25728b16-884b-40ec-bb3f-8e80f47fa2ef
school_holiday,BG,Bulgaria,Summer holidays,2024-06-29,2024-09-14,True,,,,"[{'language': 'EN', 'text': 'Grade 7-11'}]",0e541e01-f3a9-454c-8e3a-47f97b685afe
school_holiday,BG,Bulgaria,Autumn holidays,2024-10-31,2024-11-03,True,,,,,f5554143-b147-4da1-ba7a-57af63d44d5f
school_holiday,BG,Bulgaria,Christmas holidays,2024-12-21,2025-01-02,True,,,,,414521a9-2e35-4128-b971-4155a2e4db97
school_holiday,BG,Bulgaria,Winter holidays,2025-02-05,2025-02-05,True,,,,,747ca9ef-a34f-4eeb-8934-83e55957aef7
school_holiday,BG,Bulgaria,Spring holidays,2025-03-29,2025-04-06,True,,,,"[{'language': 'EN', 'text': 'Grade 1-11'}]",aa8de9f8-4a5b-424c-b357-cd91d46b6c36
school_holiday,BG,Bulgaria,Spring holidays,2025-04-04,2025-04-06,True,,,,"[{'language': 'EN', 'text': 'Grade 12'}]",005201aa-ba67-4787-873d-9f6913c0584e
school_holiday,BG,Bulgaria,Summer holidays,2025-05-16,2025-09-14,True,,,,"[{'language': 'EN', 'text': 'Grade 12'}]",bf49d573-601e-494b-a4d5-5d588a60d1cc
school_holiday,BG,Bulgaria,Summer holidays,2025-06-03,2025-09-14,True,,,,"[{'language': 'EN', 'text': 'Grade 1-3'}]",b3e64421-8256-4575-901e-7ea5f0168143
school_holiday,BG,Bulgaria,Summer holidays,2025-06-17,2025-09-14,True,,,,"[{'language': 'EN', 'text': 'Grade 4-6'}]",6bf7d741-f9fd-4f2b-874e-536f5fc42ee8
school_holiday,BG,Bulgaria,Summer holidays,2025-07-01,2025-09-14,True,,,,"[{'language': 'EN', 'text': 'Grade 5-6 (sports schools)'}]",078f6928-b94a-4c4b-a8e0-7562933d81cb
school_holiday,BG,Bulgaria,Autumn holidays,2025-10-31,2025-11-03,True,,,,,90671b13-ba00-4f37-9774-82837a9f00db
school_holiday,BG,Bulgaria,Christmas holidays,2025-12-24,2026-01-04,True,,,,,aee5fb0c-7b33-4a4b-9bf2-ea95acaf4c67
public_holiday,BG,Bulgaria,New Year's Day,2026-01-01,2026-01-01,True,,,,,07e6c1db-5c9b-4692-b99a-9af69a858ee0
public_holiday,BG,Bulgaria,Euro Adoption Day,2026-01-02,2026-01-02,True,,,,,6307a528-a066-4f20-b248-9aae23cdc495
public_holiday,BG,Bulgaria,Bulgaria’s Liberation from the Ottoman Empire,2026-03-03,2026-03-03,True,,,,,5d0fd369-1574-411f-a129-44e65e01d5eb
public_holiday,BG,Bulgaria,Good Friday,2026-04-10,2026-04-10,True,,,,,9ce73a35-e70c-43e8-8f57-4e1bc0383ca9
public_holiday,BG,Bulgaria,Holy Saturday,2026-04-11,2026-04-11,True,,,,,b7af5e27-dd1a-48ea-a7d1-0677b8689256
public_holiday,BG,Bulgaria,Easter Sunday,2026-04-12,2026-04-12,True,,,,,797a8384-a560-4fb1-b425-0d0eae1a6b38
public_holiday,BG,Bulgaria,Easter Monday,2026-04-13,2026-04-13,True,,,,,dbcd9ea9-0b0f-4c40-bdd7-057df770db8d
public_holiday,BG,Bulgaria,Labour Day,2026-05-01,2026-05-01,True,,,,,60257ad3-54ba-45d9-8ca9-05d47bd9904b
public_holiday,BG,Bulgaria,"St. George's Day, and the Bulgarian Army’s Day",2026-05-06,2026-05-06,True,,,,,b52c07df-052d-433a-8efd-f7b73f820ead
public_holiday,BG,Bulgaria,"Bulgarian Education and Culture, and Slavic Script Day",2026-05-24,2026-05-24,True,,,,,544375a2-9ece-4a6e-a607-6521761f1c47
public_holiday,BG,Bulgaria,"Bulgarian Education and Culture, and Slavic Script Day (Observed)",2026-05-25,2026-05-25,True,,,,,ba725ef4-0ca1-4c10-813b-30db786d2a08
public_holiday,BG,Bulgaria,Unification Day,2026-09-06,2026-09-06,True,,,,,85020b7d-0ff6-4a56-88e2-67959cabf90a
public_holiday,BG,Bulgaria,Unification Day (Observed),2026-09-07,2026-09-07,True,,,,,0a8cc497-42a2-4689-beb0-a8ea789e24f1
public_holiday,BG,Bulgaria,Independence Day,2026-09-22,2026-09-22,True,,,,,b127599c-09bf-47df-92eb-c20234f8039d
public_holiday,BG,Bulgaria,Christmas Eve,2026-12-24,2026-12-24,True,,,,,4fcbaf08-3f11-4b26-92d4-6e5bbd8b5909
public_holiday,BG,Bulgaria,Christmas Day,2026-12-25,2026-12-25,True,,,,,ddc88f1a-bebe-46cf-9e3e-049368ce8c92
public_holiday,BG,Bulgaria,Christmas Day,2026-12-26,2026-12-26,True,,,,,6e44e8f4-3704-439d-b63f-8054dc798b34
public_holiday,BG,Bulgaria,Christmas Day (Observed),2026-12-28,2026-12-28,True,,,,,5c83dc63-4798-4765-bf1d-e85b76a4e301
public_holiday,BG,Bulgaria,New Year's Day,2027-01-01,2027-01-01,True,,,,,22b0ab47-8f66-471c-80e0-da18d7bead40
public_holiday,BG,Bulgaria,Bulgaria’s Liberation from the Ottoman Empire,2027-03-03,2027-03-03,True,,,,,f5a5eacd-f5f1-4d50-9525-478547701e9a
public_holiday,BG,Bulgaria,Good Friday,2027-04-30,2027-04-30,True,,,,,61d7da4e-e069-4c69-9e83-6c9833fe002c
public_holiday,BG,Bulgaria,Labour Day,2027-05-01,2027-05-01,True,,,,,16c3ac6d-9694-4765-b005-094052039e87
public_holiday,BG,Bulgaria,Holy Saturday,2027-05-01,2027-05-01,True,,,,,8840ca8b-31ba-4190-a33a-52fe16eada95
public_holiday,BG,Bulgaria,Easter Sunday,2027-05-02,2027-05-02,True,,,,,821940bf-cd3d-43ba-8b2a-fe674249ddec
public_holiday,BG,Bulgaria,Easter Monday,2027-05-03,2027-05-03,True,,,,,37907413-f367-4c13-ba12-edc1efc8ae87
public_holiday,BG,Bulgaria,"St. George's Day, and the Bulgarian Army’s Day",2027-05-06,2027-05-06,True,,,,,c6f94742-9ccc-490a-8692-1a8de90ab7b9
public_holiday,BG,Bulgaria,"Bulgarian Education and Culture, and Slavic Script Day",2027-05-24,2027-05-24,True,,,,,a109219d-3417-4ed5-a934-9b215647e923
public_holiday,BG,Bulgaria,Unification Day,2027-09-06,2027-09-06,True,,,,,57b7cd72-58c7-4b18-908c-cee76725f417
public_holiday,BG,Bulgaria,Independence Day,2027-09-22,2027-09-22,True,,,,,e6e70e63-3cdc-4cc8-99d9-81c114ea27ca
public_holiday,BG,Bulgaria,Christmas Eve,2027-12-24,2027-12-24,True,,,,,8273c951-7aec-429e-8847-cd9b516a5bb6
public_holiday,BG,Bulgaria,Christmas Day,2027-12-25,2027-12-25,True,,,,,d8fbfcf9-8ed3-4f3a-98b8-1da6c63cc943
public_holiday,BG,Bulgaria,Christmas Day,2027-12-26,2027-12-26,True,,,,,f10c0452-ccac-4dc2-87c1-302e9d15aee7
school_holiday,BG,Bulgaria,Winter holidays,2026-01-31,2026-02-02,True,,,,,1090847a-2879-427c-8972-f5fc01d04973
school_holiday,BG,Bulgaria,No school,2026-03-02,2026-03-02,True,,,,,c1030b08-0a41-49b2-a872-1a1a3d05dac0
school_holiday,BG,Bulgaria,Spring holidays,2026-04-04,2026-04-13,True,,,,"[{'language': 'EN', 'text': 'Grade 1-11'}]",0bdd8fb8-61bf-4d2a-bc38-fcaf8714e6e8
school_holiday,BG,Bulgaria,Spring holidays,2026-04-08,2026-04-13,True,,,,"[{'language': 'EN', 'text': 'Grade 12'}]",622a5305-a82d-4eca-bc87-90d06ea9377b
school_holiday,BG,Bulgaria,Summer holidays,2026-05-16,2026-09-14,True,,,,"[{'language': 'EN', 'text': 'Grade 12'}]",342cf0b0-e3a1-4fa9-a329-f76e4d57b561
school_holiday,BG,Bulgaria,Summer holidays,2026-05-30,2026-09-14,True,,,,"[{'language': 'EN', 'text': 'Grade 1-3'}]",b022fd02-869f-4fc1-ac30-bbd24baf90de
school_holiday,BG,Bulgaria,Summer holidays,2026-06-13,2026-09-14,True,,,,"[{'language': 'EN', 'text': 'Grade 4-6'}]",c8244edc-dfb7-41ff-9dde-9f7731ed3c1c
school_holiday,BG,Bulgaria,Summer holidays,2026-07-01,2026-09-14,True,,,,"[{'language': 'EN', 'text': 'Grade 7-11'}]",dc31329d-5cb0-46b8-aa3a-23d34f2d6eb2
public_holiday,BR,Brazil,New Year's Day,2023-01-01,2023-01-01,True,,,,,611e2a30-d774-46e2-8019-123ebb65c9fd
public_holiday,BR,Brazil,Carnival,2023-02-20,2023-02-21,True,,,,,fdf2ca0d-9b82-46fd-831a-98b44e7cd397
public_holiday,BR,Brazil,Ash Wednesday,2023-02-22,2023-02-22,True,,,,,82f1b76e-f47e-45d0-af22-93f60ba67460
public_holiday,BR,Brazil,Good Friday,2023-04-07,2023-04-07,True,,,,,df44691e-b2a6-4b12-b449-b5bc7f78d1b7
public_holiday,BR,Brazil,Tiradentes Day,2023-04-21,2023-04-21,True,,,,,0c827aaf-7e5d-402a-9243-3560e87b90b6
public_holiday,BR,Brazil,Labour Day,2023-05-01,2023-05-01,True,,,,,f216ad8a-7074-4484-9bd3-c60e63fe6b5e
public_holiday,BR,Brazil,Corpus Christi,2023-06-08,2023-06-08,True,,,,,838d7d64-b78f-4c8a-b2c3-617bf24a664a
public_holiday,BR,Brazil,Independence Day,2023-09-07,2023-09-07,True,,,,,9f0a9709-7f11-423e-8db7-c350319ef106
public_holiday,BR,Brazil,Our Lady of Aparecida,2023-10-12,2023-10-12,True,,,,,1c6f270e-c579-4e92-b7c1-161e9d9d40ec
public_holiday,BR,Brazil,Federal Civil Servants Day,2023-10-28,2023-10-28,True,,,,,db8976a7-53e8-4b3c-8bc3-95d368c01b53
public_holiday,BR,Brazil,All Souls,2023-11-02,2023-11-02,True,,,,,6307d859-a46d-43c6-a0e8-72b31bebd0da
public_holiday,BR,Brazil,Proclamation of the Republic,2023-11-15,2023-11-15,True,,,,,95cbd3c8-fdc5-4566-a856-00a4670c7a51
public_holiday,BR,Brazil,Christmas,2023-12-25,2023-12-25,True,,,,,d7577b00-ca35-4cfe-bcb2-b84a81204b9f
public_holiday,BR,Brazil,New Year's Day,2024-01-01,2024-01-01,True,,,,,706457fc-e9a3-4325-9c4b-4fdb8d4d9fdf
public_holiday,BR,Brazil,Carnival,2024-02-12,2024-02-13,True,,,,,2afc2f3f-d4a0-450f-b8d1-b3623ac15219
public_holiday,BR,Brazil,Ash Wednesday,2024-02-14,2024-02-14,True,,,,,d0d230b8-c553-458e-83a7-e6a65cae7831
public_holiday,BR,Brazil,Good Friday,2024-03-29,2024-03-29,True,,,,,a4a901e2-7fda-4ef1-a7b4-fcc4768372f2
public_holiday,BR,Brazil,Tiradentes Day,2024-04-21,2024-04-21,True,,,,,7f4d8f12-f33b-4fb8-8e3c-1af3422c9fba
public_holiday,BR,Brazil,Labour Day,2024-05-01,2024-05-01,True,,,,,24256296-f43f-4412-8850-a89ad0d7aa28
public_holiday,BR,Brazil,Corpus Christi,2024-05-30,2024-05-30,True,,,,,07ee67f5-fbf1-4f40-86e2-4f6320de1aad
public_holiday,BR,Brazil,Optional Holiday,2024-05-31,2024-05-31,True,,,,,9e005170-98c4-434b-8ab9-ceff1cbeac1d
public_holiday,BR,Brazil,Independence Day,2024-09-07,2024-09-07,True,,,,,55e85a20-fb09-4542-ae9a-4588d57a1f0b
public_holiday,BR,Brazil,Our Lady of Aparecida,2024-10-12,2024-10-12,True,,,,,3f2ad241-d0f8-4f0e-8a16-f9fd9a686fff
public_holiday,BR,Brazil,Federal Civil Servants Day,2024-10-28,2024-10-28,True,,,,,5616ecb2-a76f-4cf3-a027-462daef4215b
public_holiday,BR,Brazil,All Souls,2024-11-02,2024-11-02,True,,,,,dd842a86-1f58-4a8b-ad6a-7ef3fb5773ff
public_holiday,BR,Brazil,Proclamation of the Republic,2024-11-15,2024-11-15,True,,,,,60f8b40b-f70a-4248-aa58-3bd406abe65c
public_holiday,BR,Brazil,National Black Awareness Day,2024-11-20,2024-11-20,True,,,,,344b2fb4-7571-4d45-80b0-57482b49b93c
public_holiday,BR,Brazil,Christmas Eve,2024-12-24,2024-12-24,True,,,,,03cbd528-61bc-4087-b77d-8ac3c3c00e30
public_holiday,BR,Brazil,Christmas,2024-12-25,2024-12-25,True,,,,,644c068e-0792-4909-9427-03ac9f633bc7
public_holiday,BR,Brazil,New Year's Eve,2024-12-31,2024-12-31,True,,,,,fbf5c9b8-bc08-454a-9e80-d14e96da2b5e
public_holiday,BR,Brazil,New Year's Day,2025-01-01,2025-01-01,True,,,,,2bc40f7b-b683-43ee-9ccb-12321b02c65a
public_holiday,BR,Brazil,Carnival,2025-03-03,2025-03-04,True,,,,,135509ae-51bf-4feb-bd6f-710e7810bef9
public_holiday,BR,Brazil,Ash Wednesday,2025-03-05,2025-03-05,True,,,,,7e15a5c3-6311-4b2a-91aa-bf22a422995b
public_holiday,BR,Brazil,Good Friday,2025-04-18,2025-04-18,True,,,,,da0ce1c0-78ba-4f27-9d52-35fe76abe96e
public_holiday,BR,Brazil,Tiradentes Day,2025-04-21,2025-04-21,True,,,,,61b41464-5eb2-4b4f-8b80-61a505c5457a
public_holiday,BR,Brazil,Labour Day,2025-05-01,2025-05-01,True,,,,,ed950fd6-e239-42db-bf26-caa13c0c57ff
public_holiday,BR,Brazil,Corpus Christi,2025-06-19,2025-06-19,True,,,,,c35b6263-e54a-4468-b75a-9f89491cff20
public_holiday,BR,Brazil,Optional Holiday,2025-06-20,2025-06-20,True,,,,,06809e00-cdcf-4da5-9547-df980d00c01c
public_holiday,BR,Brazil,Independence Day,2025-09-07,2025-09-07,True,,,,,f6ef5b34-cd09-4874-8e74-cc4a221b2250
public_holiday,BR,Brazil,Our Lady of Aparecida,2025-10-12,2025-10-12,True,,,,,fa704fd1-3421-4c77-88c8-ed32dca195f6
public_holiday,BR,Brazil,Federal Civil Servants Day,2025-10-28,2025-10-28,True,,,,,45397013-1d41-48c9-9926-8dda2d1eafec
public_holiday,BR,Brazil,All Souls,2025-11-02,2025-11-02,True,,,,,e2635dd6-ee11-4798-83d9-c1323d24dd50
public_holiday,BR,Brazil,Proclamation of the Republic,2025-11-15,2025-11-15,True,,,,,eaaa1860-e9c1-47f3-897f-adb41a919d99
public_holiday,BR,Brazil,National Black Awareness Day,2025-11-20,2025-11-20,True,,,,,80212138-0232-4d2e-b51a-00d8f2dbf66e
public_holiday,BR,Brazil,Christmas Eve,2025-12-24,2025-12-24,True,,,,,611d7a1c-39d0-48df-a68a-12beed890689
public_holiday,BR,Brazil,Christmas,2025-12-25,2025-12-25,True,,,,,a5bc4f0e-7cea-4c0f-ab85-05078b2613f2
public_holiday,BR,Brazil,New Year's Eve,2025-12-31,2025-12-31,True,,,,,f9aef840-954b-461c-91bc-a056612a5be4
public_holiday,BY,Belarus,New Year's Day,2023-01-01,2023-01-02,True,,,,,4fceaa9b-dd73-44fc-9cf1-1c69339e409a
public_holiday,BY,Belarus,Christmas (Orthodox Christmas),2023-01-07,2023-01-07,True,,,,,922a5a44-2a22-42a7-b574-0eaf75f1e6ab
public_holiday,BY,Belarus,Women's Day,2023-03-08,2023-03-08,True,,,,,6b1303c9-c6fe-4835-bf7f-18d5dc07ad59
public_holiday,BY,Belarus,Labour Day,2023-05-01,2023-05-01,True,,,,,9317cc84-a5a3-4d18-8da1-dc2123d3be8d
public_holiday,BY,Belarus,Victory Day,2023-05-09,2023-05-09,True,,,,,7486b663-1c24-4046-8a02-94fb1488e547
public_holiday,BY,Belarus,Radunitsa,2023-05-14,2023-05-14,True,,,,,2d818418-77af-4ebf-b39e-cab0c306c855
public_holiday,BY,Belarus,Day of the Republic,2023-07-03,2023-07-03,True,,,,,772baed5-8b6c-4d8c-9a77-7435d0df55ff
public_holiday,BY,Belarus,October Revolution Day,2023-11-07,2023-11-07,True,,,,,10759e38-1e7b-49cb-a8fd-380c1edf8b2b
public_holiday,BY,Belarus,Catholic Christmas,2023-12-25,2023-12-25,True,,,,,a37afc79-15c5-47cc-bc52-b8b8070447c0
public_holiday,BY,Belarus,New Year's Day,2024-01-01,2024-01-02,True,,,,,6c4a1714-9a09-4a2a-98c9-2c84161eb94c
public_holiday,BY,Belarus,Christmas (Orthodox Christmas),2024-01-07,2024-01-07,True,,,,,73f0c14c-856a-477e-a96a-f3a3e734dadc
public_holiday,BY,Belarus,Women's Day,2024-03-08,2024-03-08,True,,,,,1eddf983-c6f9-4b93-a319-ee25ba809ac9
public_holiday,BY,Belarus,Labour Day,2024-05-01,2024-05-01,True,,,,,d2f90e16-334f-438a-b07e-3187332b628e
public_holiday,BY,Belarus,Victory Day,2024-05-09,2024-05-09,True,,,,,222fc9bb-228f-4115-be5d-89aa26f03111
public_holiday,BY,Belarus,Radunitsa,2024-05-14,2024-05-14,True,,,,,347538fa-3fbf-4b07-badd-bb1272311e01
public_holiday,BY,Belarus,Day of the Republic,2024-07-03,2024-07-03,True,,,,,9f5e30cd-ebf4-4f20-ad15-b1ff948cb414
public_holiday,BY,Belarus,October Revolution Day,2024-11-07,2024-11-07,True,,,,,6d8498b9-b9ec-41a4-811c-d712effaa06b
public_holiday,BY,Belarus,Catholic Christmas,2024-12-25,2024-12-25,True,,,,,0e49a774-e9a5-4b73-80db-a5336ad501da
public_holiday,BY,Belarus,New Year's Day,2025-01-01,2025-01-02,True,,,,,f2d42f11-a818-45de-bd82-709350d60d96
public_holiday,BY,Belarus,Christmas (Orthodox Christmas),2025-01-07,2025-01-07,True,,,,,31100520-2614-4448-9865-ef467948f0e7
public_holiday,BY,Belarus,Women's Day,2025-03-08,2025-03-08,True,,,,,feea32e6-a594-477c-80d6-c95600c6081c
public_holiday,BY,Belarus,Labour Day,2025-05-01,2025-05-01,True,,,,,2faac135-ab55-4ec5-af30-7644a61c3eca
public_holiday,BY,Belarus,Victory Day,2025-05-09,2025-05-09,True,,,,,d3becbb3-fc13-4142-ba59-a14d105b1261
public_holiday,BY,Belarus,Radunitsa,2025-05-14,2025-05-14,True,,,,,070a7849-6f09-4d0c-ad31-dff791f868d4
public_holiday,BY,Belarus,Day of the Republic,2025-07-03,2025-07-03,True,,,,,240c2a7d-8a21-40ac-90b6-1459a474703f
public_holiday,BY,Belarus,October Revolution Day,2025-11-07,2025-11-07,True,,,,,336d1b9b-0a30-4ffa-9bac-8d12a55f21f5
public_holiday,BY,Belarus,Catholic Christmas,2025-12-25,2025-12-25,True,,,,,2f6b8dbe-aa08-4d05-8ed1-7b01f164ab44
school_holiday,BY,Belarus,Christmas holidays,2022-12-25,2023-01-08,True,,,,,c7323f98-ff28-4d27-b6be-23d8f9a8a4cc
school_holiday,BY,Belarus,Spring holidays,2023-03-26,2023-04-02,True,,,,,62a1eb0b-3d05-42c4-a705-c905d45a6704
school_holiday,BY,Belarus,Summer holidays,2023-06-01,2023-08-31,True,,,,,cb821919-2bd9-4eb0-acec-f1197e306514
school_holiday,BY,Belarus,Autumn holidays,2023-10-29,2023-11-07,True,,,,,bc502932-2f2f-4384-8e28-6d1b580556a0
school_holiday,BY,Belarus,Christmas holidays,2023-12-24,2024-01-07,True,,,,,ae98b3f3-85d4-458e-8a29-b709de9d67e8
school_holiday,BY,Belarus,Spring holidays,2024-03-24,2024-03-31,True,,,,,8455c674-179e-4d38-a684-da1ed3c96659
school_holiday,BY,Belarus,Summer holidays,2024-06-01,2024-08-31,True,,,,,36c65826-11aa-4b43-ad89-ffa103be2cca
school_holiday,BY,Belarus,Autumn holidays,2024-10-27,2024-11-05,True,,,,,f2bb1067-aae5-44dc-85b5-044f1a899ec4
school_holiday,BY,Belarus,Christmas holidays,2024-12-25,2025-01-07,True,,,,,f7cf96aa-fb4e-4881-9227-8e084077bb18
school_holiday,BY,Belarus,Spring holidays,2025-03-23,2025-03-30,True,,,,,1960fe86-76dd-489a-8c23-e39413f1be47
school_holiday,BY,Belarus,Summer holidays,2025-06-01,2025-08-31,True,,,,,97ad594e-2281-465f-9d24-bbfaeb379aa5
school_holiday,BY,Belarus,Autumn holidays,2025-11-02,2025-11-09,True,,,,,adb854d1-1d88-409e-a7f6-992425aaaf12
school_holiday,BY,Belarus,Christmas holidays,2025-12-25,2026-01-07,True,,,,,2bb5025a-0dc8-4863-b12e-c0530fea65a1
public_holiday,BY,Belarus,New Year's Day,2026-01-01,2026-01-02,True,,,,,12e13f14-3fd3-4ced-882b-ccb7386bd5f1
public_holiday,BY,Belarus,Christmas (Orthodox Christmas),2026-01-07,2026-01-07,True,,,,,2ee1b97e-e98a-4c40-874c-f07fbd688d78
public_holiday,BY,Belarus,Women's Day,2026-03-08,2026-03-08,True,,,,,c31147a1-471e-49db-836c-a904704869cb
public_holiday,BY,Belarus,Labour Day,2026-05-01,2026-05-01,True,,,,,3174b5cf-22c9-4f38-99ba-b1736a2bdd44
public_holiday,BY,Belarus,Victory Day,2026-05-09,2026-05-09,True,,,,,76825fa8-2514-410b-a3b4-d989e5d58bbf
public_holiday,BY,Belarus,Radunitsa,2026-05-14,2026-05-14,True,,,,,8ebb595b-c8a7-4038-828c-8840dd906f5b
public_holiday,BY,Belarus,Day of the Republic,2026-07-03,2026-07-03,True,,,,,883e602b-6d61-4ea9-9025-25106d6a1b28
public_holiday,BY,Belarus,October Revolution Day,2026-11-07,2026-11-07,True,,,,,f3224269-33c3-4480-90b1-cf177bc384b3
public_holiday,BY,Belarus,Catholic Christmas,2026-12-25,2026-12-25,True,,,,,ec260b5a-47e8-4f3a-acce-cf8eb6297e50
public_holiday,BY,Belarus,New Year's Day,2027-01-01,2027-01-02,True,,,,,2c3a5ac0-448c-4239-a016-94e5562c4f85
public_holiday,BY,Belarus,Christmas (Orthodox Christmas),2027-01-07,2027-01-07,True,,,,,b8816f59-cf04-4678-b210-94cd210f02ab
public_holiday,BY,Belarus,Women's Day,2027-03-08,2027-03-08,True,,,,,2b1c8a7b-7e33-448b-b4a6-4a20b12c7472
public_holiday,BY,Belarus,Labour Day,2027-05-01,2027-05-01,True,,,,,b4617014-8e1f-4bd4-8811-c2732801edd6
public_holiday,BY,Belarus,Victory Day,2027-05-09,2027-05-09,True,,,,,d682765e-5807-47b4-ae0d-baaa5a308e9e
public_holiday,BY,Belarus,Radunitsa,2027-05-14,2027-05-14,True,,,,,71613b8b-3370-4415-9b6f-22c522e2c548
public_holiday,BY,Belarus,Day of the Republic,2027-07-03,2027-07-03,True,,,,,9c6f4009-7e0b-445d-b2a5-2f040bd891bc
public_holiday,BY,Belarus,October Revolution Day,2027-11-07,2027-11-07,True,,,,,5682f166-5955-4be7-9a63-cb229ebe621d
public_holiday,BY,Belarus,Catholic Christmas,2027-12-25,2027-12-25,True,,,,,e6a5cc5c-24b9-4914-8ecf-6a3b58817b8d
school_holiday,BY,Belarus,Spring holidays,2026-03-22,2026-03-29,True,,,,,14afc9cb-38c7-4938-8eb0-b43df5487b81
school_holiday,BY,Belarus,Summer holidays,2026-06-01,2026-08-31,True,,,,,f7006506-244f-4213-9a13-8e160a15ddd6
public_holiday,CH,Switzerland,New Year's Day,2023-01-01,2023-01-01,True,,,,,8d5e28cb-9bd9-4d0f-b209-380965801f21
public_holiday,CH,Switzerland,Berchtold's Day,2023-01-02,2023-01-02,False,,CH-ZH,,,a9dbb9f9-c539-4a6a-bfcf-569404a8e212
public_holiday,CH,Switzerland,Berchtold's Day,2023-01-02,2023-01-02,False,,CH-GL|CH-AG-ZF|CH-SO|CH-FR-LA-MR|CH-TG|CH-VD|CH-VS|CH-SH|CH-AG-BA-BE|CH-AG-AA|CH-AG-LB|CH-FR-LA-RI|CH-SG|CH-FR-LA-MN|CH-NW|CH-AG-BR|CH-AG-KU|CH-OW|CH-BE|CH-FR-LA-FR|CH-AG-ZZ|CH-ZG|CH-LU|CH-FR-LA-ME|CH-FR-LA-MO|CH-FR-LA-KE|CH-FR-LA-UL|CH-FR-LA-GR|CH-JU,,,cfb30363-db56-46dd-a03d-fd9168422191
public_holiday,CH,Switzerland,Epiphany,2023-01-06,2023-01-06,False,,CH-SZ|CH-TI|CH-UR,,,a5804977-070a-44b6-bfb3-0ca8bcaf8465
public_holiday,CH,Switzerland,St Anthony's Day,2023-01-17,2023-01-17,False,,CH-SZ-SZ-RT|CH-SO-TH-AD,,,f347f5bb-5546-4b11-b201-a0f2c9c857bb
public_holiday,CH,Switzerland,Meinrad Day,2023-01-21,2023-01-21,False,,CH-SZ-ES,,,966755f5-a53c-46f9-96a2-3d648d41f28e
public_holiday,CH,Switzerland,Candlemas,2023-02-02,2023-02-02,False,,CH-SZ-SZ-UB,,,436638f7-472e-4095-a6f4-34a38c30c60b
public_holiday,CH,Switzerland,Agathe's day,2023-02-05,2023-02-05,False,,CH-SZ-SZ-SA,,,5b33e216-2822-47e1-9367-ef8f63eee63a
public_holiday,CH,Switzerland,Establishment of the Republic,2023-03-01,2023-03-01,False,,CH-NE,,,512da112-ac94-4213-8333-23f9a3df9c08
public_holiday,CH,Switzerland,St Joseph's Day,2023-03-19,2023-03-19,False,,CH-SZ|CH-VS|CH-NW|CH-TI|CH-UR,,,b7dd036f-1133-4e6f-947d-8a4a1181fc22
public_holiday,CH,Switzerland,St Benedict,2023-03-21,2023-03-21,False,,CH-OW-EN,,,3cbeca02-c1d5-481a-9312-05fa63c9094b
public_holiday,CH,Switzerland,Good Friday,2023-04-07,2023-04-07,False,,CH-GL|CH-SO|CH-TG|CH-GE|CH-SZ|CH-VD|CH-BS|CH-SH|CH-SG|CH-GR|CH-NW|CH-OW|CH-BE|CH-NE|CH-ZG|CH-LU|CH-AI|CH-FR|CH-AR|CH-AG|CH-UR|CH-BL|CH-ZH|CH-JU,,,25fea96a-da0a-4a8a-a77a-0fd887364864
public_holiday,CH,Switzerland,Easter Monday,2023-04-10,2023-04-10,False,,CH-GL|CH-AG-ZF|CH-SO|CH-TG|CH-GE|CH-SZ|CH-VD|CH-BS|CH-AG-RF-OL|CH-AG-RF-WA|CH-VS|CH-SH|CH-AG-AA|CH-AG-LB|CH-SG|CH-GR|CH-NW|CH-AG-BR|CH-AG-BA|CH-AG-RF-RF|CH-AG-KU|CH-OW|CH-BE|CH-NE|CH-ZG|CH-LU|CH-AI|CH-FR|CH-TI|CH-AG-RF-MO|CH-AG-RF-ZE|CH-AR|CH-UR|CH-BL|CH-AG-RF-KA|CH-ZH|CH-AG-RF-MA|CH-JU|CH-AG-RF-ZU,,,27aeaebe-aa4d-4a5d-8305-1045a152b6a2
public_holiday,CH,Switzerland,Näfels Ride,2023-04-13,2023-04-13,False,,CH-GL,,,d2c74f5f-7c18-4010-9e01-e851c064dbf9
public_holiday,CH,Switzerland,Sechseläuten,2023-04-17,2023-04-17,False,,CH-ZH-ZH-ZH,,,839eae2d-9714-484e-8e83-2eb03c29b4c2
public_holiday,CH,Switzerland,Labour Day,2023-05-01,2023-05-01,False,,CH-SO-TH-MD|CH-SO-TH-LD|CH-SO-GG|CH-SO-LB|CH-SO-TH-MR|CH-SO-TS|CH-SO-SO|CH-SO-TH-WG|CH-SO-WA|CH-SO-GA|CH-SO-TH-HB|CH-SO-DE|CH-SO-TH-BT|CH-SO-TH-HW|CH-SO-OL|CH-SO-BB,,"[{'language': 'EN', 'text': 'from 12:00'}]",2d2ac581-92ee-416a-9c13-1f61490b3d8f
public_holiday,CH,Switzerland,Labour Day,2023-05-01,2023-05-01,False,,CH-TG|CH-BS|CH-SH|CH-NE|CH-TI|CH-SO-TH-AD|CH-AG|CH-BL|CH-ZH|CH-JU,,,7e3f9961-7874-4b13-896f-f619bb92d47c
public_holiday,CH,Switzerland,Saint Sigismund,2023-05-01,2023-05-01,False,,CH-SZ-SZ-MU,,,89ad28bf-f057-40b9-b251-62c902e4dc22
public_holiday,CH,Switzerland,Ascension Day,2023-05-18,2023-05-18,True,,,,,0c6f6bee-d02e-42a0-ace2-7700d869b83b
public_holiday,CH,Switzerland,Pentecost Monday,2023-05-29,2023-05-29,False,,CH-GL|CH-AG-ZF|CH-SO|CH-TG|CH-GE|CH-SZ|CH-VD|CH-BS|CH-AG-RF-OL|CH-AG-RF-WA|CH-VS|CH-SH|CH-AG-AA|CH-AG-LB|CH-SG|CH-GR|CH-NW|CH-AG-BR|CH-AG-BA|CH-AG-RF-RF|CH-AG-KU|CH-OW|CH-BE|CH-NE|CH-ZG|CH-LU|CH-AI|CH-FR|CH-TI|CH-AG-RF-MO|CH-AG-RF-ZE|CH-AR|CH-UR|CH-BL|CH-AG-RF-KA|CH-ZH|CH-AG-RF-MA|CH-JU|CH-AG-RF-ZU,,,4333d8ec-76de-4f86-9125-e0293bc7b46d
public_holiday,CH,Switzerland,Corpus Christi,2023-06-08,2023-06-08,False,,CH-AG-BA-BL|CH-AG-BA-WR|CH-AG-RF-ST|CH-AG-BA-SP|CH-SZ|CH-AG-BA-FI|CH-AG-BA-UN|CH-AG-BA-WU|CH-VS|CH-AG-BA-ME|CH-AG-RF-WE|CH-SO-TH|CH-AG-MU|CH-AG-BG|CH-AG-BA-WO|CH-AG-BA-NR|CH-SO-GG|CH-SO-LB|CH-AG-BA-EH|CH-AG-BA-EN|CH-NW|CH-AG-BA-FR|CH-AG-BA-OS|CH-OW|CH-SO-TS|CH-NE|CH-AG-BA-WE|CH-AG-BA-NH|CH-AG-ZZ|CH-ZG|CH-LU|CH-AG-BA-KU|CH-AG-BA-BA|CH-AG-BA-MA|CH-AG-RF-HE|CH-AG-BA-GE|CH-SO-SO|CH-AI|CH-AG-LA|CH-FR|CH-TI|CH-AG-BA-BI|CH-SO-WA|CH-AG-BA-RE|CH-SO-GA|CH-SO-DE|CH-UR|CH-AG-BA-KI|CH-AG-BA-OR|CH-AG-BA-ST|CH-AG-RF-SU|CH-AG-RF-MU|CH-AG-RF-OB|CH-JU|CH-SO-OL,,,6ba40023-94b0-40e8-987e-e2d16c3e6552
public_holiday,CH,Switzerland,Celebration of independence,2023-06-23,2023-06-23,False,,CH-JU,,,34a9789a-413b-47f6-b7a6-9f36b5acb0d8
public_holiday,CH,Switzerland,Saints Peter and Paul,2023-06-29,2023-06-29,False,,CH-TI,,,0c7dbdc7-dd6e-4c2d-bdad-c242a89a6f3a
public_holiday,CH,Switzerland,Independence Day,2023-08-01,2023-08-01,True,,,,,9c1fe862-59f3-43a1-b842-a0d6d00e337f
public_holiday,CH,Switzerland,Assumption Day,2023-08-15,2023-08-15,False,,CH-AG-RF-ST|CH-SZ|CH-VS|CH-AG-RF-WE|CH-SO-TH|CH-AG-MU|CH-AG-BG|CH-SO-GG|CH-SO-LB|CH-NW|CH-OW|CH-SO-TS|CH-ZG|CH-LU|CH-AG-RF-HE|CH-SO-SO|CH-AI|CH-AG-LA|CH-FR|CH-TI|CH-SO-WA|CH-SO-GA|CH-SO-DE|CH-UR|CH-AG-RF-SU|CH-AG-RF-MU|CH-AG-RF-OB|CH-JU|CH-SO-OL,,,656b9e3c-6c0a-423c-9fb0-c974ba67bfa0
public_holiday,CH,Switzerland,Jeûne genevois,2023-09-07,2023-09-07,False,,CH-GE,,,ff681b10-1b2e-47db-a4b9-44cafe1699e5
public_holiday,CH,Switzerland,Knabenschiessen,2023-09-11,2023-09-11,False,,CH-ZH-ZH-ZH,,,7182a611-3a5a-48b5-8188-e1327c6fb794
public_holiday,CH,Switzerland,Angel consecration,2023-09-14,2023-09-14,False,,CH-SZ-ES,,,77f3ac2d-8b37-4a68-b2e1-3b5bc9e2eb88
public_holiday,CH,Switzerland,"Federal Day of Thanksgiving, Repentance and Prayer",2023-09-17,2023-09-17,False,,CH-GL|CH-TG|CH-SZ|CH-BS|CH-VS|CH-SH|CH-SG|CH-GR|CH-NW|CH-OW|CH-BE|CH-NE|CH-ZG|CH-LU|CH-UR|CH-BL|CH-ZH,,,5fbfd78b-a323-4eda-ba2b-873782a00608
public_holiday,CH,Switzerland,Fast Monday,2023-09-18,2023-09-18,False,,CH-VD,,,c3ef805b-9772-4f16-8652-6a0d3a4d1dcd
public_holiday,CH,Switzerland,St. Mauritius Day,2023-09-22,2023-09-22,False,,CH-AI-GO|CH-AI-AP|CH-AI-SH|CH-AI-SR,,,7772ff9c-b361-4df7-b522-d9d66115efdf
public_holiday,CH,Switzerland,Saint Nicholas of Flüe Day,2023-09-25,2023-09-25,False,,CH-OW,,,e86a7ec4-8756-44e8-adcd-92cebee3fb2a
public_holiday,CH,Switzerland,St Gallus' Day,2023-10-16,2023-10-16,False,,CH-SZ-SZ-MO,,,0b1dab9e-d848-464a-b490-9f3cf22fddeb
public_holiday,CH,Switzerland,All Saints' Day,2023-11-01,2023-11-01,False,,CH-GL|CH-SZ|CH-VS|CH-SO-TH|CH-AG-MU|CH-SG|CH-AG-BG|CH-SO-GG|CH-SO-LB|CH-GR|CH-NW|CH-OW|CH-SO-TS|CH-AG-ZZ|CH-ZG|CH-LU|CH-SO-SO|CH-AI|CH-AG-LA|CH-FR|CH-TI|CH-SO-WA|CH-SO-GA|CH-SO-DE|CH-UR|CH-AG-RF|CH-JU|CH-SO-OL,,,29f45308-67a3-4009-a4ff-1eada93ea5ed
public_holiday,CH,Switzerland,St Martin's Day,2023-11-11,2023-11-11,False,,CH-SZ-SZ-SZ,,,07b2f1eb-c175-4f32-b9fd-1fa5037735d6
public_holiday,CH,Switzerland,Immaculate Conception,2023-12-08,2023-12-08,False,,CH-AG-RF-ST|CH-SZ|CH-VS|CH-AG-RF-WE|CH-AG-MU|CH-NW|CH-OW|CH-ZG|CH-LU|CH-AI|CH-AG-LA|CH-FR|CH-TI|CH-UR|CH-AG-RF-SU|CH-AG-RF-MU|CH-AG-RF-OB,,,961fac43-1d92-4496-bd1a-f08e38d7c9e7
public_holiday,CH,Switzerland,Christmas,2023-12-25,2023-12-25,True,,,,,89cc8f3a-cdec-4d60-820f-e65bd389be5c
public_holiday,CH,Switzerland,St Stephen's Day,2023-12-26,2023-12-26,False,,CH-GL|CH-AG-ZF|CH-SO|CH-TG|CH-SZ|CH-BS|CH-AG-RF-OL|CH-AG-RF-WA|CH-VS|CH-SH|CH-AG-AA|CH-AG-LB|CH-SG|CH-AG-BG|CH-GR|CH-NW|CH-AG-BR|CH-AG-BA|CH-AG-RF-RF|CH-AG-KU|CH-OW|CH-BE|CH-AG-ZZ|CH-ZG|CH-LU|CH-FR|CH-TI|CH-AG-RF-MO|CH-AG-RF-ZE|CH-AR|CH-UR|CH-BL|CH-AG-RF-KA|CH-ZH|CH-AG-RF-MA|CH-AG-RF-ZU,,,b00e5173-13bf-4a8c-aa7e-8a7582cb1a67
public_holiday,CH,Switzerland,Restoration of the Republic,2023-12-31,2023-12-31,False,,CH-GE,,,c5bbeb81-0a18-4ab4-a4c3-283d83289542
public_holiday,CH,Switzerland,New Year's Day,2024-01-01,2024-01-01,True,,,,,b90c6036-b041-49d7-a138-81e4173f122a
public_holiday,CH,Switzerland,Berchtold's Day,2024-01-02,2024-01-02,False,,CH-ZH,,,5e56b821-2f79-494a-ba2b-aa5187a2daff
public_holiday,CH,Switzerland,Berchtold's Day,2024-01-02,2024-01-02,False,,CH-GL|CH-AG-ZF|CH-SO|CH-FR-LA-MR|CH-TG|CH-VD|CH-VS|CH-SH|CH-AG-BA-BE|CH-AG-AA|CH-AG-LB|CH-FR-LA-RI|CH-SG|CH-FR-LA-MN|CH-NW|CH-AG-BR|CH-AG-KU|CH-OW|CH-BE|CH-FR-LA-FR|CH-AG-ZZ|CH-ZG|CH-LU|CH-FR-LA-ME|CH-FR-LA-MO|CH-FR-LA-KE|CH-FR-LA-UL|CH-FR-LA-GR|CH-JU,,,fe93e666-6a0e-4604-ba57-5e06062d2d1c
public_holiday,CH,Switzerland,Epiphany,2024-01-06,2024-01-06,False,,CH-SZ|CH-TI|CH-UR,,,6f2f8004-cae4-42e8-b4b8-2f8bcecbd0a4
public_holiday,CH,Switzerland,St Anthony's Day,2024-01-17,2024-01-17,False,,CH-SZ-SZ-RT|CH-SO-TH-AD,,,00d59e68-00de-446c-8858-faf625ecaaa1
public_holiday,CH,Switzerland,Meinrad Day,2024-01-21,2024-01-21,False,,CH-SZ-ES,,,1ab5e249-a283-4b48-8734-7d5e5a52cbf0
public_holiday,CH,Switzerland,Candlemas,2024-02-02,2024-02-02,False,,CH-SZ-SZ-UB,,,ceb80fec-1a5f-4ec5-a587-f92886cd9780
public_holiday,CH,Switzerland,Agathe's day,2024-02-05,2024-02-05,False,,CH-SZ-SZ-SA,,,289d8c5d-b07d-4d1b-97aa-901ef62e4dff
public_holiday,CH,Switzerland,Establishment of the Republic,2024-03-01,2024-03-01,False,,CH-NE,,,18c64f59-9330-4c67-b6ed-4084cbe2b2b1
public_holiday,CH,Switzerland,St Joseph's Day,2024-03-19,2024-03-19,False,,CH-SZ|CH-VS|CH-NW|CH-TI|CH-UR,,,faa638bc-c9c4-4943-93db-609218dcb63a
public_holiday,CH,Switzerland,St Benedict,2024-03-21,2024-03-21,False,,CH-OW-EN,,,7a63dc38-0a9b-40b9-ab65-6ef6820b86d0
public_holiday,CH,Switzerland,Good Friday,2024-03-29,2024-03-29,False,,CH-GL|CH-SO|CH-TG|CH-GE|CH-SZ|CH-VD|CH-BS|CH-SH|CH-SG|CH-GR|CH-NW|CH-OW|CH-BE|CH-NE|CH-ZG|CH-LU|CH-AI|CH-FR|CH-AR|CH-AG|CH-UR|CH-BL|CH-ZH|CH-JU,,,3b2313fe-d17b-456a-a4c1-377ad5f3e7e8
public_holiday,CH,Switzerland,Easter Monday,2024-04-01,2024-04-01,False,,CH-GL|CH-AG-ZF|CH-SO|CH-TG|CH-GE|CH-SZ|CH-VD|CH-BS|CH-AG-RF-OL|CH-AG-RF-WA|CH-VS|CH-SH|CH-AG-AA|CH-AG-LB|CH-SG|CH-GR|CH-NW|CH-AG-BR|CH-AG-BA|CH-AG-RF-RF|CH-AG-KU|CH-OW|CH-BE|CH-NE|CH-ZG|CH-LU|CH-AI|CH-FR|CH-TI|CH-AG-RF-MO|CH-AG-RF-ZE|CH-AR|CH-UR|CH-BL|CH-AG-RF-KA|CH-ZH|CH-AG-RF-MA|CH-JU|CH-AG-RF-ZU,,,48975d05-ca03-4e2d-b68d-884695548b87
public_holiday,CH,Switzerland,Näfels Ride,2024-04-04,2024-04-04,False,,CH-GL,,,a3df98af-270c-4149-bfd0-6552c26d4d8b
public_holiday,CH,Switzerland,Sechseläuten,2024-04-15,2024-04-15,False,,CH-ZH-ZH-ZH,,,0eb9b7c7-278d-4b69-a118-41532a40a2fd
public_holiday,CH,Switzerland,Labour Day,2024-05-01,2024-05-01,False,,CH-TG|CH-BS|CH-SH|CH-NE|CH-TI|CH-SO-TH-AD|CH-AG|CH-BL|CH-ZH|CH-JU,,,0be07753-7024-4883-9604-b510d07954e3
public_holiday,CH,Switzerland,Saint Sigismund,2024-05-01,2024-05-01,False,,CH-SZ-SZ-MU,,,42c6715c-5b19-4f08-adf9-44cd1cd01b10
public_holiday,CH,Switzerland,Labour Day,2024-05-01,2024-05-01,False,,CH-SO-TH-MD|CH-SO-TH-LD|CH-SO-GG|CH-SO-LB|CH-SO-TH-MR|CH-SO-TS|CH-SO-SO|CH-SO-TH-WG|CH-SO-WA|CH-SO-GA|CH-SO-TH-HB|CH-SO-DE|CH-SO-TH-BT|CH-SO-TH-HW|CH-SO-OL|CH-SO-BB,,"[{'language': 'EN', 'text': 'from 12:00'}]",9ea7a7c5-746e-424a-a23f-afd54f09f797
public_holiday,CH,Switzerland,Ascension Day,2024-05-09,2024-05-09,True,,,,,33e8b4fa-f02e-43e9-b658-fba6d3551dea
public_holiday,CH,Switzerland,Pentecost Monday,2024-05-20,2024-05-20,False,,CH-GL|CH-AG-ZF|CH-SO|CH-TG|CH-GE|CH-SZ|CH-VD|CH-BS|CH-AG-RF-OL|CH-AG-RF-WA|CH-VS|CH-SH|CH-AG-AA|CH-AG-LB|CH-SG|CH-GR|CH-NW|CH-AG-BR|CH-AG-BA|CH-AG-RF-RF|CH-AG-KU|CH-OW|CH-BE|CH-NE|CH-ZG|CH-LU|CH-AI|CH-FR|CH-TI|CH-AG-RF-MO|CH-AG-RF-ZE|CH-AR|CH-UR|CH-BL|CH-AG-RF-KA|CH-ZH|CH-AG-RF-MA|CH-JU|CH-AG-RF-ZU,,,d24c35d1-a786-465c-9538-eb13b20a61bb
public_holiday,CH,Switzerland,Corpus Christi,2024-05-30,2024-05-30,False,,CH-AG-BA-BL|CH-AG-BA-WR|CH-AG-RF-ST|CH-AG-BA-SP|CH-SZ|CH-AG-BA-FI|CH-AG-BA-UN|CH-AG-BA-WU|CH-VS|CH-AG-BA-ME|CH-AG-RF-WE|CH-SO-TH|CH-AG-MU|CH-AG-BG|CH-AG-BA-WO|CH-AG-BA-NR|CH-SO-GG|CH-SO-LB|CH-AG-BA-EH|CH-AG-BA-EN|CH-NW|CH-AG-BA-FR|CH-AG-BA-OS|CH-OW|CH-SO-TS|CH-NE|CH-AG-BA-WE|CH-AG-BA-NH|CH-AG-ZZ|CH-ZG|CH-LU|CH-AG-BA-KU|CH-AG-BA-BA|CH-AG-BA-MA|CH-AG-RF-HE|CH-AG-BA-GE|CH-SO-SO|CH-AI|CH-AG-LA|CH-FR|CH-TI|CH-AG-BA-BI|CH-SO-WA|CH-AG-BA-RE|CH-SO-GA|CH-SO-DE|CH-UR|CH-AG-BA-KI|CH-AG-BA-OR|CH-AG-BA-ST|CH-AG-RF-SU|CH-AG-RF-MU|CH-AG-RF-OB|CH-JU|CH-SO-OL,,,cd09c306-7a7d-4c6e-9376-95f36553e7b1
public_holiday,CH,Switzerland,Celebration of independence,2024-06-23,2024-06-23,False,,CH-JU,,,5f9de169-37e8-418a-86c2-9b988cf61b87
public_holiday,CH,Switzerland,Saints Peter and Paul,2024-06-29,2024-06-29,False,,CH-TI,,,145030c8-cdff-4991-8349-81d1e917992a
public_holiday,CH,Switzerland,Independence Day,2024-08-01,2024-08-01,True,,,,,fc687b29-6743-4844-b734-b01c01e393fd
public_holiday,CH,Switzerland,Assumption Day,2024-08-15,2024-08-15,False,,CH-AG-RF-ST|CH-SZ|CH-VS|CH-AG-RF-WE|CH-SO-TH|CH-AG-MU|CH-AG-BG|CH-SO-GG|CH-SO-LB|CH-NW|CH-OW|CH-SO-TS|CH-ZG|CH-LU|CH-AG-RF-HE|CH-SO-SO|CH-AI|CH-AG-LA|CH-FR|CH-TI|CH-SO-WA|CH-SO-GA|CH-SO-DE|CH-UR|CH-AG-RF-SU|CH-AG-RF-MU|CH-AG-RF-OB|CH-JU|CH-SO-OL,,,7537a06b-46f4-478d-aec5-1e72c4442ab3
public_holiday,CH,Switzerland,Jeûne genevois,2024-09-05,2024-09-05,False,,CH-GE,,,bcda328c-9bd5-47c2-bac1-5a676361d71f
public_holiday,CH,Switzerland,Knabenschiessen,2024-09-09,2024-09-09,False,,CH-ZH-ZH-ZH,,,fd3ae2e8-28bc-4181-8168-2c8a0c80d038
public_holiday,CH,Switzerland,Angel consecration,2024-09-14,2024-09-14,False,,CH-SZ-ES,,,881e587f-726f-4f62-bfd5-db8a4d76ab9d
public_holiday,CH,Switzerland,"Federal Day of Thanksgiving, Repentance and Prayer",2024-09-15,2024-09-15,False,,CH-GL|CH-TG|CH-SZ|CH-BS|CH-VS|CH-SH|CH-SG|CH-GR|CH-NW|CH-OW|CH-BE|CH-NE|CH-ZG|CH-LU|CH-UR|CH-BL|CH-ZH,,,e9a2c395-4114-4670-a967-2e377287a877
public_holiday,CH,Switzerland,Fast Monday,2024-09-16,2024-09-16,False,,CH-VD,,,1064e1f0-7802-4eed-8810-139437db66a2
public_holiday,CH,Switzerland,St. Mauritius Day,2024-09-22,2024-09-22,False,,CH-AI-GO|CH-AI-AP|CH-AI-SH|CH-AI-SR,,,07ff06ac-5d4a-47cf-aedc-af0cd5ddbc56
public_holiday,CH,Switzerland,Saint Nicholas of Flüe Day,2024-09-25,2024-09-25,False,,CH-OW,,,5ef09024-b689-457d-abab-1b4402b88059
public_holiday,CH,Switzerland,St Gallus' Day,2024-10-16,2024-10-16,False,,CH-SZ-SZ-MO,,,76712bf6-c216-41c2-a81c-5d475842d3a6
public_holiday,CH,Switzerland,All Saints' Day,2024-11-01,2024-11-01,False,,CH-GL|CH-SZ|CH-VS|CH-SO-TH|CH-AG-MU|CH-SG|CH-AG-BG|CH-SO-GG|CH-SO-LB|CH-GR|CH-NW|CH-OW|CH-SO-TS|CH-AG-ZZ|CH-ZG|CH-LU|CH-SO-SO|CH-AI|CH-AG-LA|CH-FR|CH-TI|CH-SO-WA|CH-SO-GA|CH-SO-DE|CH-UR|CH-AG-RF|CH-JU|CH-SO-OL,,,c643b0e3-de2c-46f5-95f1-9fdfb898832d
public_holiday,CH,Switzerland,St Martin's Day,2024-11-11,2024-11-11,False,,CH-SZ-SZ-SZ,,,a4da007f-a621-43bd-8324-f2a2d5c2de0c
public_holiday,CH,Switzerland,Immaculate Conception,2024-12-08,2024-12-08,False,,CH-AG-RF-ST|CH-SZ|CH-VS|CH-AG-RF-WE|CH-AG-MU|CH-NW|CH-OW|CH-ZG|CH-LU|CH-AI|CH-AG-LA|CH-FR|CH-TI|CH-UR|CH-AG-RF-SU|CH-AG-RF-MU|CH-AG-RF-OB,,,f1e05941-9817-494a-ba38-70d0cb6b1fd7
public_holiday,CH,Switzerland,Christmas,2024-12-25,2024-12-25,True,,,,,d6cb838a-8136-499a-82cf-1ecace81bb4a
public_holiday,CH,Switzerland,St Stephen's Day,2024-12-26,2024-12-26,False,,CH-GL|CH-AG-ZF|CH-SO|CH-TG|CH-SZ|CH-BS|CH-AG-RF-OL|CH-AG-RF-WA|CH-VS|CH-SH|CH-AG-AA|CH-AG-LB|CH-SG|CH-AG-BG|CH-GR|CH-NW|CH-AG-BR|CH-AG-BA|CH-AG-RF-RF|CH-AG-KU|CH-OW|CH-BE|CH-AG-ZZ|CH-ZG|CH-LU|CH-AI|CH-FR|CH-TI|CH-AG-RF-MO|CH-AG-RF-ZE|CH-AR|CH-UR|CH-BL|CH-AG-RF-KA|CH-ZH|CH-AG-RF-MA|CH-AG-RF-ZU,,,39df4fec-401e-405a-9e39-dc101ce6b52a
public_holiday,CH,Switzerland,Restoration of the Republic,2024-12-31,2024-12-31,False,,CH-GE,,,5939f205-447e-4c4b-9ac2-8cbfe86f1373
public_holiday,CH,Switzerland,New Year's Day,2025-01-01,2025-01-01,True,,,,,e5f43c3f-bc4e-432e-a311-40fe09200f90
public_holiday,CH,Switzerland,Berchtold's Day,2025-01-02,2025-01-02,False,,CH-GL|CH-AG-ZF|CH-SO|CH-FR-LA-MR|CH-TG|CH-VD|CH-VS|CH-SH|CH-AG-BA-BE|CH-AG-AA|CH-AG-LB|CH-FR-LA-RI|CH-SG|CH-FR-LA-MN|CH-NW|CH-AG-BR|CH-AG-KU|CH-OW|CH-BE|CH-FR-LA-FR|CH-AG-ZZ|CH-ZG|CH-LU|CH-FR-LA-ME|CH-FR-LA-MO|CH-FR-LA-KE|CH-FR-LA-UL|CH-FR-LA-GR|CH-JU,,,732e4a20-ea2e-4e8f-b5c4-30b76d8d53ab
public_holiday,CH,Switzerland,Berchtold's Day,2025-01-02,2025-01-02,False,,CH-ZH,,,f530399d-8240-463e-870d-f394040a438e
public_holiday,CH,Switzerland,Epiphany,2025-01-06,2025-01-06,False,,CH-SZ|CH-TI|CH-UR,,,570fc5cc-0c8a-4f9f-aae3-4cc3661581d2
public_holiday,CH,Switzerland,St Anthony's Day,2025-01-17,2025-01-17,False,,CH-SZ-SZ-RT|CH-SO-TH-AD,,,03d28760-194c-4ada-add5-fb978798b471
public_holiday,CH,Switzerland,Meinrad Day,2025-01-21,2025-01-21,False,,CH-SZ-ES,,,ec428d07-6474-44af-9bc1-ec407a4b215d
public_holiday,CH,Switzerland,Candlemas,2025-02-02,2025-02-02,False,,CH-SZ-SZ-UB,,,ffe0c6b5-3d81-49e2-9463-aaf5333a68ed
public_holiday,CH,Switzerland,Agathe's day,2025-02-05,2025-02-05,False,,CH-SZ-SZ-SA,,,92706725-a3bd-4a34-ba81-56e90edb60dc
public_holiday,CH,Switzerland,Establishment of the Republic,2025-03-01,2025-03-01,False,,CH-NE,,,25bf5219-1f0e-4521-b4e0-b50c34f32976
public_holiday,CH,Switzerland,St Joseph's Day,2025-03-19,2025-03-19,False,,CH-SZ|CH-VS|CH-NW|CH-TI|CH-UR,,,03523979-c413-4c44-9e04-f2577090761f
public_holiday,CH,Switzerland,St Benedict,2025-03-21,2025-03-21,False,,CH-OW-EN,,,8e973072-27ea-4736-a7fc-f7da5b9c3fe3
public_holiday,CH,Switzerland,Näfels Ride,2025-04-03,2025-04-03,False,,CH-GL,,,cc5ca869-f7ee-4386-bba4-eb8af92fc501
public_holiday,CH,Switzerland,Good Friday,2025-04-18,2025-04-18,False,,CH-GL|CH-SO|CH-TG|CH-GE|CH-SZ|CH-VD|CH-BS|CH-SH|CH-SG|CH-GR|CH-NW|CH-OW|CH-BE|CH-NE|CH-ZG|CH-LU|CH-AI|CH-FR|CH-AR|CH-AG|CH-UR|CH-BL|CH-ZH|CH-JU,,,2a7947c8-f5db-420f-8f07-5378613e209c
public_holiday,CH,Switzerland,Easter Monday,2025-04-21,2025-04-21,False,,CH-GL|CH-AG-ZF|CH-SO|CH-TG|CH-GE|CH-SZ|CH-VD|CH-BS|CH-AG-RF-OL|CH-AG-RF-WA|CH-VS|CH-SH|CH-AG-AA|CH-AG-LB|CH-SG|CH-GR|CH-NW|CH-AG-BR|CH-AG-BA|CH-AG-RF-RF|CH-AG-KU|CH-OW|CH-BE|CH-NE|CH-ZG|CH-LU|CH-AI|CH-FR|CH-TI|CH-AG-RF-MO|CH-AG-RF-ZE|CH-AR|CH-UR|CH-BL|CH-AG-RF-KA|CH-ZH|CH-AG-RF-MA|CH-JU|CH-AG-RF-ZU,,,2f2c6fbc-8331-409f-b227-7defdd5fd3de
public_holiday,CH,Switzerland,Sechseläuten,2025-04-28,2025-04-28,False,,CH-ZH-ZH-ZH,,,35c5f89e-2595-420d-9b40-67ac49cd3cdc
public_holiday,CH,Switzerland,Labour Day,2025-05-01,2025-05-01,False,,CH-SO-TH-MD|CH-SO-TH-LD|CH-SO-GG|CH-SO-LB|CH-SO-TH-MR|CH-SO-TS|CH-SO-SO|CH-SO-TH-WG|CH-SO-WA|CH-SO-GA|CH-SO-TH-HB|CH-SO-DE|CH-SO-TH-BT|CH-SO-TH-HW|CH-SO-OL|CH-SO-BB,,"[{'language': 'EN', 'text': 'from 12:00'}]",456ce9a9-2f82-485c-a226-1c9fd272fcde
public_holiday,CH,Switzerland,Saint Sigismund,2025-05-01,2025-05-01,False,,CH-SZ-SZ-MU,,,a35992a0-ffcb-480c-b97d-195052c25dfe
public_holiday,CH,Switzerland,Labour Day,2025-05-01,2025-05-01,False,,CH-TG|CH-BS|CH-SH|CH-NE|CH-TI|CH-SO-TH-AD|CH-AG|CH-BL|CH-ZH|CH-JU,,,d1a4b17b-196c-4864-b59d-b329a8866164
public_holiday,CH,Switzerland,Ascension Day,2025-05-29,2025-05-29,True,,,,,f01c712c-c002-4b3c-bec8-88ae7fcf70e5
public_holiday,CH,Switzerland,Pentecost Monday,2025-06-09,2025-06-09,False,,CH-GL|CH-AG-ZF|CH-SO|CH-TG|CH-GE|CH-SZ|CH-VD|CH-BS|CH-AG-RF-OL|CH-AG-RF-WA|CH-VS|CH-SH|CH-AG-AA|CH-AG-LB|CH-SG|CH-GR|CH-NW|CH-AG-BR|CH-AG-BA|CH-AG-RF-RF|CH-AG-KU|CH-OW|CH-BE|CH-NE|CH-ZG|CH-LU|CH-AI|CH-FR|CH-TI|CH-AG-RF-MO|CH-AG-RF-ZE|CH-AR|CH-UR|CH-BL|CH-AG-RF-KA|CH-ZH|CH-AG-RF-MA|CH-JU|CH-AG-RF-ZU,,,6d397395-b64e-4096-b0a0-c497e22a202d
public_holiday,CH,Switzerland,Corpus Christi,2025-06-19,2025-06-19,False,,CH-AG-BA-BL|CH-AG-BA-WR|CH-AG-RF-ST|CH-AG-BA-SP|CH-SZ|CH-AG-BA-FI|CH-AG-BA-UN|CH-AG-BA-WU|CH-VS|CH-AG-BA-ME|CH-AG-RF-WE|CH-SO-TH|CH-AG-MU|CH-AG-BG|CH-AG-BA-WO|CH-AG-BA-NR|CH-SO-GG|CH-SO-LB|CH-AG-BA-EH|CH-AG-BA-EN|CH-NW|CH-AG-BA-FR|CH-AG-BA-OS|CH-OW|CH-SO-TS|CH-NE|CH-AG-BA-WE|CH-AG-BA-NH|CH-AG-ZZ|CH-ZG|CH-LU|CH-AG-BA-KU|CH-AG-BA-BA|CH-AG-BA-MA|CH-AG-RF-HE|CH-AG-BA-GE|CH-SO-SO|CH-AI|CH-AG-LA|CH-FR|CH-TI|CH-AG-BA-BI|CH-SO-WA|CH-AG-BA-RE|CH-SO-GA|CH-SO-DE|CH-UR|CH-AG-BA-KI|CH-AG-BA-OR|CH-AG-BA-ST|CH-AG-RF-SU|CH-AG-RF-MU|CH-AG-RF-OB|CH-JU|CH-SO-OL,,,63a8c4ae-5e5b-4643-beef-01716a9df3cc
public_holiday,CH,Switzerland,Celebration of independence,2025-06-23,2025-06-23,False,,CH-JU,,,cfc74696-abe3-4618-9b23-f9a118a72f4a
public_holiday,CH,Switzerland,Saints Peter and Paul,2025-06-29,2025-06-29,False,,CH-TI,,,239d7f06-27ba-41fe-81c1-b3021f0e0f1d
public_holiday,CH,Switzerland,Independence Day,2025-08-01,2025-08-01,True,,,,,7b4e3520-bea8-442a-b6c2-9bb24cd65986
public_holiday,CH,Switzerland,Assumption Day,2025-08-15,2025-08-15,False,,CH-AG-RF-ST|CH-SZ|CH-VS|CH-AG-RF-WE|CH-SO-TH|CH-AG-MU|CH-AG-BG|CH-SO-GG|CH-SO-LB|CH-NW|CH-OW|CH-SO-TS|CH-ZG|CH-LU|CH-AG-RF-HE|CH-SO-SO|CH-AI|CH-AG-LA|CH-FR|CH-TI|CH-SO-WA|CH-SO-GA|CH-SO-DE|CH-UR|CH-AG-RF-SU|CH-AG-RF-MU|CH-AG-RF-OB|CH-JU|CH-SO-OL,,,75adbf5d-47a6-409a-89ca-e150c9dd0a4c
public_holiday,CH,Switzerland,Jeûne genevois,2025-09-11,2025-09-11,False,,CH-GE,,,0fa12ff5-576b-43bf-9680-bc5e7835a180
public_holiday,CH,Switzerland,Angel consecration,2025-09-14,2025-09-14,False,,CH-SZ-ES,,,2e5304f0-da51-461c-b1ee-1ad0d4fcafef
public_holiday,CH,Switzerland,Knabenschiessen,2025-09-15,2025-09-15,False,,CH-ZH-ZH-ZH,,,cad38d6d-e597-4ae6-a5c3-bc90963f73e5
public_holiday,CH,Switzerland,"Federal Day of Thanksgiving, Repentance and Prayer",2025-09-21,2025-09-21,False,,CH-GL|CH-TG|CH-SZ|CH-BS|CH-VS|CH-SH|CH-SG|CH-GR|CH-NW|CH-OW|CH-BE|CH-NE|CH-ZG|CH-LU|CH-UR|CH-BL|CH-ZH,,,7dff2cb7-4ac6-42f9-96dc-2faafb0b2286
public_holiday,CH,Switzerland,St. Mauritius Day,2025-09-22,2025-09-22,False,,CH-AI-GO|CH-AI-AP|CH-AI-SH|CH-AI-SR,,,5ade4789-2d4c-47c2-b62c-5ad4dc29bdf1
public_holiday,CH,Switzerland,Fast Monday,2025-09-22,2025-09-22,False,,CH-VD,,,c4610b5e-2570-450a-a26a-3e0999883cbb
public_holiday,CH,Switzerland,Saint Nicholas of Flüe Day,2025-09-25,2025-09-25,False,,CH-OW,,,e6f13d9a-9079-4c75-8d3b-0666af5d3e78
public_holiday,CH,Switzerland,St Gallus' Day,2025-10-16,2025-10-16,False,,CH-SZ-SZ-MO,,,efd60619-ebf7-49d2-80d9-4d99daec4e58
public_holiday,CH,Switzerland,All Saints' Day,2025-11-01,2025-11-01,False,,CH-GL|CH-SZ|CH-VS|CH-SO-TH|CH-AG-MU|CH-SG|CH-AG-BG|CH-SO-GG|CH-SO-LB|CH-GR|CH-NW|CH-OW|CH-SO-TS|CH-AG-ZZ|CH-ZG|CH-LU|CH-SO-SO|CH-AI|CH-AG-LA|CH-FR|CH-TI|CH-SO-WA|CH-SO-GA|CH-SO-DE|CH-UR|CH-AG-RF|CH-JU|CH-SO-OL,,,9059faae-d919-4ef6-89c2-551aaae90c30
public_holiday,CH,Switzerland,St Martin's Day,2025-11-11,2025-11-11,False,,CH-SZ-SZ-SZ,,,287d1e3b-7d91-4130-9112-91891b24def8
public_holiday,CH,Switzerland,Immaculate Conception,2025-12-08,2025-12-08,False,,CH-AG-RF-ST|CH-SZ|CH-VS|CH-AG-RF-WE|CH-AG-MU|CH-NW|CH-OW|CH-ZG|CH-LU|CH-AI|CH-AG-LA|CH-FR|CH-TI|CH-UR|CH-AG-RF-SU|CH-AG-RF-MU|CH-AG-RF-OB,,,17c9dc86-3d9d-4bae-a2d4-80640ea1f331
public_holiday,CH,Switzerland,Christmas,2025-12-25,2025-12-25,True,,,,,0dd2d082-11c3-409c-898f-fe9bad348c37
public_holiday,CH,Switzerland,St Stephen's Day,2025-12-26,2025-12-26,False,,CH-GL|CH-AG-ZF|CH-SO|CH-TG|CH-SZ|CH-BS|CH-AG-RF-OL|CH-AG-RF-WA|CH-VS|CH-SH|CH-AG-AA|CH-AG-LB|CH-SG|CH-AG-BG|CH-GR|CH-NW|CH-AG-BR|CH-AG-BA|CH-AG-RF-RF|CH-AG-KU|CH-OW|CH-BE|CH-AG-ZZ|CH-ZG|CH-LU|CH-AI|CH-FR|CH-TI|CH-AG-RF-MO|CH-AG-RF-ZE|CH-AR|CH-UR|CH-BL|CH-AG-RF-KA|CH-ZH|CH-AG-RF-MA|CH-AG-RF-ZU,,,6638de0b-90ce-4d9e-be2d-7f727beff983
public_holiday,CH,Switzerland,Restoration of the Republic,2025-12-31,2025-12-31,False,,CH-GE,,,e012eb39-50a8-46b2-97cc-49a500f558ca
school_holiday,CH,Switzerland,Winter holidays,2022-12-22,2023-01-04,False,,CH-ZG,,,ad557eb6-d2d5-4d99-843f-8f72cfc7ea53
school_holiday,CH,Switzerland,Christmas holidays,2022-12-24,2023-01-08,False,,CH-BS,,,08a48f7b-26de-4117-9701-d1ecaffd28d6
school_holiday,CH,Switzerland,Christmas and New Year holidays,2022-12-24,2023-01-08,False,,CH-GE,,,0dd8a8d8-52bc-44d3-a5f8-ec50db977535
school_holiday,CH,Switzerland,Christmas,2022-12-24,2023-01-08,False,,CH-UR,,,0e6ca5d9-2923-4d41-abc1-74778f1966e7
school_holiday,CH,Switzerland,Christmas,2022-12-24,2023-01-08,False,,CH-SZ,,"[{'language': 'DE', 'text': 'Volksschulen'}]",174736a6-90f9-4675-b606-bf3482ac4576
school_holiday,CH,Switzerland,Christmas,2022-12-24,2023-01-08,False,,CH-NE,,"[{'language': 'FR', 'text': 'École obligatoire'}]",1b5c523d-d9dd-44e2-8ac5-d18e7a65bffe
school_holiday,CH,Switzerland,Christmas,2022-12-24,2023-01-08,False,,CH-NW,,"[{'language': 'DE', 'text': 'Volksschulen und Mittelschulen'}]",1c3c8efa-057a-4713-993c-0dbe36c2c3a0
school_holiday,CH,Switzerland,Christmas,2022-12-24,2023-01-08,False,,CH-OW,,"[{'language': 'DE', 'text': 'Alle Schulen ausser Engelberg'}]",1f2f18df-7bd2-4a1a-9ea4-fdfbf6290421
school_holiday,CH,Switzerland,Christmas holidays,2022-12-24,2023-01-08,False,,CH-GR-VM|CH-GR-ML|CH-GR-EB|CH-GR-IB|CH-GR-SS|CH-GR-BN|CH-GR-PD|CH-GR-PS|CH-GR-LQ|CH-GR-AB,CH-GR-VS,,1f3dc475-c050-4ace-9ca6-6635b474526c
school_holiday,CH,Switzerland,Christmas,2022-12-24,2023-01-08,False,,CH-GL,,,338fbce3-79e6-41cf-ad9e-cd9f121194a8
school_holiday,CH,Switzerland,Christmas holidays,2022-12-24,2023-01-08,False,,CH-AI,,,4491bdee-cec5-47dd-8136-953aab29a165
school_holiday,CH,Switzerland,Christmas,2022-12-24,2023-01-08,False,,CH-VS,,"[{'language': 'EN', 'text': 'German-speaking'}]",5d45b319-9332-4afa-b157-51fa2f3a649b
school_holiday,CH,Switzerland,Christmas holidays,2022-12-24,2023-01-08,False,,CH-LU,,,6bc78d05-9559-497e-b84a-077b93f48145
school_holiday,CH,Switzerland,Christmas,2022-12-24,2023-01-02,False,,CH-SH,,,77cf513b-6216-4058-9dd0-eb4afc4593a7
school_holiday,CH,Switzerland,Christmas,2022-12-24,2023-01-08,False,,CH-VD,,,a7f4e927-fb70-47bd-97f8-80773da67c8b
school_holiday,CH,Switzerland,Christmas holidays,2022-12-24,2023-01-08,False,,CH-BL,,,aaeca919-6944-4288-b683-23045b4f2dec
school_holiday,CH,Switzerland,Christmas,2022-12-24,2023-01-08,False,,CH-TG,,"[{'language': 'DE', 'text': 'Volksschulen'}]",b5fb3b82-1d6c-441b-853e-fbe8ba3e8ea7
school_holiday,CH,Switzerland,Christmas,2022-12-24,2023-01-08,False,,CH-BE,CH-BE-VS,,c4c753c0-92a0-4770-b1e8-4af11b6ae94c
school_holiday,CH,Switzerland,Christmas,2022-12-24,2023-01-08,False,,CH-TI,,,d2418057-0da6-4ba1-a66c-8dfa8944fe0e
school_holiday,CH,Switzerland,Christmas,2022-12-24,2023-01-08,False,,CH-FR,,"[{'language': 'FR', 'text': 'Écoles primaires (ville)'}]",df80a444-329c-4186-adea-4a581561dfed
school_holiday,CH,Switzerland,Christmas holidays,2022-12-25,2023-01-08,False,,CH-SG,,,91dd933e-fe28-4494-800d-8511a882ef2b
school_holiday,CH,Switzerland,Christmas holidays,2022-12-26,2023-01-06,False,,CH-JU,,,196823b2-00e0-45d1-b37d-00f16eb7fd06
school_holiday,CH,Switzerland,Christmas holidays,2022-12-26,2023-01-07,False,,CH-ZH,,,330bb4e3-4613-4774-8b48-41b542b9c329
school_holiday,CH,Switzerland,Christmas holidays,2022-12-26,2023-01-06,False,,CH-SO,CH-SO-MS|CH-SO-BS,,79c0dec0-7c2d-405a-b1c5-362367051ac1
school_holiday,CH,Switzerland,Christmas,2022-12-26,2023-01-06,False,,CH-BE,CH-BE-EO,,a6b7ac2c-fcfc-49ca-af91-225be544e245
school_holiday,CH,Switzerland,Christmas holidays,2022-12-26,2023-01-06,False,,CH-AR,CH-AR-VS,,fd826afe-9ba7-4ea4-a8b9-0e4477d83d02
school_holiday,CH,Switzerland,Winter holidays,2022-12-27,2023-01-06,False,,CH-AG,,,03af38a8-48ac-46d7-be87-869dd7476b37
school_holiday,CH,Switzerland,Sports holidays,2023-01-28,2023-02-05,False,,CH-AI-OB,,,16e95ff7-5951-49cc-85f6-66803b32a0e3
school_holiday,CH,Switzerland,Sport,2023-01-28,2023-02-12,False,,CH-SH,,,85741e7c-04b9-4a4d-9ce6-05455d511236
school_holiday,CH,Switzerland,Sport,2023-01-28,2023-02-05,False,,CH-TG,,"[{'language': 'DE', 'text': 'Volksschulen'}]",89b85066-220f-41e9-b1c8-a480e9569492
school_holiday,CH,Switzerland,Sport,2023-01-28,2023-02-05,False,,CH-GL,,,ba29b515-2002-4aef-80b4-d9d7f87e6afa
school_holiday,CH,Switzerland,Sports holidays,2023-02-04,2023-02-19,False,,CH-ZG,,,96e9a8cf-a8b8-4cd2-971a-356eeb3e7b16
school_holiday,CH,Switzerland,February week,2023-02-04,2023-02-12,False,,CH-BE,CH-BE-VS,,e8fc8ba5-c31f-462a-b5e2-57584a5b1060
school_holiday,CH,Switzerland,Winter break,2023-02-06,2023-02-17,False,,CH-SO,CH-SO-MS|CH-SO-BS,,253be433-e1d1-442a-a808-4e88c2cc9839
school_holiday,CH,Switzerland,Sport,2023-02-11,2023-02-26,False,,CH-NW,,"[{'language': 'DE', 'text': 'Volksschulen und Mittelschulen'}]",287559d4-ba67-4bc9-bf11-23ae5d3bc400
school_holiday,CH,Switzerland,Sport,2023-02-11,2023-02-26,False,,CH-OW,,"[{'language': 'DE', 'text': 'Ausnahmeregelung für Gemeinde Engelberg (16.02.2023-26.02.2023)'}]",2adecc1c-336d-4b94-b3a0-6598a57a0040
school_holiday,CH,Switzerland,Carnival holidays,2023-02-11,2023-02-26,False,,CH-LU,,,3cbb062b-3ae6-4874-93e1-5fd0f497cf31
school_holiday,CH,Switzerland,Sport,2023-02-11,2023-02-19,False,,CH-VD,,,bd65f16f-2722-43d7-97b1-edde37238bd9
school_holiday,CH,Switzerland,Sports holidays,2023-02-17,2023-02-26,False,,CH-AI-GO|CH-AI-AP|CH-AI-SH|CH-AI-SR,,,794b5c64-633f-456f-bc01-f2375783ebc0
school_holiday,CH,Switzerland,Sport,2023-02-18,2023-02-26,False,,CH-TI,,,345c1566-6bc9-4eb0-8ea8-89a03e19d6dd
school_holiday,CH,Switzerland,Sport,2023-02-18,2023-02-26,False,,CH-VS,,"[{'language': 'EN', 'text': 'French-speaking'}]",38370cf1-1e58-4d24-a23a-d41af3b163c8
school_holiday,CH,Switzerland,February holidays,2023-02-18,2023-02-26,False,,CH-GE,,,387eebbe-d377-4148-a809-c968dcf1a414
school_holiday,CH,Switzerland,Carnival holidays,2023-02-18,2023-03-05,False,,CH-BL,,,4132cd7d-dac5-4a39-8588-d8639a25bc9f
school_holiday,CH,Switzerland,Carnival holidays,2023-02-18,2023-03-05,False,,CH-BS,,,9c21b6c3-924c-4834-99d9-3a261e65553f
school_holiday,CH,Switzerland,Sport,2023-02-18,2023-02-26,False,,CH-FR,,"[{'language': 'FR', 'text': 'Écoles sec. II'}]",b34ecd7f-4e39-476b-a254-b5ff9186b1a4
school_holiday,CH,Switzerland,Winter break,2023-02-20,2023-02-24,False,,CH-JU,,,313cd02f-2e0c-4c13-afbd-2beb1b7892ab
school_holiday,CH,Switzerland,Sport,2023-02-25,2023-03-05,False,,CH-SZ,,"[{'language': 'DE', 'text': 'Volksschulen'}]",122c1780-8f57-4fab-8bed-77bb9676fa4f
school_holiday,CH,Switzerland,Sport,2023-02-25,2023-03-05,False,,CH-NE,,"[{'language': 'FR', 'text': 'École obligatoire'}]",627e9106-90a2-48ea-a2cd-57e807c0674c
school_holiday,CH,Switzerland,Sport,2023-02-25,2023-03-12,False,,CH-VS,,"[{'language': 'EN', 'text': 'German-speaking'}]",f4a2248c-28ab-4e20-8644-f064ecae8ecd
school_holiday,CH,Switzerland,Sport,2023-03-04,2023-03-12,False,,CH-UR,,,6b8bc05d-7ad8-46d6-9c52-4f577fbc0369
school_holiday,CH,Switzerland,Sport,2023-03-04,2023-03-12,False,,CH-VS,,"[{'language': 'DE', 'text': 'Ausnahmeregelung für Tourismusgemeinden'}]",7960977a-cc67-4d98-a41f-3d88f366e01a
school_holiday,CH,Switzerland,Spring,2023-03-25,2023-04-10,False,,CH-TG,,"[{'language': 'DE', 'text': 'Volksschulen'}]",49fc683f-a352-42f8-9186-b597b7c30f94
school_holiday,CH,Switzerland,Spring holidays,2023-04-01,2023-04-16,False,,CH-BL,,,9cda126c-e467-4cc0-89da-212d6b52058c
school_holiday,CH,Switzerland,Spring holidays,2023-04-01,2023-04-16,False,,CH-BS,,,d0373984-4a2a-438d-8dbf-03bc4619b628
school_holiday,CH,Switzerland,Easter holidays,2023-04-07,2023-04-23,False,,CH-GE,,,07a50a53-88f0-4b5e-aeae-288b66110a6e
school_holiday,CH,Switzerland,Spring,2023-04-07,2023-04-23,False,,CH-FR,,"[{'language': 'FR', 'text': 'Écoles sec. II'}]",086241fb-dbd1-4028-bbd7-bdd3b65ccbab
school_holiday,CH,Switzerland,Easter,2023-04-07,2023-04-10,False,,CH-ZH,CH-ZH-MS|CH-ZH-BS,,0c3a7328-2f1f-489c-aeae-848194a61bc9
school_holiday,CH,Switzerland,Spring holidays,2023-04-07,2023-04-23,False,,CH-AI,,,20d84ebe-b36b-4dc9-96db-769359428e91
school_holiday,CH,Switzerland,Spring,2023-04-07,2023-04-16,False,,CH-TI,,,2c25ed0e-bf60-48d6-abbb-9814a380c0b1
school_holiday,CH,Switzerland,Spring holidays,2023-04-07,2023-04-23,False,,CH-BE,CH-BE-VS,,35f73a0a-74fb-4e08-bc89-8184330b7c51
school_holiday,CH,Switzerland,Spring,2023-04-07,2023-04-23,False,,CH-OW,,"[{'language': 'DE', 'text': 'Alle Schulen ausser Engelberg'}]",3d8b0c36-eaa1-4bc3-888a-c9611089bbfa
school_holiday,CH,Switzerland,Spring holidays,2023-04-07,2023-04-21,False,,CH-BE,CH-BE-EO,,6a0ff219-fe0b-4884-9518-8b5bf44666f8
school_holiday,CH,Switzerland,Spring,2023-04-07,2023-04-23,False,,CH-GL,,,7770f38f-0468-4784-8a3d-045a71084213
school_holiday,CH,Switzerland,Spring,2023-04-07,2023-04-23,False,,CH-NW,,"[{'language': 'DE', 'text': 'Volksschulen und Mittelschulen'}]",822852a7-08bf-4724-ae20-cfaee61f6168
school_holiday,CH,Switzerland,Spring,2023-04-07,2023-04-23,False,,CH-VD,,,ac20e359-e7b3-41ca-a62d-a211c0561a16
school_holiday,CH,Switzerland,Easter,2023-04-07,2023-04-10,False,,CH-ZH,CH-ZH-VS,,b1c2d3e4-f5a6-7b8c-9d0e-1f2a3b4c5d6e
school_holiday,CH,Switzerland,Easter holidays,2023-04-07,2023-04-21,False,,CH-JU,,,b3360222-da89-4408-a4b1-9fe5a7209c9c
school_holiday,CH,Switzerland,Spring,2023-04-07,2023-04-16,False,,CH-VS,,"[{'language': 'EN', 'text': 'French-speaking'}]",bd62a84f-ec80-4e39-bea8-25205af24a1b
school_holiday,CH,Switzerland,Spring,2023-04-07,2023-04-23,False,,CH-NE,,"[{'language': 'FR', 'text': 'École obligatoire'}]",d0e309a9-2070-4fe9-98e7-ffbd7aca6b73
school_holiday,CH,Switzerland,Spring holidays,2023-04-07,2023-04-23,False,,CH-LU,,,f5bab825-41ea-4a96-8776-b062d217eada
school_holiday,CH,Switzerland,Spring holidays,2023-04-09,2023-04-23,False,,CH-SG,,,f046a745-cc23-4912-bbb5-48837f709c36
school_holiday,CH,Switzerland,Spring holidays,2023-04-10,2023-04-21,False,,CH-AR,CH-AR-VS,,40f8dc4a-be87-4ac7-a4b5-2727ae97d34e
school_holiday,CH,Switzerland,Spring holidays,2023-04-10,2023-04-21,False,,CH-SO,CH-SO-MS|CH-SO-BS,,815ea111-0e4e-4245-903d-e0b5d50f8c42
school_holiday,CH,Switzerland,Spring holidays,2023-04-11,2023-04-21,False,,CH-AG,,,c24af090-52ca-4e4a-a57a-a174aac77ab3
school_holiday,CH,Switzerland,Spring,2023-04-15,2023-05-01,False,,CH-SH,,,6ea64480-2bc8-4fd2-9edb-c0c5cf02be10
school_holiday,CH,Switzerland,Spring holidays,2023-04-15,2023-04-30,False,,CH-ZG,,,74b01dcd-63e0-42b1-8d6c-dc1b279b51a2
school_holiday,CH,Switzerland,Spring,2023-04-22,2023-05-07,False,,CH-UR,,,53f4186d-4d12-46e9-8235-7be4208b0583
school_holiday,CH,Switzerland,Spring holidays,2023-04-24,2023-05-06,False,,CH-ZH,CH-ZH-VS,,0999f546-5a7c-4db7-be95-8864e3bc909a
school_holiday,CH,Switzerland,Spring holidays,2023-04-24,2023-05-06,False,,CH-ZH,CH-ZH-MS|CH-ZH-BS,,aaf5a2c0-2082-41f2-a229-709f2ff180bb
school_holiday,CH,Switzerland,Spring,2023-04-29,2023-05-14,False,,CH-SZ,,"[{'language': 'DE', 'text': 'Volksschulen'}]",62f8229c-e53b-4962-b850-2932534a9692
school_holiday,CH,Switzerland,Spring,2023-05-13,2023-05-21,False,,CH-VS,,"[{'language': 'EN', 'text': 'German-speaking'}]",afdc2e52-ec56-4937-9d31-62c84e771fb4
school_holiday,CH,Switzerland,Spring,2023-05-13,2023-05-29,False,,CH-VS,,"[{'language': 'DE', 'text': 'Ausnahmeregelung für Tourismusgemeinden'}]",d046967d-4cbb-45ec-8219-0222b65bdd17
school_holiday,CH,Switzerland,Ascension,2023-05-18,2023-05-19,False,,CH-JU,,,0d00fffe-2c46-41b8-bc23-1f6798d6fd5f
school_holiday,CH,Switzerland,Ascension Day holidays,2023-05-18,2023-05-21,False,,CH-ZG,,,4fc1e4c4-ea18-40c0-a362-a3d93697356d
school_holiday,CH,Switzerland,Ascension Bridge,2023-05-18,2023-05-19,False,,CH-GE,,,65499929-c6f6-4c4a-9b92-de0638e9e47a
school_holiday,CH,Switzerland,Ascension Bridge,2023-05-19,2023-05-19,False,,CH-BL,,,10b44c79-9b1e-416e-bcdf-aa9dd0d9a6ee
school_holiday,CH,Switzerland,Ascension Bridge,2023-05-19,2023-05-19,False,,CH-BS,,,da0b3d7e-564b-4231-a4af-742a6ddc97ec
school_holiday,CH,Switzerland,Summer,2023-06-17,2023-08-27,False,,CH-TI,,,92a667eb-7123-4d67-af0e-026605d4d844
school_holiday,CH,Switzerland,Summer,2023-06-24,2023-08-16,False,,CH-VS,,"[{'language': 'EN', 'text': 'French-speaking'}]",d395e127-46ff-46a4-87f7-fce9fbaaa5a0
school_holiday,CH,Switzerland,Summer,2023-07-01,2023-08-20,False,,CH-UR,,,292f2187-5f78-4a16-95ef-73d3da8a7ea9
school_holiday,CH,Switzerland,Summer holidays,2023-07-01,2023-08-20,False,,CH-GE,,,747e1e8b-3eb1-4b04-818f-4dd1d0a96aca
school_holiday,CH,Switzerland,Summer holidays,2023-07-01,2023-08-13,False,,CH-BS,,,856229fe-2dd6-42c2-a68c-1dfbc9258115
school_holiday,CH,Switzerland,Summer,2023-07-01,2023-08-23,False,,CH-FR,,"[{'language': 'FR', 'text': 'Écoles sec. II'}]",92daab0e-44c8-4e50-b326-cbfba7561286
school_holiday,CH,Switzerland,Summer,2023-07-01,2023-08-15,False,,CH-VS,,"[{'language': 'EN', 'text': 'German-speaking'}]",9b2cae82-04be-405a-ad8f-f1f670b474e1
school_holiday,CH,Switzerland,Summer,2023-07-01,2023-08-13,False,,CH-GL,,,b2770715-2598-4a77-bcd0-8a5bfee1c7a0
school_holiday,CH,Switzerland,Summer holidays,2023-07-01,2023-08-13,False,,CH-AI-GO|CH-AI-AP|CH-AI-SH|CH-AI-SR,,,c01988b6-6956-4862-8255-2afdef621e58
school_holiday,CH,Switzerland,Summer,2023-07-01,2023-08-20,False,,CH-VD,,,f26b837e-ef2f-412c-9de6-6d088ff954f2
school_holiday,CH,Switzerland,Summer,2023-07-01,2023-08-13,False,,CH-NE,,"[{'language': 'FR', 'text': 'École obligatoire'}]",f2bb2b3f-4ba6-4597-b9d6-b08038c7f610
school_holiday,CH,Switzerland,Summer holidays,2023-07-02,2023-08-13,False,,CH-BL,,,a8be9238-46b6-4839-a2e3-5033c57897ac
school_holiday,CH,Switzerland,Summer holidays,2023-07-03,2023-08-18,False,,CH-JU,,,5cdd645d-10c3-4468-8c14-6e7ad144fa94
school_holiday,CH,Switzerland,Summer holidays,2023-07-08,2023-08-13,False,,CH-BE,CH-BE-VS,,3131f9ae-0a51-4ac1-8264-33ab7119529c
school_holiday,CH,Switzerland,Summer,2023-07-08,2023-08-13,False,,CH-TG,,"[{'language': 'DE', 'text': 'Volksschulen'}]",4c31fedc-5601-430b-81e5-2689ef17df8e
school_holiday,CH,Switzerland,Summer,2023-07-08,2023-08-23,False,,CH-FR,,"[{'language': 'FR', 'text': 'Écoles primaires (ville)'}]",69a260d0-e5ed-4de4-8499-15d9931946ce
school_holiday,CH,Switzerland,Summer,2023-07-08,2023-08-20,False,,CH-OW,,"[{'language': 'DE', 'text': 'Ausnahmeregelung für Gemeinde Engelberg (01.07.2023-13.08.2023)'}]",7b9d4051-0932-404c-af7f-3e0519032e32
school_holiday,CH,Switzerland,Summer,2023-07-08,2023-08-27,False,,CH-NW,,"[{'language': 'DE', 'text': 'Mittelschulen'}]",8095366b-8fd2-4aaf-960b-6044b6e0879b
school_holiday,CH,Switzerland,Summer,2023-07-08,2023-08-20,False,,CH-NW,,"[{'language': 'DE', 'text': 'Volksschulen'}]",882071d7-e8a5-4a90-a8ce-84a5c5187890
school_holiday,CH,Switzerland,Summer holidays,2023-07-08,2023-08-13,False,,CH-AI-OB,,,8fb499b2-e605-4f05-a78e-1115501019ec
school_holiday,CH,Switzerland,Summer,2023-07-08,2023-08-13,False,,CH-SH,,,ba745ee3-868e-4885-82cd-f493c9d2584a
school_holiday,CH,Switzerland,Summer holidays,2023-07-08,2023-08-20,False,,CH-ZG,,,c9f69234-d5e8-4e58-80d9-6bd957c18fa5
school_holiday,CH,Switzerland,Summer,2023-07-08,2023-08-13,False,,CH-SZ,,"[{'language': 'DE', 'text': 'Volksschulen'}]",ddcaeacf-e213-4bfe-8f2c-332e72839ee7
school_holiday,CH,Switzerland,Summer holidays,2023-07-08,2023-08-20,False,,CH-LU,,,ea2b8dcb-1b1c-436b-8951-fbd33bfa0cb1
school_holiday,CH,Switzerland,Summer holidays,2023-07-09,2023-08-13,False,,CH-SG,,,63006a41-e794-47be-9d9e-70cb9db69d23
school_holiday,CH,Switzerland,Summer holidays,2023-07-09,2023-08-13,False,,CH-BL,,"[{'language': 'EN', 'text': 'Exception for the Gym. Laufental-Thierstein'}]",8777786e-f66e-490d-8a45-4bae797e39d5
school_holiday,CH,Switzerland,Summer holidays,2023-07-10,2023-08-11,False,,CH-AR,CH-AR-VS,,9e14bd73-61c7-41fe-98d8-127324d1ad74
school_holiday,CH,Switzerland,Summer holidays,2023-07-10,2023-08-18,False,,CH-BE,CH-BE-EO,,a3b68305-ec9b-4340-a611-d7e9d6d9b3af
school_holiday,CH,Switzerland,Summer holidays,2023-07-10,2023-08-15,False,,CH-SO,CH-SO-MS|CH-SO-BS,,ef2c5683-eed9-422d-b1fb-16cb9267805f
school_holiday,CH,Switzerland,Summer holidays,2023-07-17,2023-08-19,False,,CH-ZH,CH-ZH-VS,,954c1f82-6515-4e0f-b40e-dece21d33d84
school_holiday,CH,Switzerland,Summer holidays,2023-07-24,2023-08-11,False,,CH-AG,,,c0248854-008b-4672-b38d-588ea10130a5
school_holiday,CH,Switzerland,Start of the school year,2023-08-14,2023-08-14,False,,CH-GR-VM|CH-GR-ML|CH-GR-EB|CH-GR-IB|CH-GR-SS|CH-GR-BN|CH-GR-PD|CH-GR-PS|CH-GR-LQ|CH-GR-AB,CH-GR-VS,,57fe5130-3067-45c2-8ec1-a9ca83b8eed8
school_holiday,CH,Switzerland,Start of the school year,2023-08-21,2023-08-21,False,,CH-GR-MS,CH-GR-VS,,f29d1d11-7eb5-4719-953f-3e21832be0c4
school_holiday,CH,Switzerland,Autumn holidays,2023-09-23,2023-10-15,False,,CH-BE,CH-BE-VS,,30ea1883-0c66-4a96-a04e-a724d05413f5
school_holiday,CH,Switzerland,Autumn,2023-09-30,2023-10-15,False,,CH-OW,,"[{'language': 'DE', 'text': 'Ausnahmeregelung für Gemeinde Engelberg (07.10.2023-29.10.2023)'}]",00ac11ce-ccb0-4c24-92fd-d1c565950cdb
school_holiday,CH,Switzerland,Autumn,2023-09-30,2023-10-22,False,,CH-SH,,,1c071e92-0ae7-4a9d-a611-5c4bdb491c1d
school_holiday,CH,Switzerland,Autumn holidays,2023-09-30,2023-10-22,False,,CH-BL,,"[{'language': 'EN', 'text': 'Exception for the Gym. Laufental-Thierstein'}]",24b0618b-fbb0-4fff-b5f8-0745d87c9365
school_holiday,CH,Switzerland,Autumn holidays,2023-09-30,2023-10-15,False,,CH-LU,,,6f6c0fb8-f2d0-4903-92ac-6a522ee68873
school_holiday,CH,Switzerland,Autumn holidays,2023-09-30,2023-10-15,False,,CH-BS,,,78c239df-e783-47c0-9d15-1453e2e477fa
school_holiday,CH,Switzerland,Autumn,2023-09-30,2023-10-15,False,,CH-NE,,"[{'language': 'FR', 'text': 'École obligatoire'}]",8e20fd99-cfe6-4551-ad5a-927176091741
school_holiday,CH,Switzerland,Autumn holidays,2023-09-30,2023-10-15,False,,CH-BL,,,9a02ca58-d1bd-414c-97b4-1d5de46d3ab5
school_holiday,CH,Switzerland,Autumn,2023-09-30,2023-10-15,False,,CH-NW,,"[{'language': 'DE', 'text': 'Volksschulen und Mittelschulen'}]",d472f04a-0e93-47e1-84d4-4c18f5dfda44
school_holiday,CH,Switzerland,Autumn,2023-09-30,2023-10-15,False,,CH-SZ,,"[{'language': 'DE', 'text': 'Volksschulen'}]",e0b5b5aa-9527-4075-9612-821c090fd5d4
school_holiday,CH,Switzerland,Autumn holidays,2023-09-30,2023-10-22,False,,CH-AI-OB,,,e66e37d7-a7af-4984-8a94-6165876635b2
school_holiday,CH,Switzerland,Autumn holidays,2023-10-01,2023-10-22,False,,CH-SG,,,168584fa-ceb1-4e50-b815-aafe1a7965a2
school_holiday,CH,Switzerland,Autumn holidays,2023-10-02,2023-10-13,False,,CH-AG,,,516349e8-f4fd-4cad-a3cb-55d62b09ce53
school_holiday,CH,Switzerland,Autumn holidays,2023-10-02,2023-10-20,False,,CH-SO,CH-SO-MS|CH-SO-BS,,b5be41c6-29ce-4674-9ab6-106203ba550e
school_holiday,CH,Switzerland,Autumn,2023-10-07,2023-10-22,False,,CH-TG,,"[{'language': 'DE', 'text': 'Volksschulen'}]",0ebd8baa-958d-4c76-b5c7-2cf4bb410b81
school_holiday,CH,Switzerland,Autumn,2023-10-07,2023-10-22,False,,CH-UR,,,1e6a710f-73f4-4cf7-8f76-035e9a045429
school_holiday,CH,Switzerland,Autumn holidays,2023-10-07,2023-10-22,False,,CH-GR-VM|CH-GR-ML|CH-GR-EB|CH-GR-IB|CH-GR-SS|CH-GR-BN|CH-GR-PD|CH-GR-PS|CH-GR-LQ|CH-GR-AB,CH-GR-VS,,519baf75-a905-4f37-a930-a38f7d626a5a
school_holiday,CH,Switzerland,Autumn holidays,2023-10-07,2023-10-22,False,,CH-AI-GO|CH-AI-AP|CH-AI-SH|CH-AI-SR,,,5c408ca7-3aab-4e3d-8fbc-28dcd0b8b7a7
school_holiday,CH,Switzerland,Autumn holidays,2023-10-07,2023-10-22,False,,CH-ZG,,,72155d41-55c8-4fae-961a-9df95fd25b7a
school_holiday,CH,Switzerland,Autumn,2023-10-07,2023-10-22,False,,CH-GL,,,ea5dc079-591d-420c-b6db-eeb961f336b7
school_holiday,CH,Switzerland,Autumn holidays,2023-10-09,2023-10-20,False,,CH-AR,CH-AR-VS,,34ec8ae0-12bd-4819-a52e-84591e7ef0c3
school_holiday,CH,Switzerland,Autumn holidays,2023-10-09,2023-10-20,False,,CH-BE,CH-BE-EO,,7d545735-302f-4372-b9dc-84eeffc34497
school_holiday,CH,Switzerland,Autumn holidays,2023-10-09,2023-10-21,False,,CH-ZH,CH-ZH-VS,,9ddd3b97-4e9b-4e7c-8a82-8fc5d6f1a358
school_holiday,CH,Switzerland,Autumn holidays,2023-10-09,2023-10-21,False,,CH-ZH,CH-ZH-MS|CH-ZH-BS,,c48c7611-ffb0-4402-96e7-ab20ddfbb123
school_holiday,CH,Switzerland,Autumn,2023-10-14,2023-10-29,False,,CH-VS,,"[{'language': 'EN', 'text': 'German-speaking'}]",39f902dc-09f2-470a-9f7f-22831195a61d
school_holiday,CH,Switzerland,Autumn,2023-10-14,2023-10-29,False,,CH-VD,,,7c432f92-c24e-45cd-9b03-435698af1306
school_holiday,CH,Switzerland,Autumn,2023-10-14,2023-10-29,False,,CH-FR,,"[{'language': 'FR', 'text': 'Écoles sec. II'}]",b00c11bf-c02b-407d-95ae-7abb2987dfd5
school_holiday,CH,Switzerland,Autumn holidays,2023-10-16,2023-10-27,False,,CH-JU,,,faec1dcd-44e6-4b89-a28c-2a0e819082e7
school_holiday,CH,Switzerland,Autumn,2023-10-19,2023-10-29,False,,CH-VS,,"[{'language': 'EN', 'text': 'French-speaking'}]",ac7555b2-8eb8-4ef9-aa53-27c5492f0d6d
school_holiday,CH,Switzerland,Autumn holidays,2023-10-21,2023-10-29,False,,CH-GE,,,cd0a55a9-cc2d-4af5-972d-4eac42ef4897
school_holiday,CH,Switzerland,Autumn,2023-10-28,2023-11-05,False,,CH-TI,,,2e53d72e-4042-4c38-8b0c-b9162a95a989
school_holiday,CH,Switzerland,Autumn holidays,2023-10-28,2023-11-05,False,,CH-GR-MS,CH-GR-VS,,b5dee9cb-900e-4301-a65c-dcee34694049
school_holiday,CH,Switzerland,Christmas,2023-12-21,2024-01-07,False,,CH-NE,,"[{'language': 'FR', 'text': 'École obligatoire'}]",c0923b18-2178-4348-99a6-a67b6d12ea38
school_holiday,CH,Switzerland,Christmas holidays,2023-12-23,2024-01-07,False,,CH-LU,,,5b073a86-b274-4052-afd7-ddd307cc69db
school_holiday,CH,Switzerland,Christmas,2023-12-23,2024-01-07,False,,CH-FR,,"[{'language': 'FR', 'text': 'Écoles primaires (ville)'}]",6d474421-2977-46ec-b690-ef6f4b37301e
school_holiday,CH,Switzerland,Christmas,2023-12-23,2024-01-07,False,,CH-OW,,"[{'language': 'DE', 'text': 'Alle Schulen ausser Engelberg'}]",6e94b178-fb36-4e8c-a416-e549d760cd2d
school_holiday,CH,Switzerland,Christmas,2023-12-23,2024-01-07,False,,CH-TG,,"[{'language': 'DE', 'text': 'Volksschulen'}]",77540805-d399-4715-8f2d-22c425772d41
school_holiday,CH,Switzerland,Christmas,2023-12-23,2024-01-07,False,,CH-UR,,,78161ea2-6f54-4aef-a7e3-966a93e7e2b0
school_holiday,CH,Switzerland,Christmas,2023-12-23,2024-01-07,False,,CH-NW,,"[{'language': 'DE', 'text': 'Volksschulen und Mittelschulen'}]",78b1aede-5b3b-43f1-a766-19f4254192d1
school_holiday,CH,Switzerland,Christmas,2023-12-23,2024-01-07,False,,CH-VD,,,85d32955-2c45-4cea-a451-ec7f4a7cb6e4
school_holiday,CH,Switzerland,Christmas holidays,2023-12-23,2024-01-07,False,,CH-GR-MS,CH-GR-VS,,8bc323f5-e146-4134-89e4-f3e94c25b725
school_holiday,CH,Switzerland,Christmas,2023-12-23,2024-01-07,False,,CH-SZ,,"[{'language': 'DE', 'text': 'Volksschulen'}]",8f7fde05-c25e-4f3e-854a-62335305cfd7
school_holiday,CH,Switzerland,Christmas,2023-12-23,2024-01-07,False,,CH-BE,CH-BE-VS,,900ed459-26f8-4c22-81b0-8ccfb6039758
school_holiday,CH,Switzerland,Christmas and New Year holidays,2023-12-23,2024-01-07,False,,CH-GE,,,939527aa-6efc-43c4-a5c9-bc704cd5cb39
school_holiday,CH,Switzerland,Christmas,2023-12-23,2024-01-07,False,,CH-GL,,,99668731-ab7d-4ed6-84d8-2b8893b6b3ad
school_holiday,CH,Switzerland,Christmas,2023-12-23,2024-01-07,False,,CH-VS,,"[{'language': 'EN', 'text': 'French-speaking'}]",9a2e7f57-7052-4f65-a03b-c916472cd93b
school_holiday,CH,Switzerland,Christmas holidays,2023-12-23,2024-01-07,False,,CH-BS,,,9f00dfe6-8272-4c8c-bd9f-e568b829feff
school_holiday,CH,Switzerland,Winter holidays,2023-12-23,2024-01-07,False,,CH-ZG,,,a3e46558-b3a1-4867-a0e0-c1481d55b995
school_holiday,CH,Switzerland,Christmas,2023-12-23,2024-01-07,False,,CH-TI,,,b7cc682d-b05e-4b9b-88e0-759e39e4fdd4
school_holiday,CH,Switzerland,Christmas holidays,2023-12-23,2024-01-07,False,,CH-GR-VM|CH-GR-ML|CH-GR-EB|CH-GR-IB|CH-GR-SS|CH-GR-BN|CH-GR-PD|CH-GR-PS|CH-GR-LQ|CH-GR-AB,CH-GR-VS,,c6cf3fd9-d7ec-487b-b334-e198cbc34d66
school_holiday,CH,Switzerland,Christmas holidays,2023-12-23,2024-01-07,False,,CH-BL,,,d1c48117-13c6-4de3-b886-77d44d6ec976
school_holiday,CH,Switzerland,Christmas,2023-12-23,2024-01-02,False,,CH-SH,,,f5e66444-162d-41fd-8d37-adfb0020b5b0
school_holiday,CH,Switzerland,Christmas holidays,2023-12-23,2024-01-07,False,,CH-AI,,,fad7fb2d-3a1f-4504-84a4-1f8f030c817c
school_holiday,CH,Switzerland,Christmas holidays,2023-12-24,2024-01-07,False,,CH-SG,,,609547c1-31b1-4613-bdc5-6d1160bf4018
school_holiday,CH,Switzerland,Christmas holidays,2023-12-25,2024-01-05,False,,CH-SO,CH-SO-MS|CH-SO-BS,,4dbee1a7-dd96-4128-a611-81f893d19920
school_holiday,CH,Switzerland,Christmas,2023-12-25,2024-01-05,False,,CH-BE,CH-BE-EO,,a33be54a-a946-4bfe-bec6-c2df25865527
school_holiday,CH,Switzerland,Christmas holidays,2023-12-25,2024-01-06,False,,CH-ZH,,,b55959f3-3984-48d0-baee-31b7f8b20c3f
school_holiday,CH,Switzerland,Christmas holidays,2023-12-25,2024-01-05,False,,CH-JU,,,e3ec52db-2411-4fd5-9d7b-35652e8500d2
school_holiday,CH,Switzerland,Christmas holidays,2023-12-25,2024-01-05,False,,CH-AR,CH-AR-VS,,f5dab56a-f650-4533-94e2-6fd92a1f09d1
school_holiday,CH,Switzerland,Winter holidays,2023-12-27,2024-01-05,False,,CH-AG,,,e0d978b4-022c-4b39-816a-fe14724843b6
school_holiday,CH,Switzerland,Sports holidays,2024-01-27,2024-02-04,False,,CH-AI-OB,,,0ab6efc5-3e7a-4104-bed7-4827dd145969
school_holiday,CH,Switzerland,Sport,2024-01-27,2024-02-04,False,,CH-TG,,"[{'language': 'DE', 'text': 'Volksschulen'}]",2f38236f-3188-4ef9-bd01-947631412282
school_holiday,CH,Switzerland,Sport,2024-01-27,2024-02-11,False,,CH-SH,,,719a446b-4f93-415b-8044-b77bbf845b54
school_holiday,CH,Switzerland,Sport,2024-01-27,2024-02-04,False,,CH-GL,,,a8beb2c6-483b-4976-80c0-01128746a6e6
school_holiday,CH,Switzerland,Sport,2024-02-03,2024-02-18,False,,CH-OW,,"[{'language': 'DE', 'text': 'Ausnahmeregelung für Gemeinde Engelberg (08.02.2024-18.02.2024)'}]",31b76769-bffe-4224-9fa5-2995a3a95f12
school_holiday,CH,Switzerland,February week,2024-02-03,2024-02-11,False,,CH-BE,CH-BE-VS,,76f24e19-d546-4dad-9c80-84aa1ba57bea
school_holiday,CH,Switzerland,Sport,2024-02-03,2024-02-18,False,,CH-NW,,"[{'language': 'DE', 'text': 'Volksschulen und Mittelschulen'}]",849393ff-7e37-4805-9461-186b473ec3d3
school_holiday,CH,Switzerland,Sports holidays,2024-02-03,2024-02-18,False,,CH-ZG,,,a202789d-0fa5-40cb-9e8a-019a3e83c84f
school_holiday,CH,Switzerland,Carnival holidays,2024-02-03,2024-02-18,False,,CH-LU,,,c302a2e3-bce8-4cd9-bd54-4ae40193c5f1
school_holiday,CH,Switzerland,Winter break,2024-02-05,2024-02-16,False,,CH-SO,CH-SO-MS|CH-SO-BS,,7e528ad7-e5b0-4d9c-827e-10d006ee44a4
school_holiday,CH,Switzerland,Sports holidays,2024-02-09,2024-02-18,False,,CH-AI-GO|CH-AI-AP|CH-AI-SH|CH-AI-SR,,,afd27e93-d643-431f-9117-1ab87ffa0e3c
school_holiday,CH,Switzerland,Sport,2024-02-10,2024-02-18,False,,CH-FR,,"[{'language': 'FR', 'text': 'Écoles sec. II'}]",3e685926-ca35-4a5a-a900-4a50d0bcaf0d
school_holiday,CH,Switzerland,Sport,2024-02-10,2024-02-18,False,,CH-VD,,,4b15caef-244e-4ddb-986e-424769044f01
school_holiday,CH,Switzerland,Carnival holidays,2024-02-10,2024-02-25,False,,CH-BL,,,4f80308b-c879-40e4-8304-fc395ddeb226
school_holiday,CH,Switzerland,Carnival holidays,2024-02-10,2024-02-25,False,,CH-BS,,,5ed95a2c-d644-4dd4-a9dd-884412b9c9e5
school_holiday,CH,Switzerland,Sport,2024-02-10,2024-02-18,False,,CH-TI,,,a2ac4b83-9145-4ae5-b7fc-8536ed2e50d0
school_holiday,CH,Switzerland,Sport,2024-02-10,2024-02-18,False,,CH-VS,,"[{'language': 'EN', 'text': 'French-speaking'}]",f90c5583-dd57-448a-b92e-b910dc4a309f
school_holiday,CH,Switzerland,February holidays,2024-02-17,2024-02-25,False,,CH-GE,,,c28b8616-5ae3-4969-ba6b-4e55ed09fbec
school_holiday,CH,Switzerland,Winter break,2024-02-19,2024-02-23,False,,CH-JU,,,5113dd5b-0be5-429c-adba-9d56f7ad51cd
school_holiday,CH,Switzerland,Sport,2024-02-24,2024-03-03,False,,CH-SZ,,"[{'language': 'DE', 'text': 'Volksschulen'}]",acf941e1-60ae-4364-bc79-b6330dea1eaa
school_holiday,CH,Switzerland,Sport,2024-02-24,2024-03-03,False,,CH-NE,,"[{'language': 'FR', 'text': 'École obligatoire'}]",b0d81215-be40-4384-b7d6-49ec903d1e49
school_holiday,CH,Switzerland,Sport,2024-02-24,2024-03-10,False,,CH-VS,,"[{'language': 'EN', 'text': 'German-speaking'}]",e7796c3b-f0e1-489a-ac98-24ee49e22875
school_holiday,CH,Switzerland,Sport,2024-03-02,2024-03-10,False,,CH-UR,,,cfefc1dd-5c54-4883-949e-5d77e0a6c7b1
school_holiday,CH,Switzerland,Sport,2024-03-02,2024-03-10,False,,CH-VS,,"[{'language': 'DE', 'text': 'Ausnahmeregelung für Tourismusgemeinden'}]",dca19c70-60d8-49cb-88bf-94819013fe3c
school_holiday,CH,Switzerland,Spring holidays,2024-03-23,2024-04-07,False,,CH-BL,,,0647d49c-f997-4123-89c6-d98416f22c7d
school_holiday,CH,Switzerland,Spring holidays,2024-03-23,2024-04-07,False,,CH-BS,,,26ba2cc7-46f4-48b3-843a-b6d7f2fed5e2
school_holiday,CH,Switzerland,Spring holidays,2024-03-29,2024-04-14,False,,CH-LU,,,0d6288cd-f343-4b60-a822-68921c649fb0
school_holiday,CH,Switzerland,Spring,2024-03-29,2024-04-14,False,,CH-VD,,,0ed6ac4e-b1d3-4c2f-ad33-be2fec33a0b5
school_holiday,CH,Switzerland,Spring,2024-03-29,2024-04-14,False,,CH-FR,,"[{'language': 'FR', 'text': 'Écoles primaires (ville)'}]",28e0920a-ef7b-4f83-93de-da7572cbb2fe
school_holiday,CH,Switzerland,Easter,2024-03-29,2024-04-01,False,,CH-ZH,CH-ZH-MS|CH-ZH-BS,,4753f575-43d7-4cb3-adf0-67f3cac6b440
school_holiday,CH,Switzerland,Spring,2024-03-29,2024-04-14,False,,CH-GL,,,5bcfd5fb-5c67-49be-a799-570fb3fc29b4
school_holiday,CH,Switzerland,Easter holidays,2024-03-29,2024-04-12,False,,CH-JU,,,5da0a8c1-1382-4f82-b6d7-a1c6e3bc2fe2
school_holiday,CH,Switzerland,Easter,2024-03-29,2024-04-01,False,,CH-ZH,CH-ZH-VS,,680a7f95-a06f-4b21-aed0-37a6823909eb
school_holiday,CH,Switzerland,Spring,2024-03-29,2024-04-14,False,,CH-NW,,"[{'language': 'DE', 'text': 'Volksschulen und Mittelschulen'}]",6ba47749-9e04-48cb-9917-81117f631b3c
school_holiday,CH,Switzerland,Spring,2024-03-29,2024-04-14,False,,CH-TG,,"[{'language': 'DE', 'text': 'Volksschulen'}]",6deecab4-8bd1-485f-947b-0642c7a0a1ab
school_holiday,CH,Switzerland,Spring,2024-03-29,2024-04-14,False,,CH-OW,,"[{'language': 'DE', 'text': 'Alle Schulen ausser Engelberg'}]",744c4b25-44ea-402d-8b3f-4a3076347247
school_holiday,CH,Switzerland,Spring,2024-03-29,2024-04-14,False,,CH-NE,,"[{'language': 'FR', 'text': 'École obligatoire'}]",95b83ef0-364f-4424-8043-a65e38d6690e
school_holiday,CH,Switzerland,Spring,2024-03-29,2024-04-07,False,,CH-VS,,"[{'language': 'EN', 'text': 'French-speaking'}]",9c7382e8-de08-4bab-a558-53bb7e732148
school_holiday,CH,Switzerland,Spring holidays,2024-03-29,2024-04-12,False,,CH-BE,CH-BE-EO,,9d4f2a33-43fd-4438-a183-75eeebba3448
school_holiday,CH,Switzerland,Spring,2024-03-29,2024-04-07,False,,CH-TI,,,b9ae464c-94c8-4b46-a084-16af67d8ea20
school_holiday,CH,Switzerland,Easter holidays,2024-03-29,2024-04-14,False,,CH-GE,,,be77caf3-2f33-41b8-af0b-b763decaf84d
school_holiday,CH,Switzerland,Spring holidays,2024-04-06,2024-04-21,False,,CH-AI,,,11d97b75-2ecb-4c3e-8811-02f0141acd6f
school_holiday,CH,Switzerland,Spring holidays,2024-04-06,2024-04-21,False,,CH-BE,CH-BE-VS,,324bf367-998b-46c2-baf4-d19073ff78f0
school_holiday,CH,Switzerland,Spring holidays,2024-04-07,2024-04-21,False,,CH-SG,,,8a4a4df4-4c37-4937-baae-33f61b7a3cbe
school_holiday,CH,Switzerland,Spring holidays,2024-04-08,2024-04-19,False,,CH-AR,CH-AR-VS,,6737afee-a0db-4e53-86b7-befd184b1ec7
school_holiday,CH,Switzerland,Spring holidays,2024-04-08,2024-04-19,False,,CH-SO,CH-SO-MS|CH-SO-BS,,752e5903-d72f-49fd-abea-aef879602ca4
school_holiday,CH,Switzerland,Spring holidays,2024-04-08,2024-04-19,False,,CH-AG,,,813574b3-bfbf-4ed6-91f3-8d3b1fcf62c4
school_holiday,CH,Switzerland,Spring holidays,2024-04-13,2024-04-28,False,,CH-ZG,,,0848c463-ba7b-4c39-96e8-e04b77cbba17
school_holiday,CH,Switzerland,Spring,2024-04-13,2024-04-28,False,,CH-SH,,,e8086d7b-38c9-43e0-ac6f-d84e67edbd7e
school_holiday,CH,Switzerland,Spring holidays,2024-04-22,2024-05-04,False,,CH-ZH,CH-ZH-MS|CH-ZH-BS,,4503d6bf-973f-4418-841b-fcb589afad45
school_holiday,CH,Switzerland,Spring holidays,2024-04-22,2024-05-04,False,,CH-ZH,CH-ZH-VS,,ae6ef59b-da6c-4ffe-bc8c-d2d81548eff3
school_holiday,CH,Switzerland,Spring,2024-04-27,2024-05-12,False,,CH-SZ,,"[{'language': 'DE', 'text': 'Volksschulen'}]",202cdd8b-eb17-4813-9f84-73785a2c9ffc
school_holiday,CH,Switzerland,Spring,2024-04-27,2024-05-12,False,,CH-UR,,,4725cca9-08f6-454c-9362-c262ec947f37
school_holiday,CH,Switzerland,Spring,2024-04-27,2024-05-12,False,,CH-VS,,"[{'language': 'DE', 'text': 'Ausnahmeregelung für Tourismusgemeinden'}]",4e4e7799-ccd6-42df-837f-519ee2d7dc80
school_holiday,CH,Switzerland,Spring,2024-05-04,2024-05-12,False,,CH-VS,,"[{'language': 'EN', 'text': 'German-speaking'}]",5fd688da-3dd4-45a9-aece-54f3ad6f63bc
school_holiday,CH,Switzerland,Ascension Bridge,2024-05-09,2024-05-11,False,,CH-ZH,CH-ZH-MS|CH-ZH-BS,,1ec65920-63a9-43ea-ab1e-3849155dfd0f
school_holiday,CH,Switzerland,Ascension,2024-05-09,2024-05-10,False,,CH-JU,,,a5f29a26-c4e5-4364-be25-63cbe9efbf55
school_holiday,CH,Switzerland,Ascension Bridge,2024-05-09,2024-05-10,False,,CH-GE,,,c3f783f5-cf76-42a4-af9a-80b69adfdf86
school_holiday,CH,Switzerland,Ascension Day holidays,2024-05-09,2024-05-12,False,,CH-ZG,,,d749ee21-92e9-488c-b1ff-12a9f16fbdce
school_holiday,CH,Switzerland,Ascension Bridge,2024-05-10,2024-05-10,False,,CH-BL,,,37eec553-e2a4-44bb-bb9f-6c6ea15bd3a8
school_holiday,CH,Switzerland,Ascension Bridge,2024-05-10,2024-05-10,False,,CH-BS,,,6009458a-3a4f-45d1-8048-509f001f93b7
school_holiday,CH,Switzerland,Summer,2024-06-15,2024-09-01,False,,CH-TI,,,9ab4c998-936f-419e-8fcd-7a4e1b0b9a57
school_holiday,CH,Switzerland,Summer,2024-06-22,2024-08-18,False,,CH-VS,,"[{'language': 'EN', 'text': 'French-speaking'}]",fd4aa58f-fe0f-4dad-ae01-7419cb8bd171
school_holiday,CH,Switzerland,Summer,2024-06-29,2024-08-21,False,,CH-FR,,"[{'language': 'FR', 'text': 'Écoles sec. II'}]",5c7b1ca0-7ee3-4c14-af87-462117e59835
school_holiday,CH,Switzerland,Summer holidays,2024-06-29,2024-08-11,False,,CH-AI-GO|CH-AI-AP|CH-AI-SH|CH-AI-SR,,,6b663ec2-19cc-4ea4-837a-988297860549
school_holiday,CH,Switzerland,Summer,2024-06-29,2024-08-11,False,,CH-GL,,,70627c0f-8f73-4526-adb0-40f44db96baa
school_holiday,CH,Switzerland,Summer holidays,2024-06-29,2024-08-11,False,,CH-BS,,,8dec4a83-d7b2-443b-8c3b-f5a7f36069e6
school_holiday,CH,Switzerland,Summer,2024-06-29,2024-08-18,False,,CH-VS,,"[{'language': 'EN', 'text': 'German-speaking'}]",97951d3a-966b-43b2-830d-80c951f6c740
school_holiday,CH,Switzerland,Summer holidays,2024-06-29,2024-08-18,False,,CH-GE,,,a831b109-d19c-4a67-b2bb-04f5cdcb2a16
school_holiday,CH,Switzerland,Summer holidays,2024-06-29,2024-08-11,False,,CH-BL,,,b89debd8-975c-4a83-a062-9cd83933c1dc
school_holiday,CH,Switzerland,Summer,2024-06-29,2024-08-18,False,,CH-VD,,,ff43dc81-35ff-43f3-8e8c-8c140d40570a
school_holiday,CH,Switzerland,Summer holidays,2024-07-06,2024-08-11,False,,CH-BL,,"[{'language': 'EN', 'text': 'Exception for the Gym. Laufental-Thierstein'}]",2df89538-b335-43ec-86b1-b354a747e5d1
school_holiday,CH,Switzerland,Summer,2024-07-06,2024-08-18,False,,CH-NW,,"[{'language': 'DE', 'text': 'Volksschulen'}]",3a0b7f2b-67f1-4c1a-a6d9-22872e169cf0
school_holiday,CH,Switzerland,Summer holidays,2024-07-06,2024-08-18,False,,CH-LU,,,5216961e-50dc-41cd-a4f5-d4f452f432d7
school_holiday,CH,Switzerland,Summer,2024-07-06,2024-08-21,False,,CH-FR,,"[{'language': 'FR', 'text': 'Écoles primaires (ville)'}]",6ac9c6c0-80c7-41b8-bbcc-49843abc1816
school_holiday,CH,Switzerland,Summer,2024-07-06,2024-08-11,False,,CH-TG,,"[{'language': 'DE', 'text': 'Volksschulen'}]",6fec3c00-6314-4b7a-b50b-dc9c0d599255
school_holiday,CH,Switzerland,Summer holidays,2024-07-06,2024-08-18,False,,CH-ZG,,,a0e34646-7e93-4163-86a4-13ab501924d9
school_holiday,CH,Switzerland,Summer,2024-07-06,2024-08-11,False,,CH-SZ,,"[{'language': 'DE', 'text': 'Volksschulen'}]",aabcba61-12c0-483e-ab5b-af61412ae269
school_holiday,CH,Switzerland,Summer,2024-07-06,2024-08-25,False,,CH-NW,,"[{'language': 'DE', 'text': 'Mittelschulen'}]",b8eb14a5-a51f-4892-8b2f-a70e2a95d9d2
school_holiday,CH,Switzerland,Summer,2024-07-06,2024-08-18,False,,CH-UR,,,bcc5fac2-2aa3-4839-b8c7-e7804e82bf53
school_holiday,CH,Switzerland,Summer holidays,2024-07-06,2024-08-11,False,,CH-BE,CH-BE-VS,,d6da36bc-5e57-46e1-947b-d370e736ed91
school_holiday,CH,Switzerland,Summer holidays,2024-07-06,2024-08-11,False,,CH-AI-OB,,,d9664004-3d23-4d27-bb39-219d382a5ff7
school_holiday,CH,Switzerland,Summer,2024-07-06,2024-08-11,False,,CH-SH,,,dfc4a471-db57-48de-8cf2-f0a2540dd22f
school_holiday,CH,Switzerland,Summer,2024-07-06,2024-08-18,False,,CH-NE,,"[{'language': 'FR', 'text': 'École obligatoire'}]",f814481b-c7b7-417c-a114-6bf998d57ea7
school_holiday,CH,Switzerland,Summer,2024-07-06,2024-08-18,False,,CH-OW,,"[{'language': 'DE', 'text': 'Ausnahmeregelung für Gemeinde Engelberg (29.06.2024-11.08.2024)'}]",fdf2e241-35b9-4f7f-8fc4-abe70852d093
school_holiday,CH,Switzerland,Summer holidays,2024-07-07,2024-08-11,False,,CH-SG,,,16d0b603-b9b2-4129-9e24-a1d38a54b260
school_holiday,CH,Switzerland,Summer holidays,2024-07-08,2024-08-09,False,,CH-SO,CH-SO-MS|CH-SO-BS,,01d2d30f-45ab-4746-a8a1-c53d68d1cb5a
school_holiday,CH,Switzerland,Summer holidays,2024-07-08,2024-08-09,False,,CH-AR,CH-AR-VS,,192f48e6-7efb-4d93-84d9-72e4846da28c
school_holiday,CH,Switzerland,Summer holidays,2024-07-08,2024-08-16,False,,CH-JU,,,8d90452c-29ce-44dd-9969-5300053ce0e5
school_holiday,CH,Switzerland,Summer holidays,2024-07-08,2024-08-16,False,,CH-BE,CH-BE-EO,,914eec4b-e86b-416d-bb00-d73903081353
school_holiday,CH,Switzerland,Summer holidays,2024-07-15,2024-08-17,False,,CH-ZH,CH-ZH-VS,,0ecf1cd2-5538-44e0-823c-ce05fc7a61f5
school_holiday,CH,Switzerland,Summer holidays,2024-07-22,2024-08-09,False,,CH-AG,,,c4b3cdf8-c42f-4cc6-a316-7c2b19923239
school_holiday,CH,Switzerland,Start of the school year,2024-08-12,2024-08-12,False,,CH-GR-VM|CH-GR-ML|CH-GR-EB|CH-GR-IB|CH-GR-SS|CH-GR-BN|CH-GR-PD|CH-GR-PS|CH-GR-LQ|CH-GR-AB,CH-GR-VS,,ae4d3135-ba5c-4aa4-b1a7-a3e891a2bd77
school_holiday,CH,Switzerland,Start of the school year,2024-08-26,2024-08-26,False,,CH-GR-MS,CH-GR-VS,,e3ed4fea-e79f-4bb2-afaa-fc6e37aafb21
school_holiday,CH,Switzerland,Autumn holidays,2024-09-21,2024-10-13,False,,CH-BE,CH-BE-VS,,a1dd5775-13bd-453e-94f7-052afeb0777a
school_holiday,CH,Switzerland,Autumn,2024-09-28,2024-10-13,False,,CH-OW,,"[{'language': 'DE', 'text': 'Ausnahmeregelung für Gemeinde Engelberg (05.10.2024-27.10.2024)'}]",27c549a8-496b-4de9-9207-3439ce92d959
school_holiday,CH,Switzerland,Autumn,2024-09-28,2024-10-13,False,,CH-NW,,"[{'language': 'DE', 'text': 'Volksschulen und Mittelschulen'}]",30bb4897-16fe-42cd-af77-3668e41a5363
school_holiday,CH,Switzerland,Autumn holidays,2024-09-28,2024-10-13,False,,CH-BS,,,61f84e5b-6644-4a58-a143-aef2db927c27
school_holiday,CH,Switzerland,Autumn,2024-09-28,2024-10-20,False,,CH-SH,,,62d02b8b-ea7e-4db3-a5e4-6361bf129db1
school_holiday,CH,Switzerland,Autumn holidays,2024-09-28,2024-10-20,False,,CH-BL,,"[{'language': 'EN', 'text': 'Exception for the Gym. Laufental-Thierstein'}]",854e099b-ab08-4a54-8683-8eb1a1bd53e5
school_holiday,CH,Switzerland,Autumn,2024-09-28,2024-10-13,False,,CH-SZ,,"[{'language': 'DE', 'text': 'Volksschulen'}]",a111b660-08f7-484e-94f1-82620e3a271a
school_holiday,CH,Switzerland,Autumn holidays,2024-09-28,2024-10-13,False,,CH-BL,,,ad458f62-b9ef-4eae-b3ca-0a4a8b85309c
school_holiday,CH,Switzerland,Autumn holidays,2024-09-28,2024-10-20,False,,CH-AI-OB,,,d49ca8eb-9c9d-4a03-a0e7-38d474f72dda
school_holiday,CH,Switzerland,Autumn holidays,2024-09-28,2024-10-13,False,,CH-LU,,,d7f04c4a-b99b-4236-85d3-05010fe55fe6
school_holiday,CH,Switzerland,Autumn holidays,2024-09-29,2024-10-20,False,,CH-SG,,,faa66d61-5d28-4ccc-95d4-7cbd38ffeca3
school_holiday,CH,Switzerland,Autumn holidays,2024-09-30,2024-10-18,False,,CH-SO,CH-SO-MS|CH-SO-BS,,1f2d0f1c-2212-46f6-8708-bdc7c8079df3
school_holiday,CH,Switzerland,Autumn holidays,2024-09-30,2024-10-11,False,,CH-AG,,,d0538ca0-aef2-4b61-ac9d-8f4ab9aee456
school_holiday,CH,Switzerland,Autumn holidays,2024-10-05,2024-10-20,False,,CH-GR-VM|CH-GR-ML|CH-GR-EB|CH-GR-IB|CH-GR-SS|CH-GR-BN|CH-GR-PD|CH-GR-PS|CH-GR-LQ|CH-GR-AB,CH-GR-VS,,32465a21-7547-4f10-a562-aeb6d77c2d51
school_holiday,CH,Switzerland,Autumn,2024-10-05,2024-10-20,False,,CH-TG,,"[{'language': 'DE', 'text': 'Volksschulen\t'}]",402202d8-136f-45c8-a1a0-310365dfae2d
school_holiday,CH,Switzerland,Autumn,2024-10-05,2024-10-20,False,,CH-GL,,,8509826a-8412-477d-8bc0-5536af96a6d5
school_holiday,CH,Switzerland,Autumn,2024-10-05,2024-10-20,False,,CH-UR,,,a2a2229b-ef90-4154-81e5-c90ab7a48877
school_holiday,CH,Switzerland,Autumn,2024-10-05,2024-10-20,False,,CH-NE,,"[{'language': 'FR', 'text': 'École obligatoire'}]",c4ff53cc-53d6-4ce3-b997-bec9d223cf92
school_holiday,CH,Switzerland,Autumn holidays,2024-10-05,2024-10-20,False,,CH-ZG,,,dee90528-a499-4b72-82f7-292e90aaaf22
school_holiday,CH,Switzerland,Autumn holidays,2024-10-05,2024-10-20,False,,CH-AI-GO|CH-AI-AP|CH-AI-SH|CH-AI-SR,,,e2cb4aaf-6168-46b1-a002-f0358b88b054
school_holiday,CH,Switzerland,Autumn holidays,2024-10-07,2024-10-19,False,,CH-ZH,CH-ZH-VS,,37095394-e961-4893-95fb-2af447442106
school_holiday,CH,Switzerland,Autumn holidays,2024-10-07,2024-10-19,False,,CH-ZH,CH-ZH-MS|CH-ZH-BS,,80ecc190-d0ca-4e51-85a9-be2b3b604835
school_holiday,CH,Switzerland,Autumn holidays,2024-10-07,2024-10-18,False,,CH-AR,CH-AR-VS,,c50c770f-3ecf-45ab-b28b-8e9b560a038e
school_holiday,CH,Switzerland,Autumn holidays,2024-10-07,2024-10-18,False,,CH-BE,CH-BE-EO,,c77c6f06-52f2-498c-8104-147689b0d623
school_holiday,CH,Switzerland,Autumn,2024-10-12,2024-10-27,False,,CH-VD,,,44ac8c48-7ec2-4aac-8abe-c12528f68810
school_holiday,CH,Switzerland,Autumn,2024-10-12,2024-10-27,False,,CH-FR,,"[{'language': 'FR', 'text': 'Écoles sec. II'}]",c7c83d56-3033-4d42-b48d-134c7763a001
school_holiday,CH,Switzerland,Autumn,2024-10-12,2024-10-27,False,,CH-VS,,"[{'language': 'EN', 'text': 'German-speaking'}]",ce91fe63-1404-44c1-8cf9-1af3aa621292
school_holiday,CH,Switzerland,Autumn holidays,2024-10-14,2024-10-25,False,,CH-JU,,,7cea4b0c-6c58-4b8a-ad0e-6f984ae72e09
school_holiday,CH,Switzerland,Autumn,2024-10-17,2024-10-27,False,,CH-VS,,"[{'language': 'EN', 'text': 'French-speaking'}]",3d81f27d-d1f5-4c2d-a60b-48f34b4f973b
school_holiday,CH,Switzerland,Autumn holidays,2024-10-19,2024-10-27,False,,CH-GE,,,b7ffbe84-d47e-49b9-b0d2-8122ef985156
school_holiday,CH,Switzerland,Autumn holidays,2024-10-26,2024-11-03,False,,CH-GR-MS,CH-GR-VS,,169a9175-3446-4935-b83a-42cdff2c89e9
school_holiday,CH,Switzerland,Autumn,2024-10-26,2024-11-03,False,,CH-TI,,,8967777e-b947-462f-9bab-6db9bac87a4f
school_holiday,CH,Switzerland,Christmas,2024-12-21,2025-01-05,False,,CH-FR,,"[{'language': 'FR', 'text': 'Écoles sec. II'}]",001679f0-f154-40f5-afd1-8c82c31f256b
school_holiday,CH,Switzerland,Christmas,2024-12-21,2025-01-05,False,,CH-BE,CH-BE-VS,,04174e70-4777-4c4f-ab84-486e5945179f
school_holiday,CH,Switzerland,Christmas,2024-12-21,2025-01-05,False,,CH-VD,,,072f6f74-62d4-4229-babd-199a2fc1694b
school_holiday,CH,Switzerland,Christmas,2024-12-21,2025-01-06,False,,CH-TI,,,090ba020-ef03-4ab7-96f4-0edbfdfcaa8f
school_holiday,CH,Switzerland,Christmas,2024-12-21,2025-01-05,False,,CH-VS,,"[{'language': 'EN', 'text': 'German-speaking'}]",15c2d39e-4eff-413f-95da-250ef124f1e6
school_holiday,CH,Switzerland,Christmas holidays,2024-12-21,2025-01-06,False,,CH-GR-MS,CH-GR-VS,,15f29925-93c0-4dd6-9db2-4121d70f91ec
school_holiday,CH,Switzerland,Christmas,2024-12-21,2025-01-06,False,,CH-UR,,,26273d78-c667-4dd4-af90-d4db9bc3b5fd
school_holiday,CH,Switzerland,Christmas holidays,2024-12-21,2025-01-05,False,,CH-GR-VM|CH-GR-ML|CH-GR-EB|CH-GR-IB|CH-GR-SS|CH-GR-BN|CH-GR-PD|CH-GR-PS|CH-GR-LQ|CH-GR-AB,CH-GR-VS,,4bc6110e-1c93-4bbc-8321-ff8b81d889a9
school_holiday,CH,Switzerland,Christmas holidays,2024-12-21,2025-01-05,False,,CH-LU,,,4d974cf2-84a2-4de4-8c49-f3c70d0936ea
school_holiday,CH,Switzerland,Christmas and New Year holidays,2024-12-21,2025-01-05,False,,CH-GE,,,56f806b8-2a39-4fad-8210-6d45abbe0981
school_holiday,CH,Switzerland,Christmas,2024-12-21,2025-01-05,False,,CH-NW,,"[{'language': 'DE', 'text': 'Volksschulen und Mittelschulen'}]",65a928a6-95a0-44ac-bc40-dc4f4ff6188f
school_holiday,CH,Switzerland,Christmas,2024-12-21,2025-01-05,False,,CH-OW,,"[{'language': 'DE', 'text': 'Alle Schulen ausser Engelberg'}]",901abc74-ea7a-4175-820e-ca066aea5c39
school_holiday,CH,Switzerland,Winter holidays,2024-12-21,2025-01-05,False,,CH-ZG,,,93cbb0f7-3402-465b-82e3-3da3485ec049
school_holiday,CH,Switzerland,Christmas holidays,2024-12-21,2025-01-05,False,,CH-BS,,,aa868352-5ec9-46c4-bf40-f0a36834279f
school_holiday,CH,Switzerland,Christmas holidays,2024-12-21,2025-01-05,False,,CH-AI,,,c25680c9-88d5-42da-a512-c9e9c6e3d07b
school_holiday,CH,Switzerland,Christmas,2024-12-21,2025-01-05,False,,CH-GL,,,cf3aec00-a6d4-4a15-91f0-3d29c9bfdd04
school_holiday,CH,Switzerland,Christmas holidays,2024-12-21,2025-01-05,False,,CH-BL,,,e52f1a44-fb25-4fe0-8678-1a163cee279f
school_holiday,CH,Switzerland,Christmas,2024-12-21,2025-01-05,False,,CH-NE,,"[{'language': 'FR', 'text': 'École obligatoire'}]",eda0dd4b-6919-4b64-bcf2-c7426cf1935c
school_holiday,CH,Switzerland,Christmas,2024-12-21,2025-01-05,False,,CH-TG,,"[{'language': 'DE', 'text': 'Volksschulen'}]",ffcdc7ae-45fa-4f8d-ac0d-bd3290bcd151
school_holiday,CH,Switzerland,Christmas holidays,2024-12-22,2025-01-05,False,,CH-SG,,,e86caf3c-dc93-455b-b97f-b07bd710b749
school_holiday,CH,Switzerland,Christmas holidays,2024-12-23,2025-01-03,False,,CH-AR,CH-AR-VS,,41a4ebec-2535-4436-8291-3ffb082c1320
school_holiday,CH,Switzerland,Winter holidays,2024-12-23,2025-01-03,False,,CH-AG,,,54934e67-98c5-4f9c-96c0-e36dae9f7cc9
school_holiday,CH,Switzerland,Christmas,2024-12-23,2025-01-03,False,,CH-BE,CH-BE-EO,,8ea59868-6e80-4160-b0a4-b35fa383af29
school_holiday,CH,Switzerland,Christmas holidays,2024-12-23,2025-01-03,False,,CH-SO,CH-SO-MS|CH-SO-BS,,bcf04faa-bcf6-489e-b49d-442aac6a7d1e
school_holiday,CH,Switzerland,Christmas holidays,2024-12-23,2025-01-03,False,,CH-JU,,,c3739baf-6474-46db-956f-b4117557bcfc
school_holiday,CH,Switzerland,Christmas holidays,2024-12-23,2025-01-04,False,,CH-ZH,,,ebcc1879-efb8-41ef-a9ab-e28752e52da9
school_holiday,CH,Switzerland,Christmas,2024-12-24,2025-01-05,False,,CH-SH,,,854067f3-d203-4b18-9e34-63afd9905aed
school_holiday,CH,Switzerland,Christmas,2024-12-25,2025-01-06,False,,CH-SZ,,"[{'language': 'DE', 'text': 'Volksschulen'}]",e13d7772-808b-4462-aaed-c236be9594d3
school_holiday,CH,Switzerland,Sport,2025-01-25,2025-02-02,False,,CH-TG,,"[{'language': 'DE', 'text': 'Volksschulen'}]",4bd8eef6-4dc2-4007-aec0-ab0c02cfca52
school_holiday,CH,Switzerland,Sport,2025-01-25,2025-02-02,False,,CH-GL,,,5a318e56-56a5-4adc-a3b1-9c8d7bdd612b
school_holiday,CH,Switzerland,Sport,2025-01-25,2025-02-09,False,,CH-SH,,,ecdec835-cd61-40ac-9a7d-61b3dc993d82
school_holiday,CH,Switzerland,February week,2025-02-01,2025-02-09,False,,CH-BE,CH-BE-VS,,3d142b84-9f6e-402b-9d7a-9e2a6df95ecf
school_holiday,CH,Switzerland,Sports holidays,2025-02-01,2025-02-16,False,,CH-ZG,,,40356f4c-c033-47a9-877c-8b510c4d99fa
school_holiday,CH,Switzerland,Winter break,2025-02-03,2025-02-14,False,,CH-SO,CH-SO-MS|CH-SO-BS,,8368c902-869f-4a56-ac8f-cd1a38c5527a
school_holiday,CH,Switzerland,Sport,2025-02-15,2025-02-23,False,,CH-VD,,,bf780aea-ae21-401d-8fb8-8ec71eb52fe5
school_holiday,CH,Switzerland,Sport,2025-02-22,2025-03-02,False,,CH-NE,,"[{'language': 'FR', 'text': 'École obligatoire'}]",5584797c-8c14-44fb-a9f1-217ef67f2fb7
school_holiday,CH,Switzerland,Sport,2025-02-22,2025-03-09,False,,CH-OW,,"[{'language': 'DE', 'text': 'Alle Schulen ausser Engelberg'}]",55c61d73-a26f-44c1-8c48-d8e51b5dca73
school_holiday,CH,Switzerland,Sport,2025-02-22,2025-03-02,False,,CH-SZ,,"[{'language': 'DE', 'text': 'Volksschulen'}]",58728bf7-8ef5-4811-8728-39cfaee63319
school_holiday,CH,Switzerland,Sport,2025-02-22,2025-03-09,False,,CH-VS,,"[{'language': 'EN', 'text': 'German-speaking'}]",5942bc88-890a-4783-bc72-081a0f95746e
school_holiday,CH,Switzerland,Carnival holidays,2025-02-22,2025-03-09,False,,CH-LU,,,74c58d14-0b0f-4032-b099-267f83be2f49
school_holiday,CH,Switzerland,Sport,2025-02-22,2025-03-09,False,,CH-NW,,"[{'language': 'DE', 'text': 'Volksschulen und Mittelschulen'}]",96616d4c-3f55-444b-87b5-40f17af0c599
school_holiday,CH,Switzerland,Sports holidays,2025-02-22,2025-02-28,False,,CH-AI-GO|CH-AI-AP|CH-AI-SH|CH-AI-SR,,,b5d32926-96b3-466a-be03-d74a66380a4c
school_holiday,CH,Switzerland,Sport,2025-02-22,2025-03-09,False,,CH-UR,,,f3732c60-6d14-4f0d-97da-eba553787f74
school_holiday,CH,Switzerland,February holidays,2025-02-24,2025-02-28,False,,CH-GE,,,0ff4bd40-8a62-4090-a430-43167dc45003
school_holiday,CH,Switzerland,Winter break,2025-02-24,2025-02-28,False,,CH-JU,,,e62fc6ee-566d-4d7e-b260-8eb1d9ba71f1
school_holiday,CH,Switzerland,Sport,2025-02-27,2025-03-09,False,,CH-OW,,"[{'language': 'DE', 'text': 'Ausnahmeregelung für Gemeinde Engelberg'}]",f9269753-9e72-4888-8110-0d67baa2f985
school_holiday,CH,Switzerland,Sport,2025-03-01,2025-03-09,False,,CH-TI,,,49bf8bc1-707a-402c-95d0-8c04bfc8a950
school_holiday,CH,Switzerland,Carnival holidays,2025-03-01,2025-03-16,False,,CH-BL,,,58d4806f-5963-4d56-9217-901cacbe4248
school_holiday,CH,Switzerland,Carnival holidays,2025-03-01,2025-03-16,False,,CH-BS,,,744349b2-4a18-4116-b872-442c85475ee2
school_holiday,CH,Switzerland,Sport,2025-03-01,2025-03-09,False,,CH-VS,,"[{'language': 'EN', 'text': 'French-speaking'}]",81a4e1a2-bbc4-4682-9da3-2fa3cf14e2dc
school_holiday,CH,Switzerland,Sport,2025-03-01,2025-03-09,False,,CH-FR,,,e54a2771-2ca0-4358-a962-2ca638259909
school_holiday,CH,Switzerland,Easter holidays,2025-03-18,2025-05-02,False,,CH-JU,,,ce0f46e5-6d48-4f5b-a73f-31b21ae1687a
school_holiday,CH,Switzerland,Spring,2025-04-03,2025-04-20,False,,CH-GL,,,079d42d3-9a2a-43de-b9c6-6d6634214d10
school_holiday,CH,Switzerland,Spring,2025-04-03,2025-04-18,False,,CH-VS,,"[{'language': 'DE', 'text': 'Ausnahmeregelung für Tourismusgemeinden'}]",ca62a945-e2df-4d90-b91a-438d70334c53
school_holiday,CH,Switzerland,Spring holidays,2025-04-05,2025-04-20,False,,CH-AI,,,6c5c1ccd-b85d-42b4-b4b1-fa9d2b27e7c2
school_holiday,CH,Switzerland,Spring holidays,2025-04-05,2025-04-21,False,,CH-BE,CH-BE-VS,,b7b2962c-b00a-440d-88a2-14b6836b007b
school_holiday,CH,Switzerland,Spring holidays,2025-04-06,2025-04-20,False,,CH-SG,,,6c53abc3-0856-4374-abcd-a86d9d7f1736
school_holiday,CH,Switzerland,Spring holidays,2025-04-07,2025-04-18,False,,CH-AG,,,ac1f5b70-30c7-436e-bdf7-bd4db2706cbf
school_holiday,CH,Switzerland,Spring holidays,2025-04-07,2025-04-18,False,,CH-AR,CH-AR-VS,,b9e6f4b0-9082-44d0-9926-263b62e4445f
school_holiday,CH,Switzerland,Spring holidays,2025-04-07,2025-04-21,False,,CH-SO,CH-SO-MS|CH-SO-BS,,e541f9df-9b6e-4206-9d8f-5d89019f4f83
school_holiday,CH,Switzerland,Spring,2025-04-10,2025-04-18,False,,CH-VS,,"[{'language': 'EN', 'text': 'German-speaking'}]",fdbe6121-c87e-406d-a573-82970b32670d
school_holiday,CH,Switzerland,Spring,2025-04-12,2025-04-27,False,,CH-NE,,"[{'language': 'FR', 'text': 'École obligatoire'}]",1025b936-fc45-463e-bf61-970317c775c9
school_holiday,CH,Switzerland,Spring holidays,2025-04-12,2025-04-27,False,,CH-ZG,,,12c8cd96-f05d-4b66-876b-38c8c5c020e6
school_holiday,CH,Switzerland,Spring,2025-04-12,2025-04-27,False,,CH-TG,,"[{'language': 'DE', 'text': 'Volksschulen'}]",20f712a2-180a-4fb1-80f3-38215940b3d5
school_holiday,CH,Switzerland,Spring,2025-04-12,2025-04-27,False,,CH-VD,,,226fc4be-37e4-4e56-adf8-378f7aff1771
school_holiday,CH,Switzerland,Spring holidays,2025-04-12,2025-04-27,False,,CH-BS,,,a4c523fb-26da-4b7c-bea5-85dd71bb0e81
school_holiday,CH,Switzerland,Spring,2025-04-12,2025-04-27,False,,CH-SH,,,c6e34525-b88f-49a0-a26b-ec878b9861e8
school_holiday,CH,Switzerland,Spring holidays,2025-04-12,2025-04-27,False,,CH-BL,,,d34e765b-b160-4bde-a1ee-5ba846abeee6
school_holiday,CH,Switzerland,Spring holidays,2025-04-14,2025-04-25,False,,CH-BE,CH-BE-EO,,03e506d7-6f66-4604-ba2e-55d31f35fcac
school_holiday,CH,Switzerland,Spring,2025-04-18,2025-04-27,False,,CH-VS,,"[{'language': 'EN', 'text': 'French-speaking'}]",34c7cc54-780b-4818-9ba5-da4ec5b7dccb
school_holiday,CH,Switzerland,Spring,2025-04-18,2025-05-04,False,,CH-OW,,"[{'language': 'DE', 'text': 'Alle Schulen ausser Engelberg'}]",357ab7e7-6546-49cf-80b1-456174409bfa
school_holiday,CH,Switzerland,Spring holidays,2025-04-18,2025-05-04,False,,CH-LU,,,7634be9a-fa1d-4c22-92e9-918e6de28279
school_holiday,CH,Switzerland,Spring,2025-04-18,2025-05-04,False,,CH-FR,,,83f330e6-22dd-4695-b061-e51c79c772a8
school_holiday,CH,Switzerland,Easter,2025-04-18,2025-04-21,False,,CH-ZH,CH-ZH-MS|CH-ZH-BS,,842432c6-cf71-4e27-a779-3bce594e61b9
school_holiday,CH,Switzerland,Easter holidays,2025-04-18,2025-05-02,False,,CH-GE,,,92ede70a-68f9-4860-9808-cc83c01a7471
school_holiday,CH,Switzerland,Easter,2025-04-18,2025-04-21,False,,CH-ZH,CH-ZH-VS,,9bd93e08-f7c4-49f8-ba9c-f891b18ad1b3
school_holiday,CH,Switzerland,Spring,2025-04-18,2025-05-04,False,,CH-NW,,"[{'language': 'DE', 'text': 'Volksschulen und Mittelschulen'}]",b422837b-d097-44cf-b8ad-736aa47b36dc
school_holiday,CH,Switzerland,Spring,2025-04-18,2025-04-27,False,,CH-TI,,,b688c3ae-9c0e-42b5-88c7-f76162d1e917
school_holiday,CH,Switzerland,Spring holidays,2025-04-21,2025-05-03,False,,CH-ZH,CH-ZH-VS,,5ae70f0f-6dfd-45e1-9b62-6fbcb783e6db
school_holiday,CH,Switzerland,Spring holidays,2025-04-21,2025-05-03,False,,CH-ZH,CH-ZH-MS|CH-ZH-BS,,ec9a3c1c-944e-459c-9769-a61467efa0e6
school_holiday,CH,Switzerland,Spring,2025-04-26,2025-05-11,False,,CH-SZ,,"[{'language': 'DE', 'text': 'Volksschulen'}]",39db9a81-c09b-47bb-9b6d-a3a0c09a6495
school_holiday,CH,Switzerland,Spring,2025-04-26,2025-05-11,False,,CH-UR,,,e69e73af-9cad-4a70-bc4c-8cfe614b5e4e
school_holiday,CH,Switzerland,Ascension Day holidays,2025-05-29,2025-06-01,False,,CH-ZG,,,68043862-85c5-4aa6-bfa2-e3a5bfc99709
school_holiday,CH,Switzerland,Ascension Bridge,2025-05-29,2025-05-30,False,,CH-GE,,,75250655-f48e-4f3a-bc5d-27d9e5e3cb23
school_holiday,CH,Switzerland,Ascension,2025-05-29,2025-05-30,False,,CH-JU,,,8f4ce40e-4be7-460f-b33a-1d8d731bd8ae
school_holiday,CH,Switzerland,Ascension Bridge,2025-05-29,2025-05-31,False,,CH-ZH,CH-ZH-MS|CH-ZH-BS,,a7e6f4ca-1b3b-499b-9948-e388f44abef8
school_holiday,CH,Switzerland,Ascension Bridge,2025-05-30,2025-05-30,False,,CH-BS,,,13662ff5-d68f-4729-9e4b-8de05424a39e
school_holiday,CH,Switzerland,Ascension Bridge,2025-05-30,2025-05-30,False,,CH-BL,,,437ac177-8da4-4709-bd62-974d70238e27
school_holiday,CH,Switzerland,Summer,2025-06-19,2025-08-20,False,,CH-VS,,"[{'language': 'EN', 'text': 'French-speaking'}]",29ecea63-e530-4c6a-bc36-0b7138391e28
school_holiday,CH,Switzerland,Summer,2025-06-19,2025-08-31,False,,CH-TI,,,e24cec76-8d56-4b02-8009-d7dc18bb9b66
school_holiday,CH,Switzerland,Summer holidays,2025-06-21,2025-08-17,False,,CH-ZG,,,d493c811-31b6-4bec-beb9-0cf5584c1ba7
school_holiday,CH,Switzerland,Summer,2025-06-28,2025-08-10,False,,CH-GL,,,2568abb5-ff24-494d-9bfc-e8d23f732221
school_holiday,CH,Switzerland,Summer,2025-06-28,2025-08-10,False,,CH-OW,,"[{'language': 'DE', 'text': 'Ausnahmeregelung für Gemeinde Engelberg'}]",7d78ad4e-4649-4457-a8ee-5f2c871304ee
school_holiday,CH,Switzerland,Summer,2025-06-28,2025-08-17,False,,CH-VS,,"[{'language': 'EN', 'text': 'German-speaking'}]",982d216d-4600-4530-a5ac-f9652e3b0a52
school_holiday,CH,Switzerland,Summer,2025-06-28,2025-08-17,False,,CH-VD,,,ae562cc5-d2b2-413e-a899-4d523a2a5fee
school_holiday,CH,Switzerland,Summer holidays,2025-06-28,2025-08-10,False,,CH-BL,,,d50fbc54-5f18-4ca9-81c8-2e0bb8fc7fa9
school_holiday,CH,Switzerland,Summer holidays,2025-06-28,2025-08-10,False,,CH-BS,,,da770c53-61bb-4e58-ac6e-b03af97323ed
school_holiday,CH,Switzerland,Summer holidays,2025-06-30,2025-08-15,False,,CH-GE,,,f428fbd9-3fb9-461e-aa40-14900fed3f0b
school_holiday,CH,Switzerland,Summer,2025-07-04,2025-08-27,False,,CH-FR,,,16f21027-afcd-490d-ad91-1670843db371
school_holiday,CH,Switzerland,Summer,2025-07-05,2025-08-17,False,,CH-NE,,"[{'language': 'FR', 'text': 'École obligatoire'}]",08c7bc71-5812-49ce-9dda-e4878d95ecb1
school_holiday,CH,Switzerland,Summer,2025-07-05,2025-08-10,False,,CH-TG,,"[{'language': 'DE', 'text': 'Volksschulen'}]",38b95539-b835-4198-8b41-06a9c1edf6ea
school_holiday,CH,Switzerland,Summer,2025-07-05,2025-08-17,False,,CH-SZ,,"[{'language': 'DE', 'text': 'Volksschulen'}]",4495160f-c6be-46de-97b6-3d5e6b1e6c21
school_holiday,CH,Switzerland,Summer holidays,2025-07-05,2025-08-17,False,,CH-LU,,,4b99d87b-1ec0-498f-9ffe-c7e13ad79115
school_holiday,CH,Switzerland,Summer holidays,2025-07-05,2025-08-10,False,,CH-BL,,"[{'language': 'EN', 'text': 'Exception for the Gym. Laufental-Thierstein'}]",577c86e9-766b-4269-82d7-fe8140012ed1
school_holiday,CH,Switzerland,Summer,2025-07-05,2025-08-17,False,,CH-UR,,,64848cf3-a4c6-45ab-86d7-fe82456e1b76
school_holiday,CH,Switzerland,Summer,2025-07-05,2025-08-17,False,,CH-OW,,"[{'language': 'DE', 'text': 'Alle Schulen ausser Engelberg'}]",6c6e6050-1d09-4fc2-b34e-33bc34dfc941
school_holiday,CH,Switzerland,Summer,2025-07-05,2025-08-10,False,,CH-SH,,,8871b5ad-6e1b-445b-a58f-20b8e03c9185
school_holiday,CH,Switzerland,Summer holidays,2025-07-05,2025-08-10,False,,CH-BE,CH-BE-VS,,8d2b7016-b38a-4280-8f98-e2d034b49958
school_holiday,CH,Switzerland,Summer,2025-07-05,2025-08-17,False,,CH-NW,,"[{'language': 'DE', 'text': 'Volksschulen und Mittelschulen'}]",a6914596-a506-4916-ae07-d979930f73e5
school_holiday,CH,Switzerland,Summer holidays,2025-07-05,2025-08-17,False,,CH-AI-GO|CH-AI-AP|CH-AI-SH|CH-AI-SR,,,d4fa3cfb-7859-4c13-a001-47f82bb7eb3a
school_holiday,CH,Switzerland,Summer holidays,2025-07-06,2025-08-10,False,,CH-SG,,,5e1d8b1d-1557-46f8-94b4-5cc3fa533de2
school_holiday,CH,Switzerland,Summer holidays,2025-07-07,2025-08-08,False,,CH-SO,CH-SO-MS|CH-SO-BS,,25e1aec4-566f-4057-a0d0-81e545e7f024
school_holiday,CH,Switzerland,Summer holidays,2025-07-07,2025-08-15,False,,CH-BE,CH-BE-EO,,89d5804a-c0de-4641-9b53-46ce964b535b
school_holiday,CH,Switzerland,Summer holidays,2025-07-07,2025-08-08,False,,CH-AR,CH-AR-VS,,9fee9a5b-20da-42c7-8cb8-df42636a44de
school_holiday,CH,Switzerland,Summer holidays,2025-07-07,2025-08-15,False,,CH-JU,,,ec5ebce1-ce8e-4ede-a611-7d136d513f06
school_holiday,CH,Switzerland,Summer holidays,2025-07-14,2025-08-16,False,,CH-ZH,CH-ZH-VS,,135dd0bf-0703-4958-9fa2-c2067c398760
school_holiday,CH,Switzerland,Summer holidays,2025-07-21,2025-08-08,False,,CH-AG,,,cc46f4a7-e945-4049-b819-ad55729ca1b0
school_holiday,CH,Switzerland,Start of the school year,2025-08-11,2025-08-11,False,,CH-GR-VM|CH-GR-ML|CH-GR-EB|CH-GR-IB|CH-GR-SS|CH-GR-BN|CH-GR-PD|CH-GR-PS|CH-GR-LQ|CH-GR-AB,CH-GR-VS,,b7b61d23-cc5d-41c7-b5dd-808c87f7b9ce
school_holiday,CH,Switzerland,Start of the school year,2025-08-25,2025-08-25,False,,CH-GR-MS,CH-GR-VS,,23296fbc-de54-4852-8a59-1cf633115e89
school_holiday,CH,Switzerland,Autumn holidays,2025-09-20,2025-10-12,False,,CH-BE,CH-BE-VS,,f908ea4b-e1e8-4bfd-9e9e-9bab0d6c0b57
school_holiday,CH,Switzerland,Autumn,2025-09-27,2025-10-19,False,,CH-SH,,,0d09faca-2fee-469e-bc9f-d2edea19c77e
school_holiday,CH,Switzerland,Autumn holidays,2025-09-27,2025-10-12,False,,CH-BS,,,15e97eb0-d1cb-4ec5-a406-608dc09ac8ea
school_holiday,CH,Switzerland,Autumn holidays,2025-09-27,2025-10-12,False,,CH-BL,,,16497b4d-ec41-4865-abac-51fba8ee1eb5
school_holiday,CH,Switzerland,Autumn holidays,2025-09-27,2025-10-19,False,,CH-BL,,"[{'language': 'EN', 'text': 'Exception for the Gym. Laufental-Thierstein'}]",414c44f3-9805-44e4-8ea5-3083c8af929c
school_holiday,CH,Switzerland,Autumn,2025-09-27,2025-10-12,False,,CH-SZ,,"[{'language': 'DE', 'text': 'Volksschulen'}]",86f2b0f1-5bde-4602-95ee-3e5cf5a12ea8
school_holiday,CH,Switzerland,Autumn,2025-09-27,2025-10-12,False,,CH-NW,,"[{'language': 'DE', 'text': 'Volksschulen und Mittelschulen'}]",8b6c41c2-c6d1-4922-877e-49b9751a2b7a
school_holiday,CH,Switzerland,Autumn,2025-09-27,2025-10-12,False,,CH-OW,,"[{'language': 'DE', 'text': 'Alle Schulen ausser Engelberg'}]",b967a0bf-e573-487f-8794-c4ff25592909
school_holiday,CH,Switzerland,Autumn holidays,2025-09-27,2025-10-12,False,,CH-LU,,,f91a120d-cd36-4fb5-af3a-3491832d63c3
school_holiday,CH,Switzerland,Autumn holidays,2025-09-28,2025-10-19,False,,CH-SG,,,acfe8e10-004e-4238-9e81-fc5006e5a70b
school_holiday,CH,Switzerland,Autumn holidays,2025-09-29,2025-10-17,False,,CH-SO,CH-SO-MS|CH-SO-BS,,6125d8e1-7c10-4066-b829-04af112bd792
school_holiday,CH,Switzerland,Autumn holidays,2025-09-29,2025-10-10,False,,CH-AG,,,f4581909-e352-47ac-a671-af4fa43a3728
school_holiday,CH,Switzerland,Autumn,2025-10-04,2025-10-19,False,,CH-NE,,"[{'language': 'FR', 'text': 'École obligatoire'}]",0ea25d77-9900-4867-b234-011a309a6806
school_holiday,CH,Switzerland,Autumn holidays,2025-10-04,2025-10-19,False,,CH-AI-OB,,,11bd9c27-1238-4582-b5d9-43d0da63640e
school_holiday,CH,Switzerland,Autumn,2025-10-04,2025-10-26,False,,CH-OW,,"[{'language': 'DE', 'text': 'Ausnahmeregelung für Gemeinde Engelberg'}]",17eeaf52-f1de-4d6e-9c95-9d6c9653bb8f
school_holiday,CH,Switzerland,Autumn,2025-10-04,2025-10-19,False,,CH-UR,,,3e41bbcd-3024-4fb4-8370-e352090a1d65
school_holiday,CH,Switzerland,Autumn holidays,2025-10-04,2025-10-19,False,,CH-AI-GO|CH-AI-AP|CH-AI-SH|CH-AI-SR,,,549c7c0f-9be3-4934-a7cc-4343a3140cef
school_holiday,CH,Switzerland,Autumn,2025-10-04,2025-10-19,False,,CH-TG,,"[{'language': 'DE', 'text': 'Volksschulen'}]",b07f7446-9831-4159-91ef-3c69b0b29370
school_holiday,CH,Switzerland,Autumn holidays,2025-10-04,2025-10-19,False,,CH-ZG,,,e3868dfd-4785-4fe1-b9f3-f77cd41ce67c
school_holiday,CH,Switzerland,Autumn,2025-10-04,2025-10-19,False,,CH-GL,,,f4fd94c0-98d0-40a4-82f7-ece018f312a7
school_holiday,CH,Switzerland,Autumn holidays,2025-10-06,2025-10-17,False,,CH-AR,CH-AR-VS,,0757463e-f7b2-41ee-896b-4eebd2700402
school_holiday,CH,Switzerland,Autumn holidays,2025-10-06,2025-10-17,False,,CH-GR-VM|CH-GR-ML|CH-GR-EB|CH-GR-IB|CH-GR-SS|CH-GR-BN|CH-GR-PD|CH-GR-PS|CH-GR-LQ|CH-GR-AB,CH-GR-VS,,58fc68d7-b829-49b5-a715-0b5b2e5599c1
school_holiday,CH,Switzerland,Autumn holidays,2025-10-06,2025-10-27,False,,CH-BE,CH-BE-EO,,5a382363-d063-4760-89a7-0f22aa2ccf9e
school_holiday,CH,Switzerland,Autumn holidays,2025-10-06,2025-10-17,False,,CH-JU,,,6b0817e9-bcec-46ad-b04d-01e320e8c2b9
school_holiday,CH,Switzerland,Autumn holidays,2025-10-06,2025-10-18,False,,CH-ZH,CH-ZH-VS,,a4ecbaac-7ab8-4ae1-adf4-592ed79dd396
school_holiday,CH,Switzerland,Autumn holidays,2025-10-06,2025-10-18,False,,CH-ZH,CH-ZH-MS|CH-ZH-BS,,de25c0df-ebf0-49d2-8632-e526352496fa
school_holiday,CH,Switzerland,Autumn,2025-10-11,2025-10-26,False,,CH-FR,,,4d8a90a0-54e1-47ff-93bb-5333cded573f
school_holiday,CH,Switzerland,Autumn,2025-10-11,2025-10-26,False,,CH-VS,,"[{'language': 'EN', 'text': 'German-speaking'}]",51efd9ec-50fb-4911-b215-9597f1ccc04e
school_holiday,CH,Switzerland,Autumn,2025-10-11,2025-10-26,False,,CH-VD,,,b9776983-e55c-4aa2-b0e6-071992483299
school_holiday,CH,Switzerland,Autumn,2025-10-16,2025-10-26,False,,CH-VS,,"[{'language': 'EN', 'text': 'French-speaking'}]",67671b34-5ffa-4b1e-ac7c-b53ec10a23c2
school_holiday,CH,Switzerland,Autumn holidays,2025-10-20,2025-10-24,False,,CH-GE,,,5e6d1530-f6b8-458f-8274-0040a85bc26f
school_holiday,CH,Switzerland,Autumn,2025-11-01,2025-11-09,False,,CH-TI,,,7b7074ff-8044-45ec-9f01-5e44c56967de
school_holiday,CH,Switzerland,Autumn holidays,2025-11-01,2025-11-09,False,,CH-GR-MS,CH-GR-VS,,daa27294-1cb0-4fa2-ba79-1d65d0b34e20
school_holiday,CH,Switzerland,Winter holidays,2025-12-20,2026-01-04,False,,CH-ZG,,,0428f89b-8389-4bea-a225-50d90b83150a
school_holiday,CH,Switzerland,Christmas,2025-12-20,2026-01-04,False,,CH-VD,,,0dae29f9-1292-418a-ab9f-22d933053ceb
school_holiday,CH,Switzerland,Christmas holidays,2025-12-20,2026-01-04,False,,CH-LU,,,19143f74-1e56-4a96-a168-e2842c46fc8b
school_holiday,CH,Switzerland,Christmas,2025-12-20,2026-01-04,False,,CH-NW,,"[{'language': 'DE', 'text': 'Volksschulen und Mittelschulen'}]",19ce8e6e-99e5-435f-bac1-94f48776914b
school_holiday,CH,Switzerland,Christmas,2025-12-20,2026-01-04,False,,CH-TG,,"[{'language': 'DE', 'text': 'Volksschulen'}]",204ab16f-aeea-45f8-9b51-d511bcc5d792
school_holiday,CH,Switzerland,Christmas holidays,2025-12-20,2026-01-04,False,,CH-AI,,,36e81c83-e559-4866-85ba-3fb670fdf88a
school_holiday,CH,Switzerland,Christmas,2025-12-20,2026-01-04,False,,CH-SZ,,"[{'language': 'DE', 'text': 'Volksschulen'}]",3bdac322-2c2d-4dd3-a8e7-8cdf8a698fd5
school_holiday,CH,Switzerland,Christmas,2025-12-20,2026-01-04,False,,CH-GL,,,4aa07072-80e5-49fd-b94b-a67560ec5d69
school_holiday,CH,Switzerland,Christmas,2025-12-20,2026-01-04,False,,CH-VS,,"[{'language': 'EN', 'text': 'German-speaking'}]",51a0d5f5-887b-473c-ae71-50ec9810e17f
school_holiday,CH,Switzerland,Christmas,2025-12-20,2026-01-06,False,,CH-UR,,,5f700d37-0aee-466f-a432-5b4da4a112e6
school_holiday,CH,Switzerland,Christmas,2025-12-20,2026-01-04,False,,CH-BE,CH-BE-VS,,8b71bf21-6970-4ac8-9a38-44d510dddf4d
school_holiday,CH,Switzerland,Christmas holidays,2025-12-20,2026-01-04,False,,CH-BS,,,9345f780-89dd-4b94-acf6-d35600b3a6cc
school_holiday,CH,Switzerland,Christmas,2025-12-20,2026-01-04,False,,CH-NE,,"[{'language': 'FR', 'text': 'École obligatoire'}]",9906a95a-7189-4f23-900e-4ba9a1d6dfdd
school_holiday,CH,Switzerland,Christmas holidays,2025-12-20,2026-01-04,False,,CH-BL,,,c2ae6a47-5177-43fc-b856-d07d4edf80b0
school_holiday,CH,Switzerland,Christmas,2025-12-20,2026-01-02,False,,CH-FR,,,cb2bca83-6104-484e-86c5-06da05b42f21
school_holiday,CH,Switzerland,Christmas holidays,2025-12-21,2026-01-04,False,,CH-SG,,,8ef4ec84-bb2a-459c-9d59-d63c8601b3f3
school_holiday,CH,Switzerland,Christmas holidays,2025-12-22,2026-01-03,False,,CH-ZH,,,0ed0aaee-13b3-4fb8-87ce-b7eaea1b3a0b
school_holiday,CH,Switzerland,Christmas holidays,2025-12-22,2026-01-02,False,,CH-AR,CH-AR-VS,,2b7bb04e-5799-4a64-a13b-7bc30ffd2cdf
school_holiday,CH,Switzerland,Christmas holidays,2025-12-22,2026-01-02,False,,CH-GR-VM|CH-GR-ML|CH-GR-EB|CH-GR-IB|CH-GR-SS|CH-GR-BN|CH-GR-PD|CH-GR-PS|CH-GR-LQ|CH-GR-AB,CH-GR-VS,,67988060-855a-463d-af82-f83c02a359c7
school_holiday,CH,Switzerland,Christmas and New Year holidays,2025-12-22,2026-01-02,False,,CH-GE,,,7d17717a-ef50-4828-9c6a-a042d6bc09c2
school_holiday,CH,Switzerland,Christmas,2025-12-22,2026-01-02,False,,CH-BE,CH-BE-EO,,8af999ea-84c9-4cc6-8b6f-1537ebd2641a
school_holiday,CH,Switzerland,Christmas holidays,2025-12-22,2026-01-02,False,,CH-JU,,,d774f9c1-0df7-46b0-aeb8-7d01b27a5bbc
school_holiday,CH,Switzerland,Winter holidays,2025-12-22,2026-01-02,False,,CH-AG,,,d83fd1e4-cd52-4f00-a37b-33868322a055
school_holiday,CH,Switzerland,Christmas holidays,2025-12-22,2026-01-02,False,,CH-SO,CH-SO-MS|CH-SO-BS,,e632928c-671f-4de3-bd44-8a73909412e4
school_holiday,CH,Switzerland,Christmas,2025-12-24,2026-01-04,False,,CH-SH,,,3c95c09d-da72-4f9c-89c0-9fe062d333dd
school_holiday,CH,Switzerland,Christmas holidays,2025-12-24,2026-01-06,False,,CH-GR-MS,CH-GR-VS,,c0394acf-7723-43f6-8f57-b0d60520bbc1
school_holiday,CH,Switzerland,Christmas,2025-12-24,2026-01-06,False,,CH-OW,,"[{'language': 'DE', 'text': 'Ausnahmeregelung für Gemeinde Engelberg'}]",d1d83361-1282-4580-bddb-8e2137dc5aef
school_holiday,CH,Switzerland,Christmas,2025-12-24,2026-01-06,False,,CH-TI,,,d4e10c1c-6f00-4306-9629-155359ce6bb6
public_holiday,CH,Switzerland,New Year's Day,2026-01-01,2026-01-01,True,,,,,adbbd6a7-365b-441f-bd45-1750624026bd
public_holiday,CH,Switzerland,Berchtold's Day,2026-01-02,2026-01-02,False,,CH-GL|CH-AG-ZF|CH-SO|CH-FR-LA-MR|CH-TG|CH-VD|CH-VS|CH-SH|CH-AG-BA-BE|CH-AG-AA|CH-AG-LB|CH-FR-LA-RI|CH-SG|CH-FR-LA-MN|CH-NW|CH-AG-BR|CH-AG-KU|CH-OW|CH-BE|CH-FR-LA-FR|CH-AG-ZZ|CH-ZG|CH-LU|CH-FR-LA-ME|CH-FR-LA-MO|CH-FR-LA-KE|CH-FR-LA-UL|CH-FR-LA-GR|CH-JU,,,241f2d63-900c-42eb-b2a0-14864f9e36e5
public_holiday,CH,Switzerland,Berchtold's Day,2026-01-02,2026-01-02,False,,CH-ZH,,,6178d158-6706-42a7-b4c1-11b4574cb361
public_holiday,CH,Switzerland,Epiphany,2026-01-06,2026-01-06,False,,CH-SZ|CH-TI|CH-UR,,,1fedae44-e234-4705-810f-f0955ff2054e
public_holiday,CH,Switzerland,St Anthony's Day,2026-01-17,2026-01-17,False,,CH-SZ-SZ-RT|CH-SO-TH-AD,,,57239e4f-4778-4fea-8cba-a512cec7566a
public_holiday,CH,Switzerland,Meinrad Day,2026-01-21,2026-01-21,False,,CH-SZ-ES,,,f2d34e3b-40f9-422d-a2e3-52cd2e1e2ec2
public_holiday,CH,Switzerland,Candlemas,2026-02-02,2026-02-02,False,,CH-SZ-SZ-UB,,,bbad7c87-bb34-4ab8-a3b8-eb1cd8d2cc6e
public_holiday,CH,Switzerland,Agathe's day,2026-02-05,2026-02-05,False,,CH-SZ-SZ-SA,,,36275169-4817-4c79-9ff0-87a4a9659233
public_holiday,CH,Switzerland,Establishment of the Republic,2026-03-01,2026-03-01,False,,CH-NE,,,0f25a59e-50db-42c9-a2d5-66e03f8b33e1
public_holiday,CH,Switzerland,St Joseph's Day,2026-03-19,2026-03-19,False,,CH-SZ|CH-VS|CH-NW|CH-TI|CH-UR,,,3f170b8e-a9ec-4865-8057-a28f74dbbc94
public_holiday,CH,Switzerland,St Benedict,2026-03-21,2026-03-21,False,,CH-OW-EN,,,2e1a41b9-f7d4-49ce-89bc-50a2868a9b91
public_holiday,CH,Switzerland,Good Friday,2026-04-03,2026-04-03,False,,CH-GL|CH-SO|CH-TG|CH-GE|CH-SZ|CH-VD|CH-BS|CH-SH|CH-SG|CH-GR|CH-NW|CH-OW|CH-BE|CH-NE|CH-ZG|CH-LU|CH-AI|CH-FR|CH-AR|CH-AG|CH-UR|CH-BL|CH-ZH|CH-JU,,,637e6673-4e30-4855-8b16-91d6b56d3ad6
public_holiday,CH,Switzerland,Easter Monday,2026-04-06,2026-04-06,False,,CH-GL|CH-AG-ZF|CH-SO|CH-TG|CH-GE|CH-SZ|CH-VD|CH-BS|CH-AG-RF-OL|CH-AG-RF-WA|CH-VS|CH-SH|CH-AG-AA|CH-AG-LB|CH-SG|CH-GR|CH-NW|CH-AG-BR|CH-AG-BA|CH-AG-RF-RF|CH-AG-KU|CH-OW|CH-BE|CH-NE|CH-ZG|CH-LU|CH-AI|CH-FR|CH-TI|CH-AG-RF-MO|CH-AG-RF-ZE|CH-AR|CH-UR|CH-BL|CH-AG-RF-KA|CH-ZH|CH-AG-RF-MA|CH-JU|CH-AG-RF-ZU,,,f4e848c4-0b8b-4561-91b3-ea8b3d1b2963
public_holiday,CH,Switzerland,Näfels Ride,2026-04-09,2026-04-09,False,,CH-GL,,,7a8b2298-9d0e-4c7b-ad40-ece079f92ea3
public_holiday,CH,Switzerland,Sechseläuten,2026-04-20,2026-04-20,False,,CH-ZH-ZH-ZH,,,1ce03cdc-685c-4636-8761-ae0bc3678c3d
public_holiday,CH,Switzerland,Saint Sigismund,2026-05-01,2026-05-01,False,,CH-SZ-SZ-MU,,,40d9e769-20c5-4f2e-982c-eb5102dc1ead
public_holiday,CH,Switzerland,Labour Day,2026-05-01,2026-05-01,False,,CH-SO-TH-MD|CH-SO-TH-LD|CH-SO-GG|CH-SO-LB|CH-SO-TH-MR|CH-SO-TS|CH-SO-SO|CH-SO-TH-WG|CH-SO-WA|CH-SO-GA|CH-SO-TH-HB|CH-SO-DE|CH-SO-TH-BT|CH-SO-TH-HW|CH-SO-OL|CH-SO-BB,,"[{'language': 'EN', 'text': 'from 12:00'}]",52beb188-975d-4d79-a7f5-628e3ffd72fe
public_holiday,CH,Switzerland,Labour Day,2026-05-01,2026-05-01,False,,CH-TG|CH-BS|CH-SH|CH-NE|CH-TI|CH-SO-TH-AD|CH-AG|CH-BL|CH-ZH|CH-JU,,,e22745c1-a0c5-4675-a3c6-8c5f1a2e5565
public_holiday,CH,Switzerland,Ascension Day,2026-05-14,2026-05-14,True,,,,,e27306a5-5a7d-4eb2-ae07-a5ffe87332e7
public_holiday,CH,Switzerland,Pentecost Monday,2026-05-25,2026-05-25,False,,CH-GL|CH-AG-ZF|CH-SO|CH-TG|CH-GE|CH-SZ|CH-VD|CH-BS|CH-AG-RF-OL|CH-AG-RF-WA|CH-VS|CH-SH|CH-AG-AA|CH-AG-LB|CH-SG|CH-GR|CH-NW|CH-AG-BR|CH-AG-BA|CH-AG-RF-RF|CH-AG-KU|CH-OW|CH-BE|CH-NE|CH-ZG|CH-LU|CH-AI|CH-FR|CH-TI|CH-AG-RF-MO|CH-AG-RF-ZE|CH-AR|CH-UR|CH-BL|CH-AG-RF-KA|CH-ZH|CH-AG-RF-MA|CH-JU|CH-AG-RF-ZU,,,93f16b7a-0315-42e8-87c1-497aec040179
public_holiday,CH,Switzerland,Corpus Christi,2026-06-04,2026-06-04,False,,CH-AG-BA-BL|CH-AG-BA-WR|CH-AG-RF-ST|CH-AG-BA-SP|CH-SZ|CH-AG-BA-FI|CH-AG-BA-UN|CH-AG-BA-WU|CH-VS|CH-AG-BA-ME|CH-AG-RF-WE|CH-SO-TH|CH-AG-MU|CH-AG-BG|CH-AG-BA-WO|CH-AG-BA-NR|CH-SO-GG|CH-SO-LB|CH-AG-BA-EH|CH-AG-BA-EN|CH-NW|CH-AG-BA-FR|CH-AG-BA-OS|CH-OW|CH-SO-TS|CH-NE|CH-AG-BA-WE|CH-AG-BA-NH|CH-AG-ZZ|CH-ZG|CH-LU|CH-AG-BA-KU|CH-AG-BA-BA|CH-AG-BA-MA|CH-AG-RF-HE|CH-AG-BA-GE|CH-SO-SO|CH-AI|CH-AG-LA|CH-FR|CH-TI|CH-AG-BA-BI|CH-SO-WA|CH-AG-BA-RE|CH-SO-GA|CH-SO-DE|CH-UR|CH-AG-BA-KI|CH-AG-BA-OR|CH-AG-BA-ST|CH-AG-RF-SU|CH-AG-RF-MU|CH-AG-RF-OB|CH-JU|CH-SO-OL,,,1d18ada1-12f6-45be-becf-9b9d8eb0564b
public_holiday,CH,Switzerland,Celebration of independence,2026-06-23,2026-06-23,False,,CH-JU,,,8c86d9e9-cae9-411e-a08c-fb32b5ec243f
public_holiday,CH,Switzerland,Saints Peter and Paul,2026-06-29,2026-06-29,False,,CH-TI,,,95b59a1c-4ad6-461f-8d79-5ef86bd32c54
public_holiday,CH,Switzerland,Independence Day,2026-08-01,2026-08-01,True,,,,,91fcdfdf-fe22-4d56-ba2d-3482d0fcfc7e
public_holiday,CH,Switzerland,Assumption Day,2026-08-15,2026-08-15,False,,CH-AG-RF-ST|CH-SZ|CH-VS|CH-AG-RF-WE|CH-SO-TH|CH-AG-MU|CH-AG-BG|CH-SO-GG|CH-SO-LB|CH-NW|CH-OW|CH-SO-TS|CH-ZG|CH-LU|CH-AG-RF-HE|CH-SO-SO|CH-AI|CH-AG-LA|CH-FR|CH-TI|CH-SO-WA|CH-SO-GA|CH-SO-DE|CH-UR|CH-AG-RF-SU|CH-AG-RF-MU|CH-AG-RF-OB|CH-JU|CH-SO-OL,,,74cfca78-79a4-4c28-8c64-8b600dcd94cf
public_holiday,CH,Switzerland,Jeûne genevois,2026-09-10,2026-09-10,False,,CH-GE,,,6bea938d-f682-49f8-801f-65e955b6cf8d
public_holiday,CH,Switzerland,Angel consecration,2026-09-14,2026-09-14,False,,CH-SZ-ES,,,c0381af2-5542-4e27-9bb2-a01c21164ade
public_holiday,CH,Switzerland,Knabenschiessen,2026-09-14,2026-09-14,False,,CH-ZH-ZH-ZH,,,d112c475-bbd0-479a-ba4d-eb38f82312f5
public_holiday,CH,Switzerland,Fast Monday,2026-09-20,2026-09-20,False,,CH-VD,,,6316c566-9063-4447-a7b0-8c2b69def05d
public_holiday,CH,Switzerland,"Federal Day of Thanksgiving, Repentance and Prayer",2026-09-20,2026-09-20,False,,CH-GL|CH-TG|CH-SZ|CH-BS|CH-VS|CH-SH|CH-SG|CH-GR|CH-NW|CH-OW|CH-BE|CH-NE|CH-ZG|CH-LU|CH-UR|CH-BL|CH-ZH,,,cddd771c-afd2-46b8-9e8b-4753d471357f
public_holiday,CH,Switzerland,St. Mauritius Day,2026-09-22,2026-09-22,False,,CH-AI-GO|CH-AI-AP|CH-AI-SH|CH-AI-SR,,,1ba36d86-8646-499f-b3a5-911ebab9fd20
public_holiday,CH,Switzerland,Saint Nicholas of Flüe Day,2026-09-25,2026-09-25,False,,CH-OW,,,a78a607d-025b-49b1-a46e-36c453ca98d0
public_holiday,CH,Switzerland,St Gallus' Day,2026-10-16,2026-10-16,False,,CH-SZ-SZ-MO,,,f31af9c3-760a-420b-b88b-e54ef7dae304
public_holiday,CH,Switzerland,All Saints' Day,2026-11-01,2026-11-01,False,,CH-GL|CH-SZ|CH-VS|CH-SO-TH|CH-AG-MU|CH-SG|CH-AG-BG|CH-SO-GG|CH-SO-LB|CH-GR|CH-NW|CH-OW|CH-SO-TS|CH-AG-ZZ|CH-ZG|CH-LU|CH-SO-SO|CH-AI|CH-AG-LA|CH-FR|CH-TI|CH-SO-WA|CH-SO-GA|CH-SO-DE|CH-UR|CH-AG-RF|CH-JU|CH-SO-OL,,,0b931338-edf1-4ead-b60a-cc43cf322372
public_holiday,CH,Switzerland,St Martin's Day,2026-11-11,2026-11-11,False,,CH-SZ-SZ-SZ,,,1de13f6a-3ee7-4024-9e38-3989c5b6440e
public_holiday,CH,Switzerland,Immaculate Conception,2026-12-08,2026-12-08,False,,CH-AG-RF-ST|CH-SZ|CH-VS|CH-AG-RF-WE|CH-AG-MU|CH-NW|CH-OW|CH-ZG|CH-LU|CH-AI|CH-AG-LA|CH-FR|CH-TI|CH-UR|CH-AG-RF-SU|CH-AG-RF-MU|CH-AG-RF-OB,,,2de038b4-d591-4e14-be19-4bd8926f1f93
public_holiday,CH,Switzerland,Christmas,2026-12-25,2026-12-25,True,,,,,e550a49b-c824-41c9-ac68-02996c9760b8
public_holiday,CH,Switzerland,St Stephen's Day,2026-12-26,2026-12-26,False,,CH-GL|CH-AG-ZF|CH-SO|CH-TG|CH-SZ|CH-BS|CH-AG-RF-OL|CH-AG-RF-WA|CH-VS|CH-SH|CH-AG-AA|CH-AG-LB|CH-SG|CH-AG-BG|CH-GR|CH-NW|CH-AG-BR|CH-AG-BA|CH-AG-RF-RF|CH-AG-KU|CH-OW|CH-BE|CH-AG-ZZ|CH-ZG|CH-LU|CH-FR|CH-TI|CH-AG-RF-MO|CH-AG-RF-ZE|CH-AR|CH-UR|CH-BL|CH-AG-RF-KA|CH-ZH|CH-AG-RF-MA|CH-AG-RF-ZU,,,f8710c7f-3e88-46f9-bcd7-ffb4451e712a
public_holiday,CH,Switzerland,Restoration of the Republic,2026-12-31,2026-12-31,False,,CH-GE,,,18100ff3-564c-4ad4-abb7-d2cf4e46db7b
public_holiday,CH,Switzerland,New Year's Day,2027-01-01,2027-01-01,True,,,,,a4b8a366-10fc-416d-9159-d16437f42b03
public_holiday,CH,Switzerland,Berchtold's Day,2027-01-02,2027-01-02,False,,CH-GL|CH-AG-ZF|CH-SO|CH-FR-LA-MR|CH-TG|CH-VD|CH-VS|CH-SH|CH-AG-BA-BE|CH-AG-AA|CH-AG-LB|CH-FR-LA-RI|CH-SG|CH-FR-LA-MN|CH-NW|CH-AG-BR|CH-AG-KU|CH-OW|CH-BE|CH-FR-LA-FR|CH-AG-ZZ|CH-ZG|CH-LU|CH-FR-LA-ME|CH-FR-LA-MO|CH-FR-LA-KE|CH-FR-LA-UL|CH-FR-LA-GR|CH-JU,,,7049a2e0-a579-49e5-8859-e69deec23073
public_holiday,CH,Switzerland,Berchtold's Day,2027-01-02,2027-01-02,False,,CH-ZH,,,f87cba3a-65f9-4ce2-a156-d21bbbe4a3b3
public_holiday,CH,Switzerland,Epiphany,2027-01-06,2027-01-06,False,,CH-SZ|CH-TI|CH-UR,,,06cb8262-53a6-4b16-8183-ce8c2d4a2369
public_holiday,CH,Switzerland,St Anthony's Day,2027-01-17,2027-01-17,False,,CH-SZ-SZ-RT|CH-SO-TH-AD,,,6fb17a7f-ccdc-447c-acb8-7504b8d50808
public_holiday,CH,Switzerland,Meinrad Day,2027-01-21,2027-01-21,False,,CH-SZ-ES,,,84938ff0-1f98-46c6-80df-379ce29c284e
public_holiday,CH,Switzerland,Candlemas,2027-02-02,2027-02-02,False,,CH-SZ-SZ-UB,,,95df7d23-8e90-409e-8ae8-58894d4f880e
public_holiday,CH,Switzerland,Agathe's day,2027-02-05,2027-02-05,False,,CH-SZ-SZ-SA,,,4c31212c-b555-46e8-9bd0-6f35e5507a3f
public_holiday,CH,Switzerland,Establishment of the Republic,2027-03-01,2027-03-01,False,,CH-NE,,,d5ecc382-eda5-422e-9403-c3e40a593a89
public_holiday,CH,Switzerland,St Joseph's Day,2027-03-19,2027-03-19,False,,CH-SZ|CH-VS|CH-NW|CH-TI|CH-UR,,,6a6ee28b-4591-4ad5-9210-29d6a8f6d57a
public_holiday,CH,Switzerland,St Benedict,2027-03-21,2027-03-21,False,,CH-OW-EN,,,6379943e-8508-464b-8ae5-c2dee330002e
public_holiday,CH,Switzerland,Good Friday,2027-03-26,2027-03-26,False,,CH-GL|CH-SO|CH-TG|CH-GE|CH-SZ|CH-VD|CH-BS|CH-SH|CH-SG|CH-GR|CH-NW|CH-OW|CH-BE|CH-NE|CH-ZG|CH-LU|CH-AI|CH-FR|CH-AR|CH-AG|CH-UR|CH-BL|CH-ZH|CH-JU,,,289e0c15-5618-4530-9402-afc1bcd604f9
public_holiday,CH,Switzerland,Easter Monday,2027-03-29,2027-03-29,False,,CH-GL|CH-AG-ZF|CH-SO|CH-TG|CH-GE|CH-SZ|CH-VD|CH-BS|CH-AG-RF-OL|CH-AG-RF-WA|CH-VS|CH-SH|CH-AG-AA|CH-AG-LB|CH-SG|CH-GR|CH-NW|CH-AG-BR|CH-AG-BA|CH-AG-RF-RF|CH-AG-KU|CH-OW|CH-BE|CH-NE|CH-ZG|CH-LU|CH-AI|CH-FR|CH-TI|CH-AG-RF-MO|CH-AG-RF-ZE|CH-AR|CH-UR|CH-BL|CH-AG-RF-KA|CH-ZH|CH-AG-RF-MA|CH-JU|CH-AG-RF-ZU,,,e30ca15f-d5ee-425a-b53e-e554b54b3d92
public_holiday,CH,Switzerland,Näfels Ride,2027-04-01,2027-04-01,False,,CH-GL,,,5d9cf524-1b79-461b-ad56-ee91e07f2563
public_holiday,CH,Switzerland,Sechseläuten,2027-04-19,2027-04-19,False,,CH-ZH-ZH-ZH,,,d9179577-c993-4c90-baf5-dcf73ae92829
public_holiday,CH,Switzerland,Saint Sigismund,2027-05-01,2027-05-01,False,,CH-SZ-SZ-MU,,,370210eb-b8b4-41bf-9931-53c5714a83b1
public_holiday,CH,Switzerland,Labour Day,2027-05-01,2027-05-01,False,,CH-SO-TH-MD|CH-SO-TH-LD|CH-SO-GG|CH-SO-LB|CH-SO-TH-MR|CH-SO-TS|CH-SO-SO|CH-SO-TH-WG|CH-SO-WA|CH-SO-GA|CH-SO-TH-HB|CH-SO-DE|CH-SO-TH-BT|CH-SO-TH-HW|CH-SO-OL|CH-SO-BB,,"[{'language': 'EN', 'text': 'from 12:00'}]",47cec6a6-90bc-4bd2-bb0f-6b930c32aa6b
public_holiday,CH,Switzerland,Labour Day,2027-05-01,2027-05-01,False,,CH-TG|CH-BS|CH-SH|CH-NE|CH-TI|CH-SO-TH-AD|CH-AG|CH-BL|CH-ZH|CH-JU,,,b329fd6d-f03b-4cb1-a8ef-2a1d709cebe9
public_holiday,CH,Switzerland,Ascension Day,2027-05-06,2027-05-06,True,,,,,4989fcaf-ef41-4a05-b5d4-494d84202f94
public_holiday,CH,Switzerland,Pentecost Monday,2027-05-17,2027-05-17,False,,CH-GL|CH-AG-ZF|CH-SO|CH-TG|CH-GE|CH-SZ|CH-VD|CH-BS|CH-AG-RF-OL|CH-AG-RF-WA|CH-VS|CH-SH|CH-AG-AA|CH-AG-LB|CH-SG|CH-GR|CH-NW|CH-AG-BR|CH-AG-BA|CH-AG-RF-RF|CH-AG-KU|CH-OW|CH-BE|CH-NE|CH-ZG|CH-LU|CH-AI|CH-FR|CH-TI|CH-AG-RF-MO|CH-AG-RF-ZE|CH-AR|CH-UR|CH-BL|CH-AG-RF-KA|CH-ZH|CH-AG-RF-MA|CH-JU|CH-AG-RF-ZU,,,f7e2d460-e4b5-440d-976a-3675c8be7882
public_holiday,CH,Switzerland,Corpus Christi,2027-05-27,2027-05-27,False,,CH-AG-BA-BL|CH-AG-BA-WR|CH-AG-RF-ST|CH-AG-BA-SP|CH-SZ|CH-AG-BA-FI|CH-AG-BA-UN|CH-AG-BA-WU|CH-VS|CH-AG-BA-ME|CH-AG-RF-WE|CH-SO-TH|CH-AG-MU|CH-AG-BG|CH-AG-BA-WO|CH-AG-BA-NR|CH-SO-GG|CH-SO-LB|CH-AG-BA-EH|CH-AG-BA-EN|CH-NW|CH-AG-BA-FR|CH-AG-BA-OS|CH-OW|CH-SO-TS|CH-NE|CH-AG-BA-WE|CH-AG-BA-NH|CH-AG-ZZ|CH-ZG|CH-LU|CH-AG-BA-KU|CH-AG-BA-BA|CH-AG-BA-MA|CH-AG-RF-HE|CH-AG-BA-GE|CH-SO-SO|CH-AI|CH-AG-LA|CH-FR|CH-TI|CH-AG-BA-BI|CH-SO-WA|CH-AG-BA-RE|CH-SO-GA|CH-SO-DE|CH-UR|CH-AG-BA-KI|CH-AG-BA-OR|CH-AG-BA-ST|CH-AG-RF-SU|CH-AG-RF-MU|CH-AG-RF-OB|CH-JU|CH-SO-OL,,,e2c4ae1f-b516-41bb-ad11-94ae8c975078
public_holiday,CH,Switzerland,Celebration of independence,2027-06-23,2027-06-23,False,,CH-JU,,,403d4b79-3dbb-461d-9cc2-2b64885ae9db
public_holiday,CH,Switzerland,Saints Peter and Paul,2027-06-29,2027-06-29,False,,CH-TI,,,c9c862c4-7dd2-4b5d-961e-4df4e15c0fd8
public_holiday,CH,Switzerland,Independence Day,2027-08-01,2027-08-01,True,,,,,38c00091-7962-4d41-9670-84ab0e672d88
public_holiday,CH,Switzerland,Assumption Day,2027-08-15,2027-08-15,False,,CH-AG-RF-ST|CH-SZ|CH-VS|CH-AG-RF-WE|CH-SO-TH|CH-AG-MU|CH-AG-BG|CH-SO-GG|CH-SO-LB|CH-NW|CH-OW|CH-SO-TS|CH-ZG|CH-LU|CH-AG-RF-HE|CH-SO-SO|CH-AI|CH-AG-LA|CH-FR|CH-TI|CH-SO-WA|CH-SO-GA|CH-SO-DE|CH-UR|CH-AG-RF-SU|CH-AG-RF-MU|CH-AG-RF-OB|CH-JU|CH-SO-OL,,,cd8705fa-0735-49e6-a2dd-f988e4f38b21
public_holiday,CH,Switzerland,Jeûne genevois,2027-09-09,2027-09-09,False,,CH-GE,,,a996028d-2ef7-4e11-9d45-512073c38e8c
public_holiday,CH,Switzerland,Knabenschiessen,2027-09-13,2027-09-13,False,,CH-ZH-ZH-ZH,,,9feb1526-9a38-467d-bdc5-0fe583445eb8
public_holiday,CH,Switzerland,Angel consecration,2027-09-14,2027-09-14,False,,CH-SZ-ES,,,d3faaea3-47f6-41c7-a002-91a7da75e454
public_holiday,CH,Switzerland,"Federal Day of Thanksgiving, Repentance and Prayer",2027-09-19,2027-09-19,False,,CH-GL|CH-TG|CH-SZ|CH-BS|CH-VS|CH-SH|CH-SG|CH-GR|CH-NW|CH-OW|CH-BE|CH-NE|CH-ZG|CH-LU|CH-UR|CH-BL|CH-ZH,,,60688e7a-ecba-4477-bdc4-08c308c57a2f
public_holiday,CH,Switzerland,Fast Monday,2027-09-20,2027-09-20,False,,CH-VD,,,5f5c2c4b-50bd-44e3-8773-2bcab76ff503
public_holiday,CH,Switzerland,St. Mauritius Day,2027-09-22,2027-09-22,False,,CH-AI-GO|CH-AI-AP|CH-AI-SH|CH-AI-SR,,,3de789d0-5e1c-444e-9def-0994c733aa1a
public_holiday,CH,Switzerland,Saint Nicholas of Flüe Day,2027-09-25,2027-09-25,False,,CH-OW,,,add20278-678c-47d2-ac15-39c9d00de521
public_holiday,CH,Switzerland,St Gallus' Day,2027-10-16,2027-10-16,False,,CH-SZ-SZ-MO,,,2d3a9934-3418-4eda-a7d6-7b7b3ab7a8d8
public_holiday,CH,Switzerland,All Saints' Day,2027-11-01,2027-11-01,False,,CH-GL|CH-SZ|CH-VS|CH-SO-TH|CH-AG-MU|CH-SG|CH-AG-BG|CH-SO-GG|CH-SO-LB|CH-GR|CH-NW|CH-OW|CH-SO-TS|CH-AG-ZZ|CH-ZG|CH-LU|CH-SO-SO|CH-AI|CH-AG-LA|CH-FR|CH-TI|CH-SO-WA|CH-SO-GA|CH-SO-DE|CH-UR|CH-AG-RF|CH-JU|CH-SO-OL,,,292bcdc5-2726-4568-bf8e-241748f6053f
public_holiday,CH,Switzerland,St Martin's Day,2027-11-11,2027-11-11,False,,CH-SZ-SZ-SZ,,,78e93eb8-7209-4cc7-b2f6-c05aa9abb87b
public_holiday,CH,Switzerland,Immaculate Conception,2027-12-08,2027-12-08,False,,CH-AG-RF-ST|CH-SZ|CH-VS|CH-AG-RF-WE|CH-AG-MU|CH-NW|CH-OW|CH-ZG|CH-LU|CH-AI|CH-AG-LA|CH-FR|CH-TI|CH-UR|CH-AG-RF-SU|CH-AG-RF-MU|CH-AG-RF-OB,,,9b872a02-a1eb-4eff-913a-760ae1d45056
public_holiday,CH,Switzerland,Christmas,2027-12-25,2027-12-25,True,,,,,e36d157e-7f01-4413-91a8-804eb68cd484
public_holiday,CH,Switzerland,St Stephen's Day,2027-12-26,2027-12-26,False,,CH-GL|CH-AG-ZF|CH-SO|CH-TG|CH-SZ|CH-BS|CH-AG-RF-OL|CH-AG-RF-WA|CH-VS|CH-SH|CH-AG-AA|CH-AG-LB|CH-SG|CH-AG-BG|CH-GR|CH-NW|CH-AG-BR|CH-AG-BA|CH-AG-RF-RF|CH-AG-KU|CH-OW|CH-BE|CH-AG-ZZ|CH-ZG|CH-LU|CH-AI|CH-FR|CH-TI|CH-AG-RF-MO|CH-AG-RF-ZE|CH-AR|CH-UR|CH-BL|CH-AG-RF-KA|CH-ZH|CH-AG-RF-MA|CH-AG-RF-ZU,,,097d9fae-ff21-4a5e-af0c-e3a7637fdb9d
public_holiday,CH,Switzerland,Restoration of the Republic,2027-12-31,2027-12-31,False,,CH-GE,,,8564f440-5e4c-4283-8741-8496f8b49af4
school_holiday,CH,Switzerland,Sports holidays,2026-01-24,2026-02-01,False,,CH-AI-OB,,,2c2952c0-395a-4b09-9d87-8a74eef7e4e9
school_holiday,CH,Switzerland,Sport,2026-01-24,2026-02-08,False,,CH-SH,,,7d15dab9-5d30-41e1-885e-14e56caa42be
school_holiday,CH,Switzerland,Sport,2026-01-24,2026-02-01,False,,CH-GL,,"[{'language': 'DE', 'text': 'Alle Schulen'}]",8c4eb99c-9d2c-42d4-a981-58a86bdca58f
school_holiday,CH,Switzerland,Sport,2026-01-24,2026-02-01,False,,CH-TG,,"[{'language': 'DE', 'text': 'Volksschulen'}]",f25bbeb3-7046-437e-8501-1be896895a1c
school_holiday,CH,Switzerland,February week,2026-01-31,2026-02-08,False,,CH-BE,CH-BE-VS,,4d5bb6a3-ae55-4ffa-8fe6-fc48b215b9ca
school_holiday,CH,Switzerland,Sports holidays,2026-01-31,2026-02-15,False,,CH-ZG,,,c2180405-f165-4e63-ada2-92fca6cbe154
school_holiday,CH,Switzerland,Winter break,2026-02-02,2026-02-13,False,,CH-SO,CH-SO-MS|CH-SO-BS,,15abafd2-a296-483c-8194-8ec93a96ed7a
school_holiday,CH,Switzerland,Carnival holidays,2026-02-07,2026-02-22,False,,CH-LU,,,1891d826-9e88-4a57-832b-cc84969afea2
school_holiday,CH,Switzerland,Sport,2026-02-07,2026-02-22,False,,CH-NW,,"[{'language': 'DE', 'text': 'Volksschulen und Mittelschulen'}]",4baf5592-0bdb-4fc5-b169-de9bb8012c0e
school_holiday,CH,Switzerland,Sport,2026-02-07,2026-02-22,False,,CH-OW,,"[{'language': 'DE', 'text': 'Alle Schulen ausser Engelberg'}]",8abbb1fd-9f53-4381-b8ba-550ad5ba1f4c
school_holiday,CH,Switzerland,Sport,2026-02-12,2026-02-22,False,,CH-OW,,"[{'language': 'DE', 'text': 'Ausnahmeregelung für Gemeinde Engelberg'}]",426b159d-4e02-49ba-a1e7-378c5d75907c
school_holiday,CH,Switzerland,Sports holidays,2026-02-13,2026-02-22,False,,CH-AI-GO|CH-AI-AP|CH-AI-SH|CH-AI-SR,,,b7106fe1-f4c9-4146-8c99-b86a1b8411a4
school_holiday,CH,Switzerland,Carnival holidays,2026-02-14,2026-03-01,False,,CH-BL,,,0c49507b-3405-46c7-b006-3ccdf5b8ba9e
school_holiday,CH,Switzerland,Sport,2026-02-14,2026-02-22,False,,CH-VS,,"[{'language': 'EN', 'text': 'French-speaking'}]",10acd396-1754-408c-819d-70fa8927bd7f
school_holiday,CH,Switzerland,Sport,2026-02-14,2026-02-22,False,,CH-TI,,,6cf18ff5-0282-40a1-a44b-58536009306c
school_holiday,CH,Switzerland,Sport,2026-02-14,2026-02-22,False,,CH-VD,,,ddcdced9-c70a-4025-a082-cdbfd9f70abf
school_holiday,CH,Switzerland,Sport,2026-02-14,2026-02-22,False,,CH-FR,,"[{'language': 'FR', 'text': 'Écoles primaires (ville)'}]",e367d3fc-61f6-4a75-a38b-a90fbb9bd4b1
school_holiday,CH,Switzerland,Carnival holidays,2026-02-14,2026-03-01,False,,CH-BS,,,f1292a3c-9a98-497b-98a5-d523ceb5f625
school_holiday,CH,Switzerland,Winter break,2026-02-16,2026-02-20,False,,CH-JU,,,818cee2d-0a2b-4345-a033-c7aa161621f1
school_holiday,CH,Switzerland,Sport,2026-02-21,2026-03-01,False,,CH-NE,,"[{'language': 'FR', 'text': 'École obligatoire'}]",b452008e-d708-4efa-9b77-e56579c18987
school_holiday,CH,Switzerland,Sport,2026-02-21,2026-03-01,False,,CH-SZ,,"[{'language': 'DE', 'text': 'Volksschulen'}]",becbef7c-2dce-4e2c-bdce-d68a5ea8231d
school_holiday,CH,Switzerland,Sport,2026-02-21,2026-03-08,False,,CH-VS,,"[{'language': 'EN', 'text': 'German-speaking'}]",d588c426-dd25-4b50-9eb2-7a31f8574688
school_holiday,CH,Switzerland,February holidays,2026-02-23,2026-02-27,False,,CH-GE,,,72548fa6-fc9f-40f9-ac7e-224ff2ef9ab4
school_holiday,CH,Switzerland,Sport,2026-02-28,2026-03-08,False,,CH-VS,,"[{'language': 'DE', 'text': 'Tourismusgemeinden Oberwallis'}]",99411413-1720-4277-b384-05f8e98cf115
school_holiday,CH,Switzerland,Sport,2026-02-28,2026-03-08,False,,CH-UR,,,bdbdf71a-974a-405b-84e8-d3d9a9598609
school_holiday,CH,Switzerland,Spring holidays,2026-03-28,2026-04-12,False,,CH-BS,,,47579d1b-ef3f-441a-b600-8189d2b84e6e
school_holiday,CH,Switzerland,Spring holidays,2026-03-28,2026-04-12,False,,CH-BL,,,83873ebf-eaa0-439b-b418-ad16e8a7288e
school_holiday,CH,Switzerland,Spring holidays,2026-04-03,2026-04-19,False,,CH-AI,,,01fadc62-f9aa-4c16-a8e7-16765871005d
school_holiday,CH,Switzerland,Spring holidays,2026-04-03,2026-04-19,False,,CH-LU,,,145b3a26-566f-43b2-85df-b91e0be88393
school_holiday,CH,Switzerland,Easter holidays,2026-04-03,2026-04-17,False,,CH-JU,,,17654155-6aeb-41aa-a466-51ed47695216
school_holiday,CH,Switzerland,Spring holidays,2026-04-03,2026-04-17,False,,CH-BE,CH-BE-EO,,4831b62a-264e-431d-b0af-cc0508dbde89
school_holiday,CH,Switzerland,Spring,2026-04-03,2026-04-19,False,,CH-TG,,"[{'language': 'DE', 'text': 'Volksschulen'}]",49db4392-7f22-4301-9ecf-d51fd92b129a
school_holiday,CH,Switzerland,Spring,2026-04-03,2026-04-19,False,,CH-VD,,,4dce5bf7-4a4d-4231-915c-4bf51b0d5e08
school_holiday,CH,Switzerland,Spring holidays,2026-04-03,2026-04-17,False,,CH-AR,CH-AR-VS,,667012be-3237-4ac4-bc3d-4b4348cfc1fa
school_holiday,CH,Switzerland,Spring,2026-04-03,2026-04-19,False,,CH-OW,,"[{'language': 'DE', 'text': 'Ausnahmeregelung für Gemeinde Engelberg'}]",67e2b06b-5bca-4364-9d38-0da71639d5d3
school_holiday,CH,Switzerland,Spring,2026-04-03,2026-04-19,False,,CH-GL,,"[{'language': 'DE', 'text': 'Alle Schulen'}]",88fac81e-72d9-4dc6-bcf7-fb8be6ae153c
school_holiday,CH,Switzerland,Spring,2026-04-03,2026-04-19,False,,CH-NE,,"[{'language': 'FR', 'text': 'École obligatoire'}]",8a50b883-a98b-42e8-92cc-70367444655f
school_holiday,CH,Switzerland,Spring,2026-04-03,2026-04-19,False,,CH-FR,,"[{'language': 'FR', 'text': 'Écoles primaires (ville)'}]",8c8976c1-6f8e-496a-8017-2c557e2c1a0d
school_holiday,CH,Switzerland,Spring,2026-04-03,2026-04-12,False,,CH-TI,,,9aeb6a67-eb6c-419d-97ea-2ebd782a45e4
school_holiday,CH,Switzerland,Easter,2026-04-03,2026-04-06,False,,CH-ZH,CH-ZH-VS,,a751cd88-e7c4-457c-8f3b-7b019305e2c5
school_holiday,CH,Switzerland,Easter,2026-04-03,2026-04-06,False,,CH-ZH,CH-ZH-MS|CH-ZH-BS,,d505865c-62b0-443c-84b5-87e7b058b4ac
school_holiday,CH,Switzerland,Spring,2026-04-03,2026-04-12,False,,CH-VS,,"[{'language': 'EN', 'text': 'French-speaking'}]",ecac62ba-abc6-404a-9b1b-4146c882c027
school_holiday,CH,Switzerland,Easter holidays,2026-04-03,2026-04-17,False,,CH-GE,,,f6ece8b4-38a9-43df-98db-cfb810a7b8fa
school_holiday,CH,Switzerland,Spring,2026-04-03,2026-04-19,False,,CH-NW,,"[{'language': 'DE', 'text': 'Volksschulen und Mittelschulen'}]",f8c994ff-cd43-4353-9ea1-4f0834155cef
school_holiday,CH,Switzerland,Spring holidays,2026-04-03,2026-04-19,False,,CH-BE,CH-BE-VS,,fb84d55a-1d57-4a4b-94bb-c0e54e10c83a
school_holiday,CH,Switzerland,Spring holidays,2026-04-05,2026-04-19,False,,CH-SG,,,6f307fe8-491b-40c9-9fe0-d6aedce73b58
school_holiday,CH,Switzerland,Spring holidays,2026-04-06,2026-04-17,False,,CH-SO,CH-SO-MS|CH-SO-BS,,602b7062-b5c0-46b4-9a0f-004b698e06c0
school_holiday,CH,Switzerland,Spring holidays,2026-04-07,2026-04-17,False,,CH-AG,,,f4dfdf40-b8a7-4c59-a184-9226796b62df
school_holiday,CH,Switzerland,Spring,2026-04-11,2026-04-26,False,,CH-SH,,,3fa907f2-83b0-4cb0-9340-8a6eb49b76e1
school_holiday,CH,Switzerland,Spring holidays,2026-04-11,2026-04-26,False,,CH-ZG,,,f89f814b-5261-40a3-b625-f69be128ad2c
school_holiday,CH,Switzerland,Spring holidays,2026-04-20,2026-05-02,False,,CH-ZH,CH-ZH-MS|CH-ZH-BS,,4fde682c-7f2c-4131-8215-7f8d0248ef77
school_holiday,CH,Switzerland,Spring holidays,2026-04-20,2026-05-02,False,,CH-ZH,CH-ZH-VS,,9b183e08-6576-4676-ab90-970ec755662b
school_holiday,CH,Switzerland,Spring,2026-04-25,2026-05-10,False,,CH-SZ,,"[{'language': 'DE', 'text': 'Volksschulen'}]",1f447058-0d80-4471-bfe5-70ca5e4e9f6c
school_holiday,CH,Switzerland,Spring,2026-05-02,2026-05-17,False,,CH-UR,,,012edc75-c959-4609-8c1c-f48856a36b18
school_holiday,CH,Switzerland,Spring,2026-05-02,2026-05-17,False,,CH-VS,,"[{'language': 'DE', 'text': 'Tourismusgemeinden Oberwallis'}]",2cceac57-0ce5-4601-bf08-72ecfca15560
school_holiday,CH,Switzerland,Spring,2026-05-09,2026-05-17,False,,CH-VS,,"[{'language': 'EN', 'text': 'German-speaking'}]",c644d239-51f5-48ea-9e1d-cea3c854f824
school_holiday,CH,Switzerland,Ascension Day holidays,2026-05-14,2026-05-17,False,,CH-ZG,,,053ed354-9f42-43ca-b97f-99ec4157b4c1
school_holiday,CH,Switzerland,Pentecost,2026-05-14,2026-05-25,False,,CH-TG,,"[{'language': 'DE', 'text': 'Volksschulen'}]",17adde5a-60cf-42cb-9257-3a69c0a9af54
school_holiday,CH,Switzerland,Ascension Bridge,2026-05-14,2026-05-16,False,,CH-ZH,CH-ZH-MS|CH-ZH-BS,,4250e1b0-ffb1-4326-99b0-1912ac9c103d
school_holiday,CH,Switzerland,Ascension Bridge,2026-05-14,2026-05-15,False,,CH-GE,,,4df0f9df-8d1b-4358-9d25-85f59553ebc9
school_holiday,CH,Switzerland,Ascension,2026-05-14,2026-05-15,False,,CH-JU,,,a033dce3-9550-4160-bbf9-627dbfde6f55
school_holiday,CH,Switzerland,Ascension Bridge,2026-05-25,2026-05-25,False,,CH-BL,,,09392383-3b07-4bfd-ae18-c599409a0541
school_holiday,CH,Switzerland,Ascension Bridge,2026-05-25,2026-05-25,False,,CH-BS,,,6de6468b-7ec2-4732-8569-d775363a5b55
school_holiday,CH,Switzerland,Summer,2026-06-18,2026-08-30,False,,CH-TI,,,3fa93851-2875-4d0f-b5bd-041b3f3677d0
school_holiday,CH,Switzerland,Summer,2026-06-27,2026-08-16,False,,CH-VD,,,4e136b40-7284-4df4-9fc7-975b5d0eaca5
school_holiday,CH,Switzerland,Summer,2026-06-27,2026-08-09,False,,CH-GL,,"[{'language': 'DE', 'text': 'Alle Schulen'}]",6a6f0722-b27a-4102-91e2-e28d6bb335aa
school_holiday,CH,Switzerland,Summer holidays,2026-06-27,2026-08-09,False,,CH-BL,,,85a29bd6-5a8f-41f6-8d4b-3fd6ea94f1f9
school_holiday,CH,Switzerland,Summer,2026-06-27,2026-08-19,False,,CH-VS,,"[{'language': 'EN', 'text': 'French-speaking'}]",b79386a5-6c2b-4589-8af3-ed1425629a6d
school_holiday,CH,Switzerland,Summer,2026-06-27,2026-08-09,False,,CH-OW,,"[{'language': 'DE', 'text': 'Ausnahmeregelung für Gemeinde Engelberg'}]",ca1ec27f-b294-4c67-9fdc-bd8038ea05f8
school_holiday,CH,Switzerland,Summer holidays,2026-06-27,2026-08-09,False,,CH-BS,,,e4f54d97-e10c-4b51-8671-19a93acad2c5
school_holiday,CH,Switzerland,Summer holidays,2026-06-29,2026-08-16,False,,CH-GE,,,5684ea6b-2e06-4225-8d7d-ccb5d00ef58e
school_holiday,CH,Switzerland,Summer,2026-07-01,2026-08-16,False,,CH-VS,,"[{'language': 'DE', 'text': 'Tourismusgemeinden Oberwallis'}]",38e2e44d-c5cc-42aa-aff0-a21af93f27fd
school_holiday,CH,Switzerland,Summer holidays,2026-07-04,2026-08-16,False,,CH-LU,,,048f0bc2-12f0-4bcf-ab87-42dcc41672f7
school_holiday,CH,Switzerland,Summer holidays,2026-07-04,2026-08-09,False,,CH-BE,CH-BE-VS,,0bc37a23-3db4-4ac4-b62c-98fdd27569de
school_holiday,CH,Switzerland,Summer,2026-07-04,2026-08-26,False,,CH-FR,,"[{'language': 'FR', 'text': 'Écoles sec. II'}]",1d230866-ba57-4315-941c-54bb52586cb9
school_holiday,CH,Switzerland,Summer,2026-07-04,2026-08-16,False,,CH-UR,,,2945a170-43c1-4176-92e4-b56b52a52480
school_holiday,CH,Switzerland,Summer,2026-07-04,2026-08-09,False,,CH-SZ,,"[{'language': 'DE', 'text': 'Volksschulen'}]",298bbdc2-09a9-4aac-aded-8f5ef86151ac
school_holiday,CH,Switzerland,Summer holidays,2026-07-04,2026-08-16,False,,CH-ZG,,,3afdd5d0-8ffd-473a-b602-3d01ab3f8612
school_holiday,CH,Switzerland,Summer holidays,2026-07-04,2026-08-09,False,,CH-BL,,"[{'language': 'EN', 'text': 'Exception for the Gym. Laufental-Thierstein'}]",3d9495e5-dfc4-4270-97c7-ab836afabba0
school_holiday,CH,Switzerland,Summer,2026-07-04,2026-08-16,False,,CH-NW,,"[{'language': 'DE', 'text': 'Volksschulen und Mittelschulen'}]",59d04946-cd55-4793-ac15-fc0c4708763c
school_holiday,CH,Switzerland,Summer,2026-07-04,2026-08-16,False,,CH-NE,,"[{'language': 'FR', 'text': 'École obligatoire'}]",7e4647cb-09d5-49ac-8648-adb1deb9f640
school_holiday,CH,Switzerland,Summer,2026-07-04,2026-08-09,False,,CH-SH,,,86d3a5b9-944f-4d2f-a673-73f76f5d3ca5
school_holiday,CH,Switzerland,Summer holidays,2026-07-04,2026-08-16,False,,CH-AI-GO|CH-AI-AP|CH-AI-SH|CH-AI-SR,,,947a552b-a42f-4ed9-9efa-a11674bf14f1
school_holiday,CH,Switzerland,Summer,2026-07-04,2026-08-09,False,,CH-TG,,"[{'language': 'DE', 'text': 'Volksschulen'}]",9e1c5f5d-6ec1-41ca-b3bc-9643e9ec5ab8
school_holiday,CH,Switzerland,Summer holidays,2026-07-04,2026-08-09,False,,CH-AI-OB,,,c0b1d6f2-3a4e-4f5c-8d7b-9e0f6a1c3b2c
school_holiday,CH,Switzerland,Summer,2026-07-04,2026-08-16,False,,CH-OW,,"[{'language': 'DE', 'text': 'Alle Schulen ausser Engelberg'}]",d57a3d59-3e74-47c1-8fab-98f97652e328
school_holiday,CH,Switzerland,Summer holidays,2026-07-05,2026-08-09,False,,CH-SG,,,9f50bde3-582f-411f-870d-52186e4a1dea
school_holiday,CH,Switzerland,Summer holidays,2026-07-06,2026-08-07,False,,CH-SO,CH-SO-MS|CH-SO-BS,,624eae3c-259d-4b00-9c95-a6866e67a426
school_holiday,CH,Switzerland,Summer holidays,2026-07-06,2026-08-14,False,,CH-BE,CH-BE-EO,,6cba4a4b-f19e-45ed-9f56-d9d86c927f80
school_holiday,CH,Switzerland,Summer holidays,2026-07-06,2026-08-14,False,,CH-JU,,,aec7dfdd-64a5-4a54-9c9d-add2699179c8
school_holiday,CH,Switzerland,Summer holidays,2026-07-06,2026-08-07,False,,CH-AR,CH-AR-VS,,e3c313f5-8b6b-44cb-9463-f4761cbfba91
school_holiday,CH,Switzerland,Summer,2026-07-11,2026-08-26,False,,CH-FR,,"[{'language': 'FR', 'text': 'Écoles primaires (ville)'}]",7749db7a-3271-454b-bca3-3aee9070096b
school_holiday,CH,Switzerland,Summer holidays,2026-07-13,2026-08-15,False,,CH-ZH,CH-ZH-VS,,2c715e6e-2cbe-4cd1-9ea8-f50f53235cb4
school_holiday,CH,Switzerland,Summer holidays,2026-07-20,2026-08-07,False,,CH-AG,,,e0626a93-ee79-42fb-94a8-cb8e14780d07
school_holiday,CH,Switzerland,Start of the school year,2026-08-17,2026-08-17,False,,CH-GR-VM|CH-GR-ML|CH-GR-EB|CH-GR-IB|CH-GR-SS|CH-GR-BN|CH-GR-PD|CH-GR-PS|CH-GR-LQ|CH-GR-AB,CH-GR-VS,,41b8cc8f-361e-4e36-9f9a-0eaa37c91ba1
school_holiday,CH,Switzerland,Start of the school year,2026-08-24,2026-08-24,False,,CH-GR-MS,CH-GR-VS,,603a6e77-9285-474e-9d39-07982f3b41cb
school_holiday,CH,Switzerland,Autumn holidays,2026-09-19,2026-10-11,False,,CH-BE,CH-BE-VS,,1983c070-8fbb-4d4e-b4cb-4efc76ab6b8c
school_holiday,CH,Switzerland,Autumn,2026-09-25,2026-10-11,False,,CH-OW,,"[{'language': 'DE', 'text': 'Alle Schulen ausser Engelberg'}]",8a9aa84e-acc1-4bb5-b521-9eb82465ce4d
school_holiday,CH,Switzerland,Autumn,2026-09-26,2026-10-11,False,,CH-NW,,"[{'language': 'DE', 'text': 'Volksschulen und Mittelschulen'}]",417edf11-8124-486a-a06e-3bc9ddb46406
school_holiday,CH,Switzerland,Autumn holidays,2026-09-26,2026-10-18,False,,CH-AI-OB,,,55397222-5285-44e4-b6d5-cc4839db5039
school_holiday,CH,Switzerland,Autumn holidays,2026-09-26,2026-10-11,False,,CH-BL,,,6da75269-6693-4d81-8143-1ab9a7695f2c
school_holiday,CH,Switzerland,Autumn holidays,2026-09-26,2026-10-11,False,,CH-LU,,,a1178819-bc37-4d86-9c2c-02aac6da6b6c
school_holiday,CH,Switzerland,Autumn,2026-09-26,2026-10-11,False,,CH-SZ,,"[{'language': 'DE', 'text': 'Volksschulen'}]",ba2d93ab-afe2-4bf0-b14e-ec443aaa751a
school_holiday,CH,Switzerland,Autumn holidays,2026-09-26,2026-10-28,False,,CH-BL,,"[{'language': 'EN', 'text': 'Exception for the Gym. Laufental-Thierstein'}]",e785d05a-2c47-420c-8b8b-c4a883b59895
school_holiday,CH,Switzerland,Autumn,2026-09-26,2026-10-18,False,,CH-SH,,,e9ac5abb-466c-4530-ad63-604475012a32
school_holiday,CH,Switzerland,Autumn holidays,2026-09-26,2026-10-11,False,,CH-BS,,,f0a004e2-f9e1-4466-865a-fee98cbc3c39
school_holiday,CH,Switzerland,Autumn holidays,2026-09-27,2026-10-18,False,,CH-SG,,,4d6cb071-c819-4d56-a4eb-ee78a8444e15
school_holiday,CH,Switzerland,Autumn holidays,2026-09-28,2026-10-16,False,,CH-SO,CH-SO-MS|CH-SO-BS,,b4069583-c222-4745-92ca-fdbb70a7a120
school_holiday,CH,Switzerland,Autumn holidays,2026-09-28,2026-10-09,False,,CH-AG,,,bcc050dc-4838-4263-85b8-f0a14a09e7dc
school_holiday,CH,Switzerland,Autumn holidays,2026-10-03,2026-10-18,False,,CH-ZG,,,1115e2a4-46e0-466b-a6dc-07510a8ec1d5
school_holiday,CH,Switzerland,Autumn,2026-10-03,2026-10-18,False,,CH-GL,,"[{'language': 'DE', 'text': 'Alle Schulen'}]",16044b77-d8f6-4e50-8a54-b8d791da9f4a
school_holiday,CH,Switzerland,Autumn,2026-10-03,2026-10-18,False,,CH-UR,,,460daea5-721f-4491-b1b3-9364afc0ca42
school_holiday,CH,Switzerland,Autumn,2026-10-03,2026-10-18,False,,CH-TG,,"[{'language': 'DE', 'text': 'Volksschulen'}]",4b91a1e0-996a-46cb-8635-90b32aa491fc
school_holiday,CH,Switzerland,Autumn,2026-10-03,2026-10-25,False,,CH-OW,,"[{'language': 'DE', 'text': 'Ausnahmeregelung für Gemeinde Engelberg'}]",ce728d25-e09f-45da-be4e-c684cd25d0fc
school_holiday,CH,Switzerland,Autumn,2026-10-03,2026-10-18,False,,CH-NE,,"[{'language': 'FR', 'text': 'École obligatoire'}]",d28e171a-95cd-40c0-a61c-411c5ad4ae31
school_holiday,CH,Switzerland,Autumn holidays,2026-10-03,2026-10-18,False,,CH-AI-GO|CH-AI-AP|CH-AI-SH|CH-AI-SR,,,e5c74129-3da9-4825-b088-86a36d8aea9e
school_holiday,CH,Switzerland,Autumn holidays,2026-10-05,2026-10-16,False,,CH-BE,CH-BE-EO,,0822bb06-c50b-473e-952c-abc354794527
school_holiday,CH,Switzerland,Autumn holidays,2026-10-05,2026-10-16,False,,CH-AR,CH-AR-VS,,414df9a9-d0fb-4b11-9d1c-221747b0c876
school_holiday,CH,Switzerland,Autumn holidays,2026-10-05,2026-10-17,False,,CH-ZH,CH-ZH-VS,,78fec4c7-55a8-4b55-befb-1dda4c5a454a
school_holiday,CH,Switzerland,Autumn holidays,2026-10-05,2026-10-16,False,,CH-JU,,,d605cc69-78d0-4eea-9f1c-a44fa4b901c4
school_holiday,CH,Switzerland,Autumn holidays,2026-10-05,2026-10-17,False,,CH-ZH,CH-ZH-MS|CH-ZH-BS,,e4a7d68f-5995-4faf-8b56-372f8790e57b
school_holiday,CH,Switzerland,Autumn,2026-10-10,2026-10-25,False,,CH-VS,,"[{'language': 'EN', 'text': 'German-speaking'}]",349193b0-f8a1-401a-8361-2b3bccc16959
school_holiday,CH,Switzerland,Autumn holidays,2026-10-10,2026-10-25,False,,CH-GR-VM|CH-GR-ML|CH-GR-EB|CH-GR-IB|CH-GR-SS|CH-GR-BN|CH-GR-PD|CH-GR-PS|CH-GR-LQ|CH-GR-AB,CH-GR-VS,,43936b40-6f78-4f45-96a2-41eb0cf621f9
school_holiday,CH,Switzerland,Autumn,2026-10-10,2026-10-25,False,,CH-VD,,,c0bb9c6b-9e94-4325-9a70-118b268e8dd6
school_holiday,CH,Switzerland,Autumn,2026-10-10,2026-10-25,False,,CH-FR,,"[{'language': 'FR', 'text': 'Écoles primaires (ville)'}]",e3489777-4737-4801-9e17-8bef71491211
school_holiday,CH,Switzerland,Autumn,2026-10-15,2026-10-25,False,,CH-VS,,"[{'language': 'EN', 'text': 'French-speaking'}]",fc2d8db0-18b1-4499-a214-835c0c15409e
school_holiday,CH,Switzerland,Autumn holidays,2026-10-19,2026-10-23,False,,CH-GE,,,7bb6e766-0c67-423c-b568-0f3c7752aa46
school_holiday,CH,Switzerland,Autumn,2026-10-31,2026-11-08,False,,CH-TI,,,531c5aac-8a8a-4626-ab1a-a621c2c1d4c7
school_holiday,CH,Switzerland,Autumn holidays,2026-10-31,2026-11-08,False,,CH-GR-MS,CH-GR-VS,,5c000dfd-ba7f-4966-ba88-1c9379ffd35e
school_holiday,CH,Switzerland,Christmas holidays,2026-12-19,2027-01-03,False,,CH-LU,,,1c7a0d5c-f7c4-4060-8466-78df2daac6a5
school_holiday,CH,Switzerland,Christmas,2026-12-19,2027-01-03,False,,CH-FR,,"[{'language': 'FR', 'text': 'Écoles primaires (ville)'}]",23dc7b32-26c9-4b01-857d-f60c9a9d83d9
school_holiday,CH,Switzerland,Christmas,2026-12-19,2027-01-03,False,,CH-NE,,"[{'language': 'FR', 'text': 'École obligatoire'}]",2600c8f5-b66c-4cd5-860c-af6f6fc3d2bf
school_holiday,CH,Switzerland,Christmas,2026-12-19,2027-01-03,False,,CH-NW,,"[{'language': 'DE', 'text': 'Volksschulen und Mittelschulen'}]",29772705-4368-43a5-89ca-9e82a6face5a
school_holiday,CH,Switzerland,Christmas,2026-12-19,2027-01-03,False,,CH-TG,,"[{'language': 'DE', 'text': 'Volksschulen'}]",7b8caa35-07ad-4506-8d87-aa531832b88d
school_holiday,CH,Switzerland,Christmas holidays,2026-12-19,2027-01-03,False,,CH-AI,,,a1749241-f4cd-4a10-824a-bd13c8ffeffb
school_holiday,CH,Switzerland,Christmas holidays,2026-12-19,2027-01-03,False,,CH-BS,,,a3699296-0858-4ee8-81ba-f225e76b0a6d
school_holiday,CH,Switzerland,Winter holidays,2026-12-19,2027-01-03,False,,CH-ZG,,,cc048590-bc85-4f4e-9edc-56325e212b20
school_holiday,CH,Switzerland,Christmas,2026-12-19,2027-01-03,False,,CH-VS,,"[{'language': 'EN', 'text': 'German-speaking'}]",d44fb406-39ae-4c68-b300-93034d56d566
school_holiday,CH,Switzerland,Christmas holidays,2026-12-19,2027-01-03,False,,CH-BL,,,f9354fb9-7bb8-4947-b081-8f3771a3c1ad
school_holiday,CH,Switzerland,Christmas holidays,2026-12-20,2027-01-03,False,,CH-SG,,,011f2c11-fd8d-4358-ac30-a83c106882fb
school_holiday,CH,Switzerland,Christmas holidays,2026-12-21,2027-01-01,False,,CH-SO,CH-SO-MS|CH-SO-BS,,18980831-7f7f-4750-900f-7d0948d47cc9
school_holiday,CH,Switzerland,Winter holidays,2026-12-21,2026-12-31,False,,CH-AG,,,4a4698fb-3688-4fc9-aa5d-3f4f15431c1f
school_holiday,CH,Switzerland,Christmas holidays,2026-12-21,2027-01-01,False,,CH-AR,CH-AR-VS,,73c0405f-6e58-47ea-acc3-c499c4f9aeb0
school_holiday,CH,Switzerland,Christmas holidays,2026-12-21,2027-01-02,False,,CH-ZH,,,9b3287e2-e686-47d2-8a5d-751956525815
school_holiday,CH,Switzerland,Christmas holidays,2026-12-23,2027-01-05,False,,CH-GR-VM|CH-GR-ML|CH-GR-EB|CH-GR-IB|CH-GR-SS|CH-GR-BN|CH-GR-PD|CH-GR-PS|CH-GR-LQ|CH-GR-AB,CH-GR-VS,,6785b84b-9431-48b1-8a49-1e5a5de9547f
school_holiday,CH,Switzerland,Christmas,2026-12-24,2027-01-06,False,,CH-OW,,"[{'language': 'DE', 'text': 'Alle Schulen ausser Engelberg'}]",2df41431-eb99-48e3-a9dc-02f55d7f843a
school_holiday,CH,Switzerland,Christmas,2026-12-24,2027-01-10,False,,CH-UR,,,3346d32b-2a31-4583-a76f-3a6fb25e87f3
school_holiday,CH,Switzerland,Christmas holidays,2026-12-24,2027-01-06,False,,CH-GR-MS,CH-GR-VS,,6368307e-c48a-429d-b846-efd5ac75fdd0
school_holiday,CH,Switzerland,Christmas and New Year holidays,2026-12-24,2027-01-08,False,,CH-GE,,,6b760612-65c4-415c-b452-5bcfb06f58b1
school_holiday,CH,Switzerland,Christmas,2026-12-24,2027-01-10,False,,CH-VD,,,6f84bef5-f309-4000-81d9-35c02f0d0ece
school_holiday,CH,Switzerland,Christmas,2026-12-24,2027-01-10,False,,CH-VS,,"[{'language': 'EN', 'text': 'French-speaking'}]",77f67468-872c-4153-8984-7398779b62d7
school_holiday,CH,Switzerland,Christmas,2026-12-24,2027-01-06,False,,CH-TI,,,b1508f20-44ec-4938-8432-77c252437445
school_holiday,CH,Switzerland,Christmas,2026-12-24,2027-01-10,False,,CH-GL,,"[{'language': 'DE', 'text': 'Alle Schulen'}]",e4695bf7-ceb5-4703-9fd8-530937859098
school_holiday,CH,Switzerland,Christmas holidays,2026-12-24,2027-01-08,False,,CH-JU,,,fd91a357-458f-4da5-b609-33cc3e0142a8
school_holiday,CH,Switzerland,Christmas,2026-12-24,2027-01-03,False,,CH-SH,,,ffa7efd1-4148-41b7-863d-d7cac15afd4b
school_holiday,CH,Switzerland,Christmas,2026-12-25,2027-01-10,False,,CH-BE,CH-BE-VS,,2cc64996-2d0f-490a-91aa-06a5ab21827a
school_holiday,CH,Switzerland,Christmas,2026-12-25,2027-01-06,False,,CH-SZ,,"[{'language': 'DE', 'text': 'Volksschulen'}]",b93f2216-4680-468c-910a-f0a5e5ff9b5b
school_holiday,CH,Switzerland,Christmas,2026-12-25,2027-01-08,False,,CH-BE,CH-BE-EO,,e3d5cf22-5043-40da-9922-8b27ef37e22c
school_holiday,CH,Switzerland,Sports holidays,2027-01-30,2027-02-07,False,,CH-AI-OB,,,5a45d372-2f76-44d1-b48b-3764d6106b7e
school_holiday,CH,Switzerland,Carnival holidays,2027-01-30,2027-02-14,False,,CH-LU,,,bb78e96c-f3a1-478a-ad0a-68b40605a38f
school_holiday,CH,Switzerland,Sports holidays,2027-02-05,2027-02-14,False,,CH-AI-GO|CH-AI-AP|CH-AI-SH|CH-AI-SR,,,cb383a32-7cc1-440a-af35-abf433254f09
school_holiday,CH,Switzerland,February week,2027-02-06,2027-02-14,False,,CH-BE,CH-BE-VS,,21bd61a5-fdf8-4b52-ae9d-590e0c51687a
school_holiday,CH,Switzerland,Sports holidays,2027-02-06,2027-02-21,False,,CH-ZG,,,4337eac1-bcc6-41ed-9fda-43944245d855
school_holiday,CH,Switzerland,Carnival holidays,2027-02-06,2027-02-21,False,,CH-BS,,,7f12b557-4c2a-41c0-9cc6-e7facbe61910
school_holiday,CH,Switzerland,Carnival holidays,2027-02-06,2027-02-21,False,,CH-BL,,,b660a3dc-3cb9-49f3-9713-fcc814e0fc98
school_holiday,CH,Switzerland,Winter break,2027-02-08,2027-02-19,False,,CH-SO,CH-SO-MS|CH-SO-BS,,773664ae-f6fe-4a6d-824e-b2c9d8a85469
school_holiday,CH,Switzerland,Winter break,2027-02-15,2027-02-19,False,,CH-JU,,,04904af2-b545-4f91-b249-cb09cea3b33b
school_holiday,CH,Switzerland,February holidays,2027-02-15,2027-02-19,False,,CH-GE,,,07c3d492-55c0-4c45-ad92-855954dd14be
school_holiday,CH,Switzerland,Spring holidays,2027-03-20,2027-04-04,False,,CH-BS,,,051b2fda-fe15-49dd-81bc-f2b896a452a4
school_holiday,CH,Switzerland,Spring holidays,2027-03-20,2027-04-04,False,,CH-BL,,,657c15bc-608e-4dc9-b1aa-efe56f853365
school_holiday,CH,Switzerland,Easter,2027-03-26,2027-03-29,False,,CH-ZH,CH-ZH-MS|CH-ZH-BS,,13cfd31d-fdf1-4218-850c-4380d6e5ac77
school_holiday,CH,Switzerland,Easter,2027-03-26,2027-03-29,False,,CH-ZH,CH-ZH-VS,,1617d52e-9917-481f-8599-74d7dc07f697
school_holiday,CH,Switzerland,Easter holidays,2027-03-26,2027-04-09,False,,CH-GE,,,1e3e4bc3-1644-48dc-82bd-ed745d0c0607
school_holiday,CH,Switzerland,Easter holidays,2027-03-26,2027-04-09,False,,CH-JU,,,6a9b6f32-d7f6-46b8-8f2d-a520545b4348
school_holiday,CH,Switzerland,Spring holidays,2027-03-26,2027-04-11,False,,CH-LU,,,989e9911-8705-4f76-b1a2-3f69e76fed81
school_holiday,CH,Switzerland,Spring holidays,2027-03-26,2027-04-09,False,,CH-BE,CH-BE-EO,,b122d3cd-1ce5-436c-a7ca-b56ce2d8b0ec
school_holiday,CH,Switzerland,Spring holidays,2027-04-02,2027-04-23,False,,CH-SO,CH-SO-MS|CH-SO-BS,,053cab99-e7b5-42de-a094-c02c1bc533ec
school_holiday,CH,Switzerland,Spring holidays,2027-04-10,2027-04-25,False,,CH-AI,,,431dbe98-d17b-4f57-9c7f-bc11bd1fc7d8
school_holiday,CH,Switzerland,Spring holidays,2027-04-10,2027-04-25,False,,CH-BE,CH-BE-VS,,e2eef72f-3baa-4695-8000-e64ca199dff2
school_holiday,CH,Switzerland,Spring holidays,2027-04-11,2027-04-25,False,,CH-SG,,,71551f0e-e9ea-4a79-b9a9-ad00f1b78e7d
school_holiday,CH,Switzerland,Spring holidays,2027-04-12,2027-04-23,False,,CH-AG,,,deac2b83-3923-4b52-b3bc-0b0f0fdb2fd6
school_holiday,CH,Switzerland,Spring holidays,2027-04-12,2027-04-23,False,,CH-AR,CH-AR-VS,,f6b62e05-9e08-4f43-b93e-49bbb5e8eae2
school_holiday,CH,Switzerland,Spring holidays,2027-04-17,2027-05-02,False,,CH-ZG,,,d40e9551-fec0-4c96-a901-291d2a7c0fce
school_holiday,CH,Switzerland,Spring holidays,2027-04-26,2027-05-08,False,,CH-ZH,CH-ZH-MS|CH-ZH-BS,,722aae36-85d6-4fec-abfb-dd89a2c38cb7
school_holiday,CH,Switzerland,Spring holidays,2027-04-26,2027-05-08,False,,CH-ZH,CH-ZH-VS,,b0ae749e-fc37-42b5-b577-612552362dbb
school_holiday,CH,Switzerland,Ascension,2027-05-06,2027-05-07,False,,CH-JU,,,15416864-1717-4cb4-a075-37e00a65fae6
school_holiday,CH,Switzerland,Ascension Bridge,2027-05-06,2027-05-07,False,,CH-GE,,,48cce33c-3185-4457-b3dd-5ad94c8156d6
school_holiday,CH,Switzerland,Ascension Bridge,2027-05-06,2027-05-08,False,,CH-ZH,CH-ZH-MS|CH-ZH-BS,,c58ab016-4e99-4242-816c-7f0062d96546
school_holiday,CH,Switzerland,Ascension Day holidays,2027-05-06,2027-05-09,False,,CH-ZG,,,e2e33664-544c-4e07-b04c-de146bcf6101
school_holiday,CH,Switzerland,Ascension Bridge,2027-05-07,2027-05-07,False,,CH-BL,,,392a8081-1e43-4383-9a79-c2b23a6223c4
school_holiday,CH,Switzerland,Ascension Bridge,2027-05-07,2027-05-07,False,,CH-BS,,,d47effdf-1fad-489e-b68a-6f2bef6aa515
school_holiday,CH,Switzerland,Summer holidays,2027-07-03,2027-08-15,False,,CH-AI-GO|CH-AI-AP|CH-AI-SH|CH-AI-SR,,,3dbe5d58-3585-4a1d-b3ce-2bf5e8813229
school_holiday,CH,Switzerland,Summer holidays,2027-07-03,2027-08-15,False,,CH-LU,,,6ec7b886-a602-4f31-b14e-6a3a5f29d155
school_holiday,CH,Switzerland,Summer holidays,2027-07-03,2027-08-15,False,,CH-BS,,,9cb4b76e-ef7c-483f-9204-1899df507342
school_holiday,CH,Switzerland,Summer holidays,2027-07-03,2027-08-15,False,,CH-BL,,,c0ade86c-a655-42ae-b753-6b635d969866
school_holiday,CH,Switzerland,Summer holidays,2027-07-03,2027-08-15,False,,CH-ZG,,,cdde3201-f7bc-448c-b487-a006a50269ad
school_holiday,CH,Switzerland,Summer holidays,2027-07-03,2027-08-15,False,,CH-BE,CH-BE-VS,,f987801b-aea3-4378-9c6b-2654828c0c90
school_holiday,CH,Switzerland,Summer holidays,2027-07-05,2027-08-25,False,,CH-GE,,,1974e956-731c-45a7-89b3-2be65c7076d7
school_holiday,CH,Switzerland,Summer holidays,2027-07-05,2027-08-13,False,,CH-JU,,,d5028e28-6d02-4b04-8f58-9b4d68149840
school_holiday,CH,Switzerland,Summer holidays,2027-07-05,2027-08-13,False,,CH-BE,CH-BE-EO,,fc7723a3-7de2-45df-8a09-5c3787b522b8
school_holiday,CH,Switzerland,Summer holidays,2027-07-10,2027-08-15,False,,CH-AI-OB,,,116a317d-e0ee-458a-941d-22739183817e
school_holiday,CH,Switzerland,Summer holidays,2027-07-10,2027-08-15,False,,CH-BL,,"[{'language': 'EN', 'text': 'Exception for the Gym. Laufental-Thierstein'}]",5a968124-2732-4237-8df1-f5131ba9a150
school_holiday,CH,Switzerland,Summer holidays,2027-07-11,2027-08-15,False,,CH-SG,,,fb1b47d4-d9bd-4161-9427-8313d1f32e84
school_holiday,CH,Switzerland,Summer holidays,2027-07-12,2027-08-13,False,,CH-AR,CH-AR-VS,,9f5d7cb8-a258-44f7-81b9-b48d28d48eb5
school_holiday,CH,Switzerland,Summer holidays,2027-07-12,2027-08-13,False,,CH-SO,CH-SO-MS|CH-SO-BS,,f03a2c72-117b-450a-8854-1ff793eecb2b
school_holiday,CH,Switzerland,Summer holidays,2027-07-19,2027-08-21,False,,CH-ZH,CH-ZH-VS,,4eb8b079-07d1-4212-8d98-6e049c3bccad
school_holiday,CH,Switzerland,Summer holidays,2027-07-19,2027-08-06,False,,CH-AG,,,53730cd1-38d0-4926-b647-02bb3d14a831
school_holiday,CH,Switzerland,Start of the school year,2027-08-16,2027-08-16,False,,CH-GR-VM|CH-GR-ML|CH-GR-EB|CH-GR-IB|CH-GR-SS|CH-GR-BN|CH-GR-PD|CH-GR-PS|CH-GR-LQ|CH-GR-AB,CH-GR-VS,,aa7ccc2b-2ee5-48d0-a3dc-03b2cac0d27f
school_holiday,CH,Switzerland,Autumn holidays,2027-09-25,2027-10-17,False,,CH-BE,CH-BE-VS,,0cb85ae9-d92c-4320-b061-8306a13c1db2
school_holiday,CH,Switzerland,Autumn holidays,2027-09-25,2027-10-10,False,,CH-LU,,,1a3f289b-af20-411a-a590-e9c7593b77ed
school_holiday,CH,Switzerland,Autumn holidays,2027-10-02,2027-10-17,False,,CH-BL,,,21f5f8fa-428e-416c-b8f8-d7fd5c9e0489
school_holiday,CH,Switzerland,Autumn holidays,2027-10-02,2027-10-24,False,,CH-AI-OB,,,d7958cea-a7c1-45b7-828b-832dfec6de9f
school_holiday,CH,Switzerland,Autumn holidays,2027-10-02,2027-10-17,False,,CH-BS,,,dc00cf0f-8136-4700-b7d9-6e196374e3ea
school_holiday,CH,Switzerland,Autumn holidays,2027-10-02,2027-10-17,False,,CH-AI-GO|CH-AI-AP|CH-AI-SH|CH-AI-SR,,,f02b1c24-cef5-43ee-9371-758123a96e69
school_holiday,CH,Switzerland,Autumn holidays,2027-10-03,2027-10-24,False,,CH-SG,,,35814e7c-f863-4dc6-83fd-4a36da5f849a
school_holiday,CH,Switzerland,Autumn holidays,2027-10-03,2027-10-18,False,,CH-ZG,,,4f87356d-94a4-49eb-b3a9-56312162ff74
school_holiday,CH,Switzerland,Autumn holidays,2027-10-04,2027-10-15,False,,CH-AG,,,0be968a3-0610-4dce-a539-9a28dca617d0
school_holiday,CH,Switzerland,Autumn holidays,2027-10-04,2027-10-22,False,,CH-SO,CH-SO-MS|CH-SO-BS,,46d78c62-6f66-44ce-bbf0-f9368c09b7c7
school_holiday,CH,Switzerland,Autumn holidays,2027-10-04,2027-10-15,False,,CH-BE,CH-BE-EO,,d09c1d00-10d7-49ad-8322-30100801580e
school_holiday,CH,Switzerland,Autumn holidays,2027-10-09,2027-10-24,False,,CH-GR-VM|CH-GR-ML|CH-GR-EB|CH-GR-IB|CH-GR-SS|CH-GR-BN|CH-GR-PD|CH-GR-PS|CH-GR-LQ|CH-GR-AB,CH-GR-VS,,68256f70-c956-4084-bff0-87f751fb6f7c
school_holiday,CH,Switzerland,Autumn holidays,2027-10-11,2027-10-22,False,,CH-JU,,,72960721-2f8f-4ab8-9e4b-88e0fe1e82bc
school_holiday,CH,Switzerland,Autumn holidays,2027-10-11,2027-10-23,False,,CH-ZH,CH-ZH-VS,,8a239fe3-71d6-496a-b0b7-8e0300706e6a
school_holiday,CH,Switzerland,Autumn holidays,2027-10-11,2027-10-23,False,,CH-ZH,CH-ZH-MS|CH-ZH-BS,,93096014-9c02-401b-bcc3-0978f4182126
school_holiday,CH,Switzerland,Autumn holidays,2027-10-11,2027-10-22,False,,CH-AR,CH-AR-VS,,c6acf7d3-6c7a-47a1-b35b-287d2967f32b
school_holiday,CH,Switzerland,Autumn holidays,2027-10-25,2027-10-29,False,,CH-GE,,,67dd29d1-2fb0-4758-ac5a-4d5be93847f6
school_holiday,CH,Switzerland,Christmas holidays,2027-12-18,2028-01-02,False,,CH-AI,,,307d9775-cc15-4d91-937e-43c3a9a0550e
school_holiday,CH,Switzerland,Christmas holidays,2027-12-18,2028-01-02,False,,CH-BL,,,48d9f9da-383d-492b-86a1-3ed017893088
school_holiday,CH,Switzerland,Christmas holidays,2027-12-18,2028-01-02,False,,CH-BS,,,9b133183-b434-4753-8687-9b5ac9d40ed8
school_holiday,CH,Switzerland,Christmas holidays,2027-12-18,2028-01-02,False,,CH-LU,,,df3a9e63-f74e-4363-b0a0-6d251c472b08
school_holiday,CH,Switzerland,Christmas holidays,2027-12-19,2028-01-02,False,,CH-SG,,,5365287d-7cd0-47e7-9476-7bcd2dd43052
school_holiday,CH,Switzerland,Winter holidays,2027-12-19,2028-01-03,False,,CH-ZG,,,58710667-8d1d-4f3f-9673-80d37ab7e02a
school_holiday,CH,Switzerland,Christmas holidays,2027-12-20,2028-01-01,False,,CH-ZH,,,1fa0fa73-9c42-4666-bb58-db6976a4ea82
school_holiday,CH,Switzerland,Christmas holidays,2027-12-20,2027-12-31,False,,CH-AR,CH-AR-VS,,3ea1cc53-8b8d-4a8a-90c8-ba1ecb82e899
school_holiday,CH,Switzerland,Christmas holidays,2027-12-23,2028-01-05,False,,CH-GR-VM|CH-GR-ML|CH-GR-EB|CH-GR-IB|CH-GR-SS|CH-GR-BN|CH-GR-PD|CH-GR-PS|CH-GR-LQ|CH-GR-AB,CH-GR-VS,,342f9907-d5e3-4d1a-9833-5353384f06c0
school_holiday,CH,Switzerland,Winter holidays,2027-12-24,2028-01-07,False,,CH-AG,,,27c4363d-0486-4e15-9445-1f35c6614934
school_holiday,CH,Switzerland,Christmas and New Year holidays,2027-12-24,2028-01-07,False,,CH-GE,,,939c2817-5f32-4c39-a12f-00e48050f5de
school_holiday,CH,Switzerland,Christmas holidays,2027-12-24,2028-01-07,False,,CH-JU,,,9dcca064-f23a-4909-a1c2-c99b9bea51ee
school_holiday,CH,Switzerland,Christmas,2027-12-25,2028-01-09,False,,CH-BE,CH-BE-VS,,1c631564-15cd-4ede-9a15-b5b3175e83a3
school_holiday,CH,Switzerland,Christmas holidays,2027-12-27,2028-01-07,False,,CH-SO,CH-SO-MS|CH-SO-BS,,5eb43c99-6d01-4b4c-adf1-0f82235d9191
school_holiday,CH,Switzerland,Christmas,2027-12-27,2028-01-07,False,,CH-BE,CH-BE-EO,,d057d5b3-b90b-4a9c-8772-8e79f2a9bf94
public_holiday,CZ,Czechia,Day of the Restoration of the Independent Czech State,2023-01-01,2023-01-01,True,,,,,04ae0542-9730-4f27-8885-134a6f251e40
public_holiday,CZ,Czechia,New Year's Day,2023-01-01,2023-01-01,True,,,,,d78b332a-54a8-4c24-b29a-f706d591d702
public_holiday,CZ,Czechia,Good Friday,2023-04-07,2023-04-07,True,,,,,cde167a5-b06c-4366-ad82-4087cf43dfcc
public_holiday,CZ,Czechia,Easter Monday,2023-04-10,2023-04-10,True,,,,,bad10753-5b83-4bf9-82c5-e7fe8b554521
public_holiday,CZ,Czechia,Labour Day,2023-05-01,2023-05-01,True,,,,,e3b54b2d-1f2e-42c4-ba75-70d74174bf32
public_holiday,CZ,Czechia,Liberation Day,2023-05-08,2023-05-08,True,,,,,0e81f511-8385-42b6-8bb1-cac5ca5ec84e
public_holiday,CZ,Czechia,St. Cyril and Methodius Day,2023-07-05,2023-07-05,True,,,,,f5ee7a2c-ed3a-441b-b049-a279b7027bcb
public_holiday,CZ,Czechia,Day of the Burning of Jan Hus,2023-07-06,2023-07-06,True,,,,,bbbc09e6-5bc1-4b1f-b63e-e78b3569cc59
public_holiday,CZ,Czechia,Czech Statehood Day,2023-09-28,2023-09-28,True,,,,,6c0db825-8d75-4fc9-ac8b-c9186fe69ae8
public_holiday,CZ,Czechia,Independence Day,2023-10-28,2023-10-28,True,,,,,46ff10d3-ca20-4034-be28-7546f13a62ae
public_holiday,CZ,Czechia,Day of Struggle for Freedom and Democracy,2023-11-17,2023-11-17,True,,,,,3280dfea-25f7-483f-9134-ae127d90e9f7
public_holiday,CZ,Czechia,Christmas Eve,2023-12-24,2023-12-24,True,,,,,660340dd-25b6-4815-b296-5e0fae278e9d
public_holiday,CZ,Czechia,Christmas Day,2023-12-25,2023-12-25,True,,,,,4b8d9bf0-f5ad-4e51-a66b-085a39893d7f
public_holiday,CZ,Czechia,Second Christmas Day,2023-12-26,2023-12-26,True,,,,,29552378-571a-4855-ae80-5069a3d36d4c
public_holiday,CZ,Czechia,Day of the Restoration of the Independent Czech State,2024-01-01,2024-01-01,True,,,,,57439d7d-d205-4873-8336-8f9069d4d322
public_holiday,CZ,Czechia,New Year's Day,2024-01-01,2024-01-01,True,,,,,cfa64b85-95f6-46cb-8d8c-3d802885b0fc
public_holiday,CZ,Czechia,Good Friday,2024-03-29,2024-03-29,True,,,,,f7910522-8630-430f-952f-3ea22f635ea5
public_holiday,CZ,Czechia,Easter Monday,2024-04-01,2024-04-01,True,,,,,2ec50e69-aff3-4624-9412-cc7335342c92
public_holiday,CZ,Czechia,Labour Day,2024-05-01,2024-05-01,True,,,,,d1532aab-2cfe-4f2f-b9ff-8947730fc5dd
public_holiday,CZ,Czechia,Liberation Day,2024-05-08,2024-05-08,True,,,,,457081fb-4777-42e6-8bb3-ac1751d0162b
public_holiday,CZ,Czechia,St. Cyril and Methodius Day,2024-07-05,2024-07-05,True,,,,,ba2247c5-fce3-42ea-9d93-ad5d330886ed
public_holiday,CZ,Czechia,Day of the Burning of Jan Hus,2024-07-06,2024-07-06,True,,,,,2a768b05-2e14-46c3-b69d-c6200c1f8d5d
public_holiday,CZ,Czechia,Czech Statehood Day,2024-09-28,2024-09-28,True,,,,,e8c654a1-e11d-4012-b572-a521f0d47321
public_holiday,CZ,Czechia,Independence Day,2024-10-28,2024-10-28,True,,,,,6aa38cfc-c7dc-42c1-b667-8e559bbfc4be
public_holiday,CZ,Czechia,Day of Struggle for Freedom and Democracy,2024-11-17,2024-11-17,True,,,,,4f39623d-0548-441a-8879-dd505ff63a3c
public_holiday,CZ,Czechia,Christmas Eve,2024-12-24,2024-12-24,True,,,,,555eea2e-396a-4b3f-a883-6e8874f4306f
public_holiday,CZ,Czechia,Christmas Day,2024-12-25,2024-12-25,True,,,,,e91aede5-7dfb-4f94-a822-e1f452c13b70
public_holiday,CZ,Czechia,Second Christmas Day,2024-12-26,2024-12-26,True,,,,,f8015cfa-183a-459f-84ce-b4167533c793
public_holiday,CZ,Czechia,Day of the Restoration of the Independent Czech State,2025-01-01,2025-01-01,True,,,,,1d9d3f2f-00c1-4810-9966-acdac6692dde
public_holiday,CZ,Czechia,New Year's Day,2025-01-01,2025-01-01,True,,,,,8521c2eb-7191-4d15-94e9-6df3d4763e9b
public_holiday,CZ,Czechia,Good Friday,2025-04-18,2025-04-18,True,,,,,06d2510c-7219-45b7-90dc-914d7c16328d
public_holiday,CZ,Czechia,Easter Monday,2025-04-21,2025-04-21,True,,,,,07cd58ba-79e8-48a5-a419-1c0010a7fc49
public_holiday,CZ,Czechia,Labour Day,2025-05-01,2025-05-01,True,,,,,d0488900-0cb3-414b-a3b5-f88b845c500e
public_holiday,CZ,Czechia,Liberation Day,2025-05-08,2025-05-08,True,,,,,9fcc074c-3cd6-47f6-9a8c-7e4b8c5cfd4d
public_holiday,CZ,Czechia,St. Cyril and Methodius Day,2025-07-05,2025-07-05,True,,,,,feb49b3b-341e-4759-b2c5-46ac7d2d12ca
public_holiday,CZ,Czechia,Day of the Burning of Jan Hus,2025-07-06,2025-07-06,True,,,,,0abee2c5-660f-4518-9073-1624642ad3f1
public_holiday,CZ,Czechia,Czech Statehood Day,2025-09-28,2025-09-28,True,,,,,1de31c5c-a9af-45af-a269-bcf8ab89d77f
public_holiday,CZ,Czechia,Independence Day,2025-10-28,2025-10-28,True,,,,,39c6781d-5eb1-4446-a889-828914e08478
public_holiday,CZ,Czechia,Day of Struggle for Freedom and Democracy,2025-11-17,2025-11-17,True,,,,,1a6b66cc-cacc-4dde-b185-7f965dcec5dc
public_holiday,CZ,Czechia,Christmas Eve,2025-12-24,2025-12-24,True,,,,,e1dbfe82-90f9-465f-8d1a-b37aac3ae538
public_holiday,CZ,Czechia,Christmas Day,2025-12-25,2025-12-25,True,,,,,453b2f83-0b27-4f57-8aef-7698f5c19ae7
public_holiday,CZ,Czechia,Second Christmas Day,2025-12-26,2025-12-26,True,,,,,6461123f-b5d4-464a-9aec-f7c32e7f3e7a
school_holiday,CZ,Czechia,Christmas holidays,2022-12-23,2023-01-02,True,,,,,d2357469-74b5-457a-b108-636e7e1bd503
school_holiday,CZ,Czechia,Half-term holidays,2023-02-03,2023-02-03,True,,,,,3ca903c7-7437-4f46-96bb-cc52990478dc
school_holiday,CZ,Czechia,Spring holidays,2023-02-06,2023-02-12,False,,CZ-ST-NB|CZ-JC-JH|CZ-MO-FM|CZ-US-LT|CZ-KA-KV|CZ-KA-CH|CZ-OL-PR|CZ-US-DC|CZ-KA-SO,,,1f8432c7-d274-4c8a-b854-32d9f8291388
school_holiday,CZ,Czechia,Spring holidays,2023-02-06,2023-02-12,False,,CZ-PR,,"[{'language': 'EN', 'text': 'Prague 6-10'}]",7374ce40-56bc-4c7c-88b4-ea9bfaca9033
school_holiday,CZ,Czechia,Spring holidays,2023-02-13,2023-02-19,False,,CZ-ZL-VS|CZ-ZL-UH|CZ-PL-PS|CZ-MO-NJ|CZ-ST-PH|CZ-ST-PZ|CZ-PL-PJ|CZ-ZL-KM|CZ-KR-HK|CZ-PL-PM|CZ-US-TP|CZ-ZL-ZL|CZ-ST-ME|CZ-ST-RA,,,86a84e9c-1ef5-4cf9-aab5-d6bfb0f81b3a
school_holiday,CZ,Czechia,Spring holidays,2023-02-20,2023-02-26,False,,CZ-LI-LB|CZ-VY-TR|CZ-KR-NA|CZ-VY-ZR|CZ-VY-HB|CZ-MO-BR|CZ-ST-KO|CZ-JC-PI|CZ-ST-KH|CZ-VY-PE|CZ-LI-SM|CZ-VY-JI|CZ-LI-JN|CZ-LI-CL|CZ-ST-KL,,,8269d7c9-7960-4632-9a39-56913eb758bc
school_holiday,CZ,Czechia,Spring holidays,2023-02-27,2023-03-05,False,,CZ-KR-RK|CZ-KR-JC|CZ-OL-SU|CZ-OL-OC|CZ-US-CV|CZ-OL-JE|CZ-JC-TA|CZ-MO-OP|CZ-US-MO|CZ-US-UL|CZ-JC-ST|CZ-ST-MB|CZ-JC-PT|CZ-ST-PB,,,e2b9d616-6fcf-4f49-826e-20dac598357a
school_holiday,CZ,Czechia,Spring holidays,2023-03-06,2023-03-12,False,,CZ-JC-CB|CZ-ST-BN|CZ-PL-RO|CZ-PA-SY|CZ-PL-KT|CZ-KR-TU|CZ-PA-UO|CZ-ST-BE|CZ-PA-CR|CZ-OL-PV|CZ-MO-OV|CZ-JC-CK|CZ-PA-PU,,,465d3863-fb48-4f89-978c-bc21b9ba774f
school_holiday,CZ,Czechia,Spring holidays,2023-03-13,2023-03-19,False,,CZ-PR,,"[{'language': 'EN', 'text': 'Prague 1-5'}]",7636e0d8-4840-4189-80d4-eb3e4b566617
school_holiday,CZ,Czechia,Spring holidays,2023-03-13,2023-03-19,False,,CZ-JM-BM|CZ-MO-KI|CZ-JM-BK|CZ-PL-TC|CZ-JM-HO|CZ-PL-DO|CZ-US-LN|CZ-JM-BO|CZ-JM-VY|CZ-JM-BV|CZ-JM-ZN,,,8ce54704-3b90-462d-8426-24ac2ea37147
school_holiday,CZ,Czechia,Easter holidays,2023-04-06,2023-04-06,True,,,,,efae566c-dc69-4350-86be-bbc854152456
school_holiday,CZ,Czechia,Summer holidays,2023-07-01,2023-09-03,True,,,,,a37f9029-ef4f-442a-b58c-19de5e26d219
school_holiday,CZ,Czechia,Autumn holidays,2023-10-26,2023-10-27,True,,,,,f40276d4-8a8e-4e64-8fdb-e5ffd231c738
school_holiday,CZ,Czechia,Christmas holidays,2023-12-23,2024-01-02,True,,,,,ce5bf511-d478-479d-8119-908bfbf99328
school_holiday,CZ,Czechia,Half-term holidays,2024-02-02,2024-02-02,True,,,,,c5d760b7-820c-4911-8acb-7eba23c89185
school_holiday,CZ,Czechia,Spring holidays,2024-02-05,2024-02-11,False,,CZ-JM-BM|CZ-MO-KI|CZ-JM-BK|CZ-PL-TC|CZ-JM-HO|CZ-PL-DO|CZ-US-LN|CZ-JM-BO|CZ-JM-VY|CZ-JM-BV|CZ-JM-ZN,,,0e238277-1bb6-42cc-a873-464e8445e534
school_holiday,CZ,Czechia,Spring holidays,2024-02-05,2024-02-11,False,,CZ-PR,,"[{'language': 'EN', 'text': 'Prague 1-5'}]",77b907e9-82ea-414d-81cc-daacb3d354a9
school_holiday,CZ,Czechia,Spring holidays,2024-02-12,2024-02-18,False,,CZ-PR,,"[{'language': 'EN', 'text': 'Prague 6-10'}]",6f35e2d3-c31f-472f-8d04-5a085b2f8972
school_holiday,CZ,Czechia,Spring holidays,2024-02-12,2024-02-18,False,,CZ-ST-NB|CZ-JC-JH|CZ-MO-FM|CZ-US-LT|CZ-KA-KV|CZ-KA-CH|CZ-OL-PR|CZ-US-DC|CZ-KA-SO,,,a231b424-e8e0-40f7-84a6-25d6d494287b
school_holiday,CZ,Czechia,Spring holidays,2024-02-19,2024-02-25,False,,CZ-ZL-VS|CZ-ZL-UH|CZ-PL-PS|CZ-MO-NJ|CZ-ST-PH|CZ-ST-PZ|CZ-PL-PJ|CZ-ZL-KM|CZ-KR-HK|CZ-PL-PM|CZ-US-TP|CZ-ZL-ZL|CZ-ST-ME|CZ-ST-RA,,,b899ee28-9f29-4ba7-8baa-cf87c4345b2d
school_holiday,CZ,Czechia,Spring holidays,2024-02-26,2024-03-03,False,,CZ-LI-LB|CZ-VY-TR|CZ-KR-NA|CZ-VY-ZR|CZ-VY-HB|CZ-MO-BR|CZ-ST-KO|CZ-JC-PI|CZ-ST-KH|CZ-VY-PE|CZ-LI-SM|CZ-VY-JI|CZ-LI-JN|CZ-LI-CL|CZ-ST-KL,,,211b9c78-a796-4983-a97f-3cd928eff99f
school_holiday,CZ,Czechia,Spring holidays,2024-03-04,2024-03-10,False,,CZ-KR-RK|CZ-KR-JC|CZ-OL-SU|CZ-OL-OC|CZ-US-CV|CZ-OL-JE|CZ-JC-TA|CZ-MO-OP|CZ-US-MO|CZ-US-UL|CZ-JC-ST|CZ-ST-MB|CZ-JC-PT|CZ-ST-PB,,,338dbca3-a3e0-4b03-a267-75f80cc0bf36
school_holiday,CZ,Czechia,Spring holidays,2024-03-11,2024-03-17,False,,CZ-JC-CB|CZ-ST-BN|CZ-PL-RO|CZ-PA-SY|CZ-PL-KT|CZ-KR-TU|CZ-PA-UO|CZ-ST-BE|CZ-PA-CR|CZ-OL-PV|CZ-MO-OV|CZ-JC-CK|CZ-PA-PU,,,e2e58ae3-f414-47e7-9c19-edb42c2a49a1
school_holiday,CZ,Czechia,Easter holidays,2024-03-28,2024-03-28,True,,,,,f87403f8-f416-438a-828f-237b360d3ee5
school_holiday,CZ,Czechia,Summer holidays,2024-06-29,2024-09-01,True,,,,,d685bec3-3903-4a46-9178-8c907aca8193
school_holiday,CZ,Czechia,Autumn holidays,2024-10-29,2024-10-30,True,,,,,8d044685-0437-4abc-9368-84ac4cd9df99
school_holiday,CZ,Czechia,Christmas holidays,2024-12-23,2025-01-03,True,,,,,aa3355b1-bf46-4f85-ae1d-02b6dd2ada06
school_holiday,CZ,Czechia,Half-term holidays,2025-01-31,2025-01-31,True,,,,,0b3cb202-c7e8-4dd0-ac87-58196e84c8c5
school_holiday,CZ,Czechia,Spring holidays,2025-02-03,2025-02-09,False,,CZ-JC-CB|CZ-ST-BN|CZ-PL-RO|CZ-PA-SY|CZ-PL-KT|CZ-KR-TU|CZ-PA-UO|CZ-ST-BE|CZ-PA-CR|CZ-OL-PV|CZ-MO-OV|CZ-JC-CK|CZ-PA-PU,,,d1187a76-8819-4db6-bc83-140a19590f79
school_holiday,CZ,Czechia,Spring holidays,2025-02-10,2025-02-16,False,,CZ-PR,,"[{'language': 'EN', 'text': 'Prague 1-5'}]",96274c98-29ce-45f2-b643-978c226600d7
school_holiday,CZ,Czechia,Spring holidays,2025-02-10,2025-02-16,False,,CZ-JM-BM|CZ-MO-KI|CZ-JM-BK|CZ-PL-TC|CZ-JM-HO|CZ-PL-DO|CZ-US-LN|CZ-JM-BO|CZ-JM-VY|CZ-JM-BV|CZ-JM-ZN,,,efbcee49-b8ac-4a30-b3ce-695a3efab49f
school_holiday,CZ,Czechia,Spring holidays,2025-02-17,2025-02-23,False,,CZ-PR,,"[{'language': 'EN', 'text': 'Prague 6-10'}]",4f2e8e34-2721-45e4-af5c-6f2a447e4f4d
school_holiday,CZ,Czechia,Spring holidays,2025-02-17,2025-02-23,False,,CZ-ST-NB|CZ-JC-JH|CZ-MO-FM|CZ-US-LT|CZ-KA-KV|CZ-KA-CH|CZ-OL-PR|CZ-US-DC|CZ-KA-SO,,,ba2b35c9-15ac-47eb-87c4-d707cb78dfc6
school_holiday,CZ,Czechia,Spring holidays,2025-02-24,2025-03-02,False,,CZ-ZL-VS|CZ-ZL-UH|CZ-PL-PS|CZ-MO-NJ|CZ-ST-PH|CZ-ST-PZ|CZ-PL-PJ|CZ-ZL-KM|CZ-KR-HK|CZ-PL-PM|CZ-US-TP|CZ-ZL-ZL|CZ-ST-ME|CZ-ST-RA,,,6a7464d1-b701-49d8-9435-307696146f33
school_holiday,CZ,Czechia,Spring holidays,2025-03-03,2025-03-09,False,,CZ-LI-LB|CZ-VY-TR|CZ-KR-NA|CZ-VY-ZR|CZ-VY-HB|CZ-MO-BR|CZ-ST-KO|CZ-JC-PI|CZ-ST-KH|CZ-VY-PE|CZ-LI-SM|CZ-VY-JI|CZ-LI-JN|CZ-LI-CL|CZ-ST-KL,,,00eca8d8-cd76-4574-8a20-6697b8198373
school_holiday,CZ,Czechia,Spring holidays,2025-03-10,2025-03-16,False,,CZ-KR-RK|CZ-KR-JC|CZ-OL-SU|CZ-OL-OC|CZ-US-CV|CZ-OL-JE|CZ-JC-TA|CZ-MO-OP|CZ-US-MO|CZ-US-UL|CZ-JC-ST|CZ-ST-MB|CZ-JC-PT|CZ-ST-PB,,,e4d11ab8-ba9c-4048-9ae9-e00c7b84a15c
school_holiday,CZ,Czechia,Easter holidays,2025-04-17,2025-04-17,True,,,,,1b7f9a9c-f156-4957-aa7d-ae491a4f867a
school_holiday,CZ,Czechia,Summer holidays,2025-07-01,2025-08-31,True,,,,,7c56099d-4728-4734-9a54-254781a37b97
school_holiday,CZ,Czechia,Autumn holidays,2025-10-27,2025-10-29,True,,,,,08fe9ea6-d718-44e2-a6b7-0e2c95e4668e
school_holiday,CZ,Czechia,Christmas holidays,2025-12-22,2026-01-02,True,,,,,a8954288-4796-405c-ac90-69b07123d5b8
public_holiday,CZ,Czechia,Day of the Restoration of the Independent Czech State,2026-01-01,2026-01-01,True,,,,,8a4b3dcf-98e0-4fbf-ba5f-89e0ead33a4a
public_holiday,CZ,Czechia,New Year's Day,2026-01-01,2026-01-01,True,,,,,eaa11346-d1c5-4b7d-a69e-abb1cde8bdcd
public_holiday,CZ,Czechia,Good Friday,2026-04-03,2026-04-03,True,,,,,9e271cee-c48b-4c8b-8139-3c8f25dbef31
public_holiday,CZ,Czechia,Easter Monday,2026-04-06,2026-04-06,True,,,,,0fb4c9ff-c62e-4487-92be-848c1fdbd691
public_holiday,CZ,Czechia,Labour Day,2026-05-01,2026-05-01,True,,,,,1efe901c-b491-40db-a924-d6aec650d5ad
public_holiday,CZ,Czechia,Liberation Day,2026-05-08,2026-05-08,True,,,,,fe81c1ec-9607-41dd-8a17-8648bc9993fa
public_holiday,CZ,Czechia,St. Cyril and Methodius Day,2026-07-05,2026-07-05,True,,,,,1f06ab44-fb7a-4fe1-b379-709eb429f4bd
public_holiday,CZ,Czechia,Day of the Burning of Jan Hus,2026-07-06,2026-07-06,True,,,,,189e69d7-e2fa-4d05-9024-7b1f14697b70
public_holiday,CZ,Czechia,Czech Statehood Day,2026-09-28,2026-09-28,True,,,,,80ad8fef-fd6a-4533-9481-ef7cea34dfd3
public_holiday,CZ,Czechia,Independence Day,2026-10-28,2026-10-28,True,,,,,a6389fb6-20b8-4643-a76c-15a0665b582b
public_holiday,CZ,Czechia,Day of Struggle for Freedom and Democracy,2026-11-17,2026-11-17,True,,,,,aef6f2c9-704b-4e99-891d-af611417ac0a
public_holiday,CZ,Czechia,Christmas Eve,2026-12-24,2026-12-24,True,,,,,14871b68-af2f-4b02-9f19-7ac689cf1497
public_holiday,CZ,Czechia,Christmas Day,2026-12-25,2026-12-25,True,,,,,dae4bd8a-d57a-47eb-8a18-68a6a03e3a5a
public_holiday,CZ,Czechia,Second Christmas Day,2026-12-26,2026-12-26,True,,,,,e8b07646-d6a5-41d2-a490-d97d55eee008
public_holiday,CZ,Czechia,New Year's Day,2027-01-01,2027-01-01,True,,,,,6830c46d-11d3-40c1-9064-fafd6c6504b6
public_holiday,CZ,Czechia,Day of the Restoration of the Independent Czech State,2027-01-01,2027-01-01,True,,,,,dba30933-6abc-480e-b8a7-47ea7414b5d5
public_holiday,CZ,Czechia,Good Friday,2027-03-26,2027-03-26,True,,,,,db60cd40-da92-448d-bb86-8f135e7f1318
public_holiday,CZ,Czechia,Easter Monday,2027-03-29,2027-03-29,True,,,,,3ca3443a-e42e-4658-a4b1-059b0f1e090a
public_holiday,CZ,Czechia,Labour Day,2027-05-01,2027-05-01,True,,,,,99e71edc-12e1-4028-90c1-5d61f371baea
public_holiday,CZ,Czechia,Liberation Day,2027-05-08,2027-05-08,True,,,,,c732578c-e37a-4d14-888d-0db49413de06
public_holiday,CZ,Czechia,St. Cyril and Methodius Day,2027-07-05,2027-07-05,True,,,,,96823e1e-3fee-44e0-96d7-73c0d73c855f
public_holiday,CZ,Czechia,Day of the Burning of Jan Hus,2027-07-06,2027-07-06,True,,,,,d995df7e-ed7d-4887-92b0-7ddc43bf1a75
public_holiday,CZ,Czechia,Czech Statehood Day,2027-09-28,2027-09-28,True,,,,,4323ec2c-673a-44b6-b593-3cb70ee433bd
public_holiday,CZ,Czechia,Independence Day,2027-10-28,2027-10-28,True,,,,,7a5fceb8-c2de-4f11-92ab-1240f1979ec8
public_holiday,CZ,Czechia,Day of Struggle for Freedom and Democracy,2027-11-17,2027-11-17,True,,,,,a650f262-902e-4317-9f65-62dc99d16af5
public_holiday,CZ,Czechia,Christmas Eve,2027-12-24,2027-12-24,True,,,,,80ac590f-82ab-4c0a-8f58-27dc915391cb
public_holiday,CZ,Czechia,Christmas Day,2027-12-25,2027-12-25,True,,,,,6b0ecfec-c1cc-46dc-8c5e-0f27d14d8fa2
public_holiday,CZ,Czechia,Second Christmas Day,2027-12-26,2027-12-26,True,,,,,c7f46501-43ed-4880-9940-d2a9587dc96c
school_holiday,CZ,Czechia,Half-term holidays,2026-01-30,2026-01-30,True,,,,,3ad0fd12-63c2-41e0-ab70-6e28688fe28a
school_holiday,CZ,Czechia,Spring holidays,2026-02-02,2026-02-08,False,,CZ-KR-RK|CZ-KR-JC|CZ-OL-SU|CZ-OL-OC|CZ-US-CV|CZ-OL-JE|CZ-JC-TA|CZ-MO-OP|CZ-US-MO|CZ-US-UL|CZ-JC-ST|CZ-ST-MB|CZ-JC-PT|CZ-ST-PB,,,a4635566-1365-4d49-b7ba-596dcfe96c9e
school_holiday,CZ,Czechia,Spring holidays,2026-02-09,2026-02-15,False,,CZ-JC-CB|CZ-ST-BN|CZ-PL-RO|CZ-PA-SY|CZ-PL-KT|CZ-KR-TU|CZ-PA-UO|CZ-ST-BE|CZ-PA-CR|CZ-OL-PV|CZ-MO-OV|CZ-JC-CK|CZ-PA-PU,,,df4f6e66-f2e8-494d-9e66-e8191e2ed308
school_holiday,CZ,Czechia,Spring holidays,2026-02-16,2026-02-22,False,,CZ-PR,,"[{'language': 'EN', 'text': 'Prague 1-5'}]",824ef139-9e86-4c65-8029-f49bb8198a31
school_holiday,CZ,Czechia,Spring holidays,2026-02-16,2026-02-22,False,,CZ-JM-BM|CZ-MO-KI|CZ-JM-BK|CZ-PL-TC|CZ-JM-HO|CZ-PL-DO|CZ-US-LN|CZ-JM-BO|CZ-JM-VY|CZ-JM-BV|CZ-JM-ZN,,,9d50b999-203c-4d10-91c9-5f84b91a7a79
school_holiday,CZ,Czechia,Spring holidays,2026-02-23,2026-03-01,False,,CZ-PR,,"[{'language': 'EN', 'text': 'Prague 6-10'}]",598eb4d8-e6c4-41a1-b9c6-b6fbc7caade2
school_holiday,CZ,Czechia,Spring holidays,2026-02-23,2026-03-01,False,,CZ-ST-NB|CZ-JC-JH|CZ-MO-FM|CZ-US-LT|CZ-KA-KV|CZ-KA-CH|CZ-OL-PR|CZ-US-DC|CZ-KA-SO,,,d8653da6-d223-48fe-af8e-dd8e3dd2d270
school_holiday,CZ,Czechia,Spring holidays,2026-03-02,2026-03-08,False,,CZ-ZL-VS|CZ-ZL-UH|CZ-PL-PS|CZ-MO-NJ|CZ-ST-PH|CZ-ST-PZ|CZ-PL-PJ|CZ-ZL-KM|CZ-KR-HK|CZ-PL-PM|CZ-US-TP|CZ-ZL-ZL|CZ-ST-ME|CZ-ST-RA,,,86eb5eac-fa7d-4f37-a23d-1a7e8a08004c
school_holiday,CZ,Czechia,Spring holidays,2026-03-09,2026-03-15,False,,CZ-LI-LB|CZ-VY-TR|CZ-KR-NA|CZ-VY-ZR|CZ-VY-HB|CZ-MO-BR|CZ-ST-KO|CZ-JC-PI|CZ-ST-KH|CZ-VY-PE|CZ-LI-SM|CZ-VY-JI|CZ-LI-JN|CZ-LI-CL|CZ-ST-KL,,,a400f154-557f-4196-a735-849f3750ba95
school_holiday,CZ,Czechia,Easter holidays,2026-04-02,2026-04-02,True,,,,,2a57ea10-dd71-4d95-94a5-15f74302cc91
school_holiday,CZ,Czechia,Summer holidays,2026-07-01,2026-08-31,True,,,,,b6e030c7-ad9f-4e79-b382-4a44ff10db59
school_holiday,CZ,Czechia,Autumn holidays,2026-10-29,2026-10-30,True,,,,,c5fdea9b-36b4-4474-a592-106bf508f6f3
school_holiday,CZ,Czechia,Christmas holidays,2026-12-23,2027-01-03,True,,,,,83b3d8b1-d770-40b0-bf76-639d83ca2bed
school_holiday,CZ,Czechia,Half-term holidays,2027-01-29,2027-01-29,True,,,,,43de41e6-08de-49c6-954a-234653ed6ba4
school_holiday,CZ,Czechia,Spring holidays,2027-02-01,2027-02-07,False,,CZ-LI-LB|CZ-VY-TR|CZ-KR-NA|CZ-VY-ZR|CZ-VY-HB|CZ-MO-BR|CZ-ST-KO|CZ-JC-PI|CZ-ST-KH|CZ-VY-PE|CZ-LI-SM|CZ-VY-JI|CZ-LI-JN|CZ-LI-CL|CZ-ST-KL,,,168912fa-ceb2-4424-ac26-c03a9a383ffa
school_holiday,CZ,Czechia,Spring holidays,2027-02-08,2027-02-14,False,,CZ-KR-RK|CZ-KR-JC|CZ-OL-SU|CZ-OL-OC|CZ-US-CV|CZ-OL-JE|CZ-JC-TA|CZ-MO-OP|CZ-US-MO|CZ-US-UL|CZ-JC-ST|CZ-ST-MB|CZ-JC-PT|CZ-ST-PB,,,097d3501-13de-441a-9386-da9941c10a32
school_holiday,CZ,Czechia,Spring holidays,2027-02-15,2027-02-21,False,,CZ-JC-CB|CZ-ST-BN|CZ-PL-RO|CZ-PA-SY|CZ-PL-KT|CZ-KR-TU|CZ-PA-UO|CZ-ST-BE|CZ-PA-CR|CZ-OL-PV|CZ-MO-OV|CZ-JC-CK|CZ-PA-PU,,,59ff3bc2-44ae-4ac2-b535-1a3aaba2698b
school_holiday,CZ,Czechia,Spring holidays,2027-02-22,2027-02-28,False,,CZ-JM-BM|CZ-MO-KI|CZ-JM-BK|CZ-PL-TC|CZ-JM-HO|CZ-PL-DO|CZ-US-LN|CZ-JM-BO|CZ-JM-VY|CZ-JM-BV|CZ-JM-ZN,,,f0a99c59-dc02-4671-92e8-ff6a018b1bd3
school_holiday,CZ,Czechia,Spring holidays,2027-02-22,2027-02-28,False,,CZ-PR,,"[{'language': 'EN', 'text': 'Prague 1-5'}]",fd6a1240-b86f-463d-b566-5b6b4b1597ca
school_holiday,CZ,Czechia,Spring holidays,2027-03-01,2027-03-07,False,,CZ-PR,,"[{'language': 'EN', 'text': 'Prague 6-10'}]",2ca2c8f2-a06c-4563-a0a9-75cd77ad5b25
school_holiday,CZ,Czechia,Spring holidays,2027-03-01,2027-03-07,False,,CZ-ST-NB|CZ-JC-JH|CZ-MO-FM|CZ-US-LT|CZ-KA-KV|CZ-KA-CH|CZ-OL-PR|CZ-US-DC|CZ-KA-SO,,,f88734a3-3175-452e-92b4-96a6084b735e
school_holiday,CZ,Czechia,Spring holidays,2027-03-08,2027-03-14,False,,CZ-ZL-VS|CZ-ZL-UH|CZ-PL-PS|CZ-MO-NJ|CZ-ST-PH|CZ-ST-PZ|CZ-PL-PJ|CZ-ZL-KM|CZ-KR-HK|CZ-PL-PM|CZ-US-TP|CZ-ZL-ZL|CZ-ST-ME|CZ-ST-RA,,,19a18bfa-0306-4c47-a999-28d924fc1687
school_holiday,CZ,Czechia,Easter holidays,2027-03-25,2027-03-25,True,,,,,ab7924a1-eea8-4cbb-bc12-d0f8d5261a93
school_holiday,CZ,Czechia,Summer holidays,2027-07-01,2027-08-31,True,,,,,78622ff6-6db4-4bc3-903b-0626c3dbc887
school_holiday,CZ,Czechia,Autumn holidays,2027-10-27,2027-10-29,True,,,,,c900bc46-820a-410d-bede-be93634f8f4f
school_holiday,CZ,Czechia,Christmas holidays,2027-12-23,2028-01-02,True,,,,,8c4c793e-5134-4c96-a1c6-a85f7832a8f4
public_holiday,DE,Germany,New Year's Day,2023-01-01,2023-01-01,True,,,,,94498ba1-28e3-4dcd-b28f-d7aaf4cc56d7
public_holiday,DE,Germany,Epiphany,2023-01-06,2023-01-06,False,,DE-ST|DE-BW|DE-BY,,,04f86fc2-424a-46e5-befd-2dce33158470
public_holiday,DE,Germany,International Women's Day,2023-03-08,2023-03-08,False,,DE-BE|DE-MV,,,88848d07-197b-4b4f-91f6-3cb24a378384
public_holiday,DE,Germany,Good Friday,2023-04-07,2023-04-07,True,,,,,b921a500-5e7e-42b6-9348-885f3157ed4c
public_holiday,DE,Germany,Easter Sunday,2023-04-09,2023-04-09,False,,DE-BB,,,6ffa6452-099c-494b-a920-aeaa7adc261a
public_holiday,DE,Germany,Easter Monday,2023-04-10,2023-04-10,True,,,,,2cc013e7-7079-4c89-a559-27efca5c7b78
public_holiday,DE,Germany,Labour Day,2023-05-01,2023-05-01,True,,,,,1e25e6a2-85fe-46dd-9fab-9388df4a445c
public_holiday,DE,Germany,Ascension Day,2023-05-18,2023-05-18,True,,,,,c18498e4-d3a7-4e27-8ea3-18e396c2d785
public_holiday,DE,Germany,Pentecost Sunday,2023-05-28,2023-05-28,False,,DE-BB,,,31c384f2-709c-4c55-8af4-f550b8e1006b
public_holiday,DE,Germany,Pentecost Monday,2023-05-29,2023-05-29,True,,,,,9730d923-2686-4d44-8fa5-b4c46a1937f8
public_holiday,DE,Germany,Corpus Christi,2023-06-08,2023-06-08,False,,DE-SL|DE-BW|DE-RP|DE-HE|DE-BY|DE-NW,,,86ee67fc-a51f-4f7b-a0c6-f6e9e11eb0ed
public_holiday,DE,Germany,High Festival of Peace,2023-08-08,2023-08-08,False,,DE-BY-AU,,,66234202-e1f0-4bd1-9504-45fdd4ae5808
public_holiday,DE,Germany,Assumption Day,2023-08-15,2023-08-15,False,,DE-SL|DE-BY,,,07617cd9-9dcf-459b-b30d-ac612ae42cd9
public_holiday,DE,Germany,World Children's Day,2023-09-20,2023-09-20,False,,DE-TH,,,dc8830b1-0d82-45ad-911f-5781056ed994
public_holiday,DE,Germany,Day of German Unity,2023-10-03,2023-10-03,True,,,,,f4f1fe82-cd70-4d33-b456-f78f9b77f064
public_holiday,DE,Germany,Reformation Day,2023-10-31,2023-10-31,False,,DE-ST|DE-SH|DE-NI|DE-BB|DE-SN|DE-TH|DE-HH|DE-HB|DE-MV,,,0e16697c-6a3d-43c1-98cc-d322a330d2c0
public_holiday,DE,Germany,All Saints' Day,2023-11-01,2023-11-01,False,,DE-SL|DE-BW|DE-RP|DE-BY|DE-NW,,,ed4084d4-897c-4c1c-9d11-837874a5122f
public_holiday,DE,Germany,Repentance Day,2023-11-22,2023-11-22,False,,DE-SN,,,0044e1dc-f326-48a6-b006-4ab66d13bd04
public_holiday,DE,Germany,Christmas Day,2023-12-25,2023-12-25,True,,,,,eca484e0-f6a7-4ca4-9891-5def5648c97c
public_holiday,DE,Germany,2nd Day of Christmas,2023-12-26,2023-12-26,True,,,,,f9e24f26-c4a9-44e7-bda8-3c56fa11eb55
public_holiday,DE,Germany,New Year's Day,2024-01-01,2024-01-01,True,,,,,58a1da08-fb96-4d9b-8d95-b1e06278c8f3
public_holiday,DE,Germany,Epiphany,2024-01-06,2024-01-06,False,,DE-ST|DE-BW|DE-BY,,,ebf55361-f340-4852-a7fa-547143cf9cf2
public_holiday,DE,Germany,International Women's Day,2024-03-08,2024-03-08,False,,DE-BE|DE-MV,,,c628bb86-927f-4086-8beb-061413603d99
public_holiday,DE,Germany,Good Friday,2024-03-29,2024-03-29,True,,,,,72299d8e-272c-44b6-8d50-86ff5cb01a9a
public_holiday,DE,Germany,Easter Sunday,2024-03-31,2024-03-31,False,,DE-BB,,,80e03d79-2d85-4f63-8196-28402341a431
public_holiday,DE,Germany,Easter Monday,2024-04-01,2024-04-01,True,,,,,bd4e0c06-a2c5-4d2a-aa92-1fb7c59025e2
public_holiday,DE,Germany,Labour Day,2024-05-01,2024-05-01,True,,,,,d849751c-921e-4be1-8b30-117a610c126c
public_holiday,DE,Germany,Ascension Day,2024-05-09,2024-05-09,True,,,,,440aae4c-0d2b-45a4-9480-ae91b106c002
public_holiday,DE,Germany,Pentecost Sunday,2024-05-19,2024-05-19,False,,DE-BB,,,989514bb-91bf-40e6-80bc-b14c18f25654
public_holiday,DE,Germany,Pentecost Monday,2024-05-20,2024-05-20,True,,,,,2407e8d2-b6bc-4d5f-b19a-52d4eba5e498
public_holiday,DE,Germany,Corpus Christi,2024-05-30,2024-05-30,False,,DE-SL|DE-BW|DE-RP|DE-HE|DE-BY|DE-NW,,,3931407a-d2f7-4a89-966c-a94781f4a649
public_holiday,DE,Germany,High Festival of Peace,2024-08-08,2024-08-08,False,,DE-BY-AU,,,67210c1e-8bfe-4240-8e75-ccdd2f945347
public_holiday,DE,Germany,Assumption Day,2024-08-15,2024-08-15,False,,DE-SL|DE-BY,,,a0ce548d-6447-4802-948a-1c4897938626
public_holiday,DE,Germany,World Children's Day,2024-09-20,2024-09-20,False,,DE-TH,,,14e793ec-208d-4646-8513-8493c0c70668
public_holiday,DE,Germany,Day of German Unity,2024-10-03,2024-10-03,True,,,,,a2454b44-b3d5-4681-a345-6eae46fb9f4b
public_holiday,DE,Germany,Reformation Day,2024-10-31,2024-10-31,False,,DE-ST|DE-SH|DE-NI|DE-BB|DE-SN|DE-TH|DE-HH|DE-HB|DE-MV,,,b08021e1-9df0-46e4-8adc-f8140b8ad1a9
public_holiday,DE,Germany,All Saints' Day,2024-11-01,2024-11-01,False,,DE-SL|DE-BW|DE-RP|DE-BY|DE-NW,,,5e49e26d-44a2-4751-a394-9b83c5ea47f8
public_holiday,DE,Germany,Repentance Day,2024-11-20,2024-11-20,False,,DE-SN,,,38405704-5785-47a4-92b1-1b025a5f7e3c
public_holiday,DE,Germany,Christmas Day,2024-12-25,2024-12-25,True,,,,,332d7a5e-c693-4d2d-bdf5-957dd4409c91
public_holiday,DE,Germany,2nd Day of Christmas,2024-12-26,2024-12-26,True,,,,,717b466d-05f3-4810-915b-96625ca2aebf
public_holiday,DE,Germany,New Year's Day,2025-01-01,2025-01-01,True,,,,,27f0d8cd-76b2-47e7-89ac-a3a9f6a6b1ba
public_holiday,DE,Germany,Epiphany,2025-01-06,2025-01-06,False,,DE-ST|DE-BW|DE-BY,,,1c80b87d-8221-4dc2-9a1a-3b0f57dce9f5
public_holiday,DE,Germany,International Women's Day,2025-03-08,2025-03-08,False,,DE-BE|DE-MV,,,4522bbfa-eaee-4efe-b13c-dac7f67bb986
public_holiday,DE,Germany,Good Friday,2025-04-18,2025-04-18,True,,,,,c7aef0d5-f292-4d08-b878-a25a6c05fc12
public_holiday,DE,Germany,Easter Sunday,2025-04-20,2025-04-20,False,,DE-BB,,,90718fa1-5b71-49dc-90a4-142a8aef72d8
public_holiday,DE,Germany,Easter Monday,2025-04-21,2025-04-21,True,,,,,12776265-e638-4112-a11f-f24bb37d8a3d
public_holiday,DE,Germany,Labour Day,2025-05-01,2025-05-01,True,,,,,5db64014-1aaf-46f0-be83-d8baa826cfef
public_holiday,DE,Germany,Liberation Day,2025-05-08,2025-05-08,False,,DE-BE,,,4905efd7-e75e-4930-80b8-d35ca157e5bf
public_holiday,DE,Germany,Ascension Day,2025-05-29,2025-05-29,True,,,,,9fbbb949-8b22-4916-a16c-0a799a2dd79f
public_holiday,DE,Germany,Pentecost Sunday,2025-06-08,2025-06-08,False,,DE-BB,,,edfb560a-d5c6-493f-b1c1-06f2936347e7
public_holiday,DE,Germany,Pentecost Monday,2025-06-09,2025-06-09,True,,,,,b52574c0-0e5d-44ff-ac6b-4e3c6d71f1d7
public_holiday,DE,Germany,Corpus Christi,2025-06-19,2025-06-19,False,,DE-SL|DE-BW|DE-RP|DE-HE|DE-BY|DE-NW,,,2590b1ad-4268-4cac-a11a-5192791d0c0d
public_holiday,DE,Germany,High Festival of Peace,2025-08-08,2025-08-08,False,,DE-BY-AU,,,dc74ad4c-cea7-426a-bef2-ce38fa3435ef
public_holiday,DE,Germany,Assumption Day,2025-08-15,2025-08-15,False,,DE-SL|DE-BY,,,e09a9106-86e9-4eeb-9c84-5d257b4f9488
public_holiday,DE,Germany,World Children's Day,2025-09-20,2025-09-20,False,,DE-TH,,,7d63faa9-5577-4527-a192-edf54e28cd1a
public_holiday,DE,Germany,Day of German Unity,2025-10-03,2025-10-03,True,,,,,ac964e18-2d34-497a-a9c5-b8ab065b7238
public_holiday,DE,Germany,Reformation Day,2025-10-31,2025-10-31,False,,DE-ST|DE-SH|DE-NI|DE-BB|DE-SN|DE-TH|DE-HH|DE-HB|DE-MV,,,2514f889-8ff3-460c-b12c-c886f8b653de
public_holiday,DE,Germany,All Saints' Day,2025-11-01,2025-11-01,False,,DE-SL|DE-BW|DE-RP|DE-BY|DE-NW,,,0e5ed383-7890-4f12-b041-65a79aedeb5f
public_holiday,DE,Germany,Repentance Day,2025-11-19,2025-11-19,False,,DE-SN,,,1d68ac36-9690-4b06-b62d-de890d5b50ef
public_holiday,DE,Germany,Christmas Day,2025-12-25,2025-12-25,True,,,,,92b270e3-247f-4f82-b79d-b5ad77a67d95
public_holiday,DE,Germany,2nd Day of Christmas,2025-12-26,2025-12-26,True,,,,,28bf580c-9787-4d67-ab3e-06a5e6597c1c
school_holiday,DE,Germany,Christmas Holidays,2022-12-21,2023-01-05,False,,DE-ST,,,72c4246d-9c6a-4d82-a245-a99277925d5f
school_holiday,DE,Germany,Christmas Holidays,2022-12-21,2023-01-07,False,,DE-BW,,,91aeea83-5c0b-423f-a374-1630217377e3
school_holiday,DE,Germany,Christmas Holidays,2022-12-22,2023-01-03,False,,DE-TH,,,01007b2a-7800-4e62-965c-f7de21401c19
school_holiday,DE,Germany,Christmas Holidays,2022-12-22,2023-01-02,False,,DE-SN,,,30948f6b-8d4d-4198-a979-7a20a517451c
school_holiday,DE,Germany,Christmas Holidays,2022-12-22,2023-01-04,False,,DE-SL,,,63d246f7-d0c6-434a-a86b-8a34451893e8
school_holiday,DE,Germany,Christmas Holidays,2022-12-22,2023-01-02,False,,DE-MV,DE-MV-ABS|DE-MV-BBS,,70c78ccd-f712-45ad-b8d5-15277ac35d04
school_holiday,DE,Germany,Christmas holidays,2022-12-22,2023-01-03,False,,DE-BB,,,87d121f9-f277-4cae-9e0d-f5eac823a165
school_holiday,DE,Germany,Christmas Holidays,2022-12-22,2023-01-07,False,,DE-HE,,,966c89ec-1a3b-40ae-aede-e38bbac9b8c8
school_holiday,DE,Germany,Christmas holidays,2022-12-22,2023-01-02,False,,DE-BE,,,d02fd7c1-cce8-424e-94f9-909156975411
school_holiday,DE,Germany,Christmas Holidays,2022-12-23,2023-01-06,False,,DE-NW,,,27b373c1-a971-4a95-9a5e-5c0e6816de2d
school_holiday,DE,Germany,Christmas Holidays,2022-12-23,2023-01-06,False,,DE-HH,,,7c7a202a-5725-4676-a6dd-22d6e99aafd3
school_holiday,DE,Germany,Christmas Holidays,2022-12-23,2023-01-06,False,,DE-NI,,,8ab8cdf6-4a14-42bf-ade1-719de08ae05f
school_holiday,DE,Germany,Christmas Holidays,2022-12-23,2023-01-06,False,,DE-HB,,,8df6bee7-efaf-479e-9d70-69625e858f6b
school_holiday,DE,Germany,Christmas Holidays,2022-12-23,2023-01-07,False,,DE-SH,,,a435990f-82ee-4b10-959e-4523765e291f
school_holiday,DE,Germany,Christmas Holidays,2022-12-23,2023-01-02,False,,DE-RP,,,b4473a9b-f126-46b5-8c51-0a95610dab1d
school_holiday,DE,Germany,Christmas Holidays,2022-12-24,2023-01-07,False,,DE-BY,,,5a7eae70-428a-4bf5-8f40-8571e41cd058
school_holiday,DE,Germany,Mid-Year Break,2023-01-27,2023-01-27,False,,DE-HH,,,b8cf2000-8fee-4b38-968b-f9d5b965cb2c
school_holiday,DE,Germany,Mid-Year Holidays,2023-01-30,2023-01-31,False,,DE-NI,,,675d0c99-0ca2-4138-9467-9728ca15b110
school_holiday,DE,Germany,Winter holidays,2023-01-30,2023-02-03,False,,DE-BB,,,6fedc38f-b738-4700-9f09-d1100eb559fe
school_holiday,DE,Germany,Mid-Year Holidays,2023-01-30,2023-01-31,False,,DE-HB,,,9f9bdc9f-913e-42d0-8a81-3b401aead75d
school_holiday,DE,Germany,Winter holidays,2023-01-30,2023-02-04,False,,DE-BE,,,e7b14e2d-5d2d-4154-b12f-a5352b386baf
school_holiday,DE,Germany,Winter Holidays,2023-02-06,2023-02-18,False,,DE-MV,DE-MV-ABS,,7020c5a0-5a4e-4814-a5b0-fb5f13212186
school_holiday,DE,Germany,Winter Holidays,2023-02-06,2023-02-11,False,,DE-ST,,,a68f8ade-7167-4b5d-816d-7a168816e772
school_holiday,DE,Germany,Winter Holidays,2023-02-06,2023-02-11,False,,DE-MV,DE-MV-BBS,,e36f1df0-64ff-4c29-b28f-08490757ff5a
school_holiday,DE,Germany,Winter Holidays,2023-02-13,2023-02-24,False,,DE-SN,,,1713d397-07c1-4ad9-b3d8-04f44d08f124
school_holiday,DE,Germany,Winter Holidays,2023-02-13,2023-02-17,False,,DE-TH,,,d3bfa2ac-e02b-4e02-90bb-ac78a677d2f1
school_holiday,DE,Germany,Carnival Holidays,2023-02-20,2023-02-24,False,,DE-SL,,,a4ce4ce6-d9a0-4278-ad81-5deb69c676d3
school_holiday,DE,Germany,Spring Holidays,2023-02-20,2023-02-24,False,,DE-BY,,,e2e36723-b732-400f-8b60-4572eccb09d6
school_holiday,DE,Germany,Spring Holidays,2023-03-06,2023-03-17,False,,DE-HH,,,c009f4d0-66a0-4535-a3fe-671bbd745888
school_holiday,DE,Germany,Easter Holidays,2023-03-27,2023-04-11,False,,DE-NI,,,470d1e84-7d66-4682-8afa-2d9ad6f4bed0
school_holiday,DE,Germany,Easter Holidays,2023-03-27,2023-04-11,False,,DE-HB,,,7a942519-40a7-428c-9f92-cfde496a757e
school_holiday,DE,Germany,Easter Holidays,2023-04-03,2023-04-15,False,,DE-TH,,,02a2d315-5ab6-450f-87bd-6f19ebe6e14d
school_holiday,DE,Germany,Easter Holidays,2023-04-03,2023-04-12,False,,DE-MV,DE-MV-ABS,,1b88fa23-8158-4e96-b6d5-9f7aef4f2cd3
school_holiday,DE,Germany,Easter Holidays,2023-04-03,2023-04-12,False,,DE-SL,,,1bce3e05-3a9d-4306-9569-78d75adbcbd5
school_holiday,DE,Germany,Easter Holidays,2023-04-03,2023-04-15,False,,DE-MV,DE-MV-BBS,,307ada8d-0288-46e4-9760-93baf3367292
school_holiday,DE,Germany,Easter Holidays,2023-04-03,2023-04-15,False,,DE-NW,,,682d9f2e-9cbd-42d0-a448-0e1991f25d59
school_holiday,DE,Germany,Easter holidays,2023-04-03,2023-04-14,False,,DE-BE,,,862d1987-401a-4f34-80f8-8dbe877135f4
school_holiday,DE,Germany,Easter Holidays,2023-04-03,2023-04-15,False,,DE-BY,,,950780d4-2182-4804-8678-1ec83168aeac
school_holiday,DE,Germany,Easter holidays,2023-04-03,2023-04-14,False,,DE-BB,,,a7a8b2db-61c9-4970-89a0-fcad49fc8666
school_holiday,DE,Germany,Easter Holidays,2023-04-03,2023-04-06,False,,DE-RP,,,db0c529f-7bf8-43fb-95c6-ff71ab1daea3
school_holiday,DE,Germany,Easter Holidays,2023-04-03,2023-04-08,False,,DE-ST,,,e789f891-8770-4183-a364-25175156c328
school_holiday,DE,Germany,Easter Holidays,2023-04-03,2023-04-22,False,,DE-HE,,,f546ce3b-e067-47c8-b9f9-59112fac0476
school_holiday,DE,Germany,Maundy Thursday,2023-04-06,2023-04-06,False,,DE-BW,,,2042dbb2-16f9-4320-97ea-d555f709f096
school_holiday,DE,Germany,Easter Holidays,2023-04-06,2023-04-22,False,,DE-SH,,,6cb736d4-98b9-4e50-bd26-8cf298a0f12a
school_holiday,DE,Germany,Easter Holidays,2023-04-07,2023-04-15,False,,DE-SN,,,7eeabbc8-6759-4ea4-99d8-d08678db345b
school_holiday,DE,Germany,Easter Holidays,2023-04-11,2023-04-15,False,,DE-BW,,,2011037f-12f0-47e6-bef0-bd6de1252021
school_holiday,DE,Germany,Pentecost Holidays,2023-05-15,2023-05-19,False,,DE-ST,,,4eb99fdf-cc0d-4697-9f52-ed969fd783f4
school_holiday,DE,Germany,Pentecost Holidays,2023-05-15,2023-05-19,False,,DE-HH,,,dd5e932f-6144-4ab7-a91e-50951dea8451
school_holiday,DE,Germany,Variable holiday,2023-05-19,2023-05-19,False,,DE-BB,,,058071ca-9d75-4951-adaf-29241d295636
school_holiday,DE,Germany,Day after Ascension,2023-05-19,2023-05-19,False,,DE-HB,,,39fdfb82-c571-4f63-878b-a1224ab72792
school_holiday,DE,Germany,Day off,2023-05-19,2023-05-19,False,,DE-BE,,,41931fb1-cefa-44bd-aab4-0dd25b535e09
school_holiday,DE,Germany,Day off from school,2023-05-19,2023-05-19,False,,DE-TH,,,515e14e9-0063-43a7-9243-583ab60fceeb
school_holiday,DE,Germany,Additional holiday,2023-05-19,2023-05-19,False,,DE-MV,DE-MV-ABS|DE-MV-BBS,,72cb043c-af50-4b49-88e8-a6cf1affa3ad
school_holiday,DE,Germany,Day off,2023-05-19,2023-05-19,False,,DE-SN,,,950c6285-f59e-4759-a802-29442ced6564
school_holiday,DE,Germany,Day after Ascension,2023-05-19,2023-05-19,False,,DE-NI,,,d56aedaa-2d5c-4321-8b37-e350e90f2c57
school_holiday,DE,Germany,Ascension,2023-05-19,2023-05-20,False,,DE-SH,,,d818b0fe-13fb-481e-8708-fa6c5bd83269
school_holiday,DE,Germany,Pentecost Holidays,2023-05-26,2023-05-30,False,,DE-MV,DE-MV-ABS,,0259afb4-396c-41f0-ba8c-2174c337f811
school_holiday,DE,Germany,Additional holiday,2023-05-26,2023-05-26,False,,DE-MV,DE-MV-BBS,,728bc5ae-83b7-4c33-ab3b-0a11b9bff419
school_holiday,DE,Germany,Pentecost Holidays,2023-05-30,2023-06-09,False,,DE-BY,,,327e5368-24ff-442d-aeee-8c02cb968ebd
school_holiday,DE,Germany,Pentecost Holiday,2023-05-30,2023-05-30,False,,DE-HB,,,71813350-21b5-4a28-9650-7f7d9bc0dde9
school_holiday,DE,Germany,Pentecost Holidays,2023-05-30,2023-06-09,False,,DE-BW,,,7647e28c-0a65-4fdd-bc6e-599ec06be5cc
school_holiday,DE,Germany,Pentecost Holiday,2023-05-30,2023-05-30,False,,DE-NI,,,99df2a8a-f282-4e6f-91e8-d4340e90d66a
school_holiday,DE,Germany,Pentecost Holidays,2023-05-30,2023-06-02,False,,DE-SL,,,c4b12fd5-6eb6-4037-8857-94d5c306e6fc
school_holiday,DE,Germany,Pentecost Holidays,2023-05-30,2023-05-30,False,,DE-NW,,,e9f6b762-b525-4051-a590-a54ea36f4751
school_holiday,DE,Germany,Pentecost holidays,2023-05-30,2023-05-30,False,,DE-BE,,,ecea37fd-77c2-4914-8bd2-01980ae4dbd7
school_holiday,DE,Germany,Pentecost Holidays,2023-05-30,2023-06-07,False,,DE-RP,,,f685c75c-8bb7-4301-95bd-4b7c19d56286
school_holiday,DE,Germany,Summer Holidays,2023-06-22,2023-08-04,False,,DE-NW,,,8ac3b6cb-06f5-4e1e-b659-a0bef922b7e1
school_holiday,DE,Germany,Summer Holidays,2023-07-06,2023-08-16,False,,DE-NI,,,3fd10305-8e07-475d-a9de-4cd8bebe3efd
school_holiday,DE,Germany,Summer Holidays,2023-07-06,2023-08-16,False,,DE-ST,,,5f252634-f833-4521-8764-ac76ecaa9800
school_holiday,DE,Germany,Summer Holidays,2023-07-06,2023-08-16,False,,DE-HB,,,c54cc812-651c-4260-8f14-feb44f58b68e
school_holiday,DE,Germany,Summer Holidays,2023-07-10,2023-08-18,False,,DE-SN,,,76bdc6c6-9ec6-4ce1-9300-63e9917976a6
school_holiday,DE,Germany,Summer Holidays,2023-07-10,2023-08-19,False,,DE-TH,,,b1264660-b41f-4bd3-ae19-c1b72357fdeb
school_holiday,DE,Germany,Summer holidays,2023-07-13,2023-08-25,False,,DE-BE,,,0315571e-bde3-439d-b7bf-18a658acc801
school_holiday,DE,Germany,Summer Holidays,2023-07-13,2023-08-23,False,,DE-HH,,,78d48fc0-ea1b-458e-83d1-effc1f8c2578
school_holiday,DE,Germany,Summer holidays,2023-07-13,2023-08-26,False,,DE-BB,,,96a39e61-eef8-430b-b4ae-89f2ffd8dfe0
school_holiday,DE,Germany,Summer Holidays,2023-07-17,2023-09-01,False,,DE-MV,DE-MV-BBS,,046ff6bf-0233-460a-b2a3-95d561f8b26f
school_holiday,DE,Germany,Summer Holidays,2023-07-17,2023-08-19,False,,DE-SH,,"[{'language': 'EN', 'text': 'Islands Sylt, Föhr, Amrum, Helgoland and the Halligen'}]",04a679a7-e058-4c25-9b44-1aebfb36516a
school_holiday,DE,Germany,Summer Holidays,2023-07-17,2023-08-26,False,,DE-SH,,,438a0dfe-6dfb-45f4-aafd-9dd9fa0929bc
school_holiday,DE,Germany,Summer Holidays,2023-07-17,2023-08-26,False,,DE-MV,DE-MV-ABS,,fd124a6e-f672-4511-b357-f6226a99b696
school_holiday,DE,Germany,Summer Holidays,2023-07-24,2023-09-01,False,,DE-HE,,,370728bf-cff2-490a-8327-b0c3b7b243da
school_holiday,DE,Germany,Summer Holidays,2023-07-24,2023-09-01,False,,DE-RP,,,4984bcd0-e389-4a08-b4c1-79f8a0ee5adb
school_holiday,DE,Germany,Summer Holidays,2023-07-24,2023-09-01,False,,DE-SL,,,a7e70bf5-5325-4067-9aaa-ebfe65d867ea
school_holiday,DE,Germany,Summer Holidays,2023-07-27,2023-09-09,False,,DE-BW,,,58c66acc-d472-4b8a-91db-24756703c292
school_holiday,DE,Germany,Summer Holidays,2023-07-31,2023-09-11,False,,DE-BY,,,91a595fc-ff92-43e7-9bd8-f08e6da028fc
school_holiday,DE,Germany,Variable holiday,2023-10-02,2023-10-02,False,,DE-BB,,,022cd6cf-066e-432d-a57f-73282caea59c
school_holiday,DE,Germany,Bridge Day,2023-10-02,2023-10-02,False,,DE-HH,,,04119849-4338-4ab2-984c-96563dfd73c5
school_holiday,DE,Germany,Day before the 3 October,2023-10-02,2023-10-02,False,,DE-HB,,,145a3b90-3f93-4d71-97d4-46e6ba2e8085
school_holiday,DE,Germany,Day off,2023-10-02,2023-10-02,False,,DE-BE,,,17ff526f-ea28-4c8e-ba3a-98676a60827d
school_holiday,DE,Germany,Additional holiday,2023-10-02,2023-10-02,False,,DE-MV,DE-MV-BBS,,2210e333-96e1-4c69-8bc7-fa0389b54d53
school_holiday,DE,Germany,Day before the 3 October,2023-10-02,2023-10-02,False,,DE-NI,,,3a0481cc-99d5-460b-a15d-c84e51adcd4a
school_holiday,DE,Germany,Autumn Holidays,2023-10-02,2023-10-14,False,,DE-NW,,,4fddc8dd-9048-40f6-a0ed-174ac8a4170c
school_holiday,DE,Germany,Autumn Holidays,2023-10-02,2023-10-14,False,,DE-TH,,,5bf5a0d0-6adf-42eb-9ba4-e348319ed332
school_holiday,DE,Germany,Holiday Day,2023-10-02,2023-10-02,False,,DE-ST,,,76944521-284e-49bf-8f82-3a56f6dad7e3
school_holiday,DE,Germany,Autumn Holidays,2023-10-02,2023-10-14,False,,DE-SN,,,79b0b4f5-7349-49c3-befa-91a9dcef4b14
school_holiday,DE,Germany,Autumn Holidays,2023-10-09,2023-10-14,False,,DE-MV,DE-MV-ABS|DE-MV-BBS,,06998771-44e6-4188-b7e2-e9e99ca58b52
school_holiday,DE,Germany,Autumn Holidays,2023-10-09,2023-10-27,False,,DE-SH,,"[{'language': 'EN', 'text': 'Islands Sylt, Föhr, Amrum, Helgoland and the Halligen'}]",f6e640c9-09d7-469f-9c4e-e3e9b55dce26
school_holiday,DE,Germany,Autumn Holidays,2023-10-16,2023-10-27,False,,DE-RP,,,0a238c85-5588-41f2-a18d-b65724c61a5a
school_holiday,DE,Germany,Autumn Holidays,2023-10-16,2023-10-27,False,,DE-SH,,,0e212497-aa5b-4110-b030-950026637571
school_holiday,DE,Germany,Autumn Holidays,2023-10-16,2023-10-27,False,,DE-HH,,,39eef421-15b9-47d6-bbba-00dfa39608e4
school_holiday,DE,Germany,Autumn Holidays,2023-10-16,2023-10-30,False,,DE-NI,,,434d5cb4-2135-45bd-9d5f-7fb238312c10
school_holiday,DE,Germany,Autumn Holidays,2023-10-16,2023-10-30,False,,DE-ST,,,4b748b64-c753-4608-8626-0138a7f53d41
school_holiday,DE,Germany,Autumn Holidays,2023-10-16,2023-10-30,False,,DE-HB,,,54497c3d-ac10-4c38-b33e-4e76aff5db13
school_holiday,DE,Germany,Autumn Holidays,2023-10-23,2023-11-03,False,,DE-SL,,,19ba0c68-9c60-42fd-b1d5-96a723fa16aa
school_holiday,DE,Germany,Autumn holidays,2023-10-23,2023-11-04,False,,DE-BB,,,4a678e60-db15-47bf-89b5-a09a94e9e639
school_holiday,DE,Germany,Autumn Holidays,2023-10-23,2023-10-28,False,,DE-HE,,,f3ca5316-23fe-49bb-b243-27c56412e9f5
school_holiday,DE,Germany,Autumn holidays,2023-10-23,2023-11-04,False,,DE-BE,,,f90aec5f-b02f-46af-a045-b21d69162a50
school_holiday,DE,Germany,Additional holiday,2023-10-30,2023-10-30,False,,DE-MV,DE-MV-ABS|DE-MV-BBS,,10a2ec39-b213-4e07-a1d6-b31566c83f3d
school_holiday,DE,Germany,Autumn Holidays,2023-10-30,2023-11-03,False,,DE-BW,,,1ee972bf-ae33-4952-819e-7156f396c5cc
school_holiday,DE,Germany,Day off,2023-10-30,2023-10-30,False,,DE-SN,,,34b3afdc-545d-4483-a36e-ef54835660f3
school_holiday,DE,Germany,Autumn Holidays,2023-10-30,2023-11-04,False,,DE-BY,,,8c10cfa2-9af6-4ec5-bb00-c358fbf3b0f3
school_holiday,DE,Germany,Additional holiday,2023-11-01,2023-11-01,False,,DE-MV,DE-MV-ABS,,4d7b494b-f493-4425-92c2-eab780c1ee35
school_holiday,DE,Germany,Repentance Day,2023-11-22,2023-11-22,False,,DE-BY,,,fcfe3a89-c9d3-4879-988b-6471e4abb0ec
school_holiday,DE,Germany,Christmas Holidays,2023-12-21,2024-01-03,False,,DE-MV,DE-MV-ABS|DE-MV-BBS,,0fa4ded4-0fe3-451b-8554-2514794e0ad4
school_holiday,DE,Germany,Christmas Holidays,2023-12-21,2024-01-05,False,,DE-NW,,,505960fd-25cb-4742-983c-3e1326f42ad6
school_holiday,DE,Germany,Christmas Holidays,2023-12-21,2024-01-02,False,,DE-SL,,,68a8ad07-d9f6-44f6-a868-44913d628559
school_holiday,DE,Germany,Christmas Holidays,2023-12-21,2024-01-03,False,,DE-ST,,,eee56240-ed87-4493-899c-bcc6fd3df764
school_holiday,DE,Germany,Christmas Holidays,2023-12-22,2024-01-05,False,,DE-TH,,,85aeb260-9f1c-4e7c-b3bf-e01a7b0cdd1d
school_holiday,DE,Germany,Christmas Holidays,2023-12-22,2024-01-05,False,,DE-HH,,,d4b3a18d-b143-4d2d-aaed-b8a6fca7c1a0
school_holiday,DE,Germany,Christmas Holidays,2023-12-23,2024-01-05,False,,DE-HB,,,01ee73fb-d6bc-4fea-b77d-bccfd3687b1f
school_holiday,DE,Germany,Christmas Holidays,2023-12-23,2024-01-02,False,,DE-SN,,,58620518-991a-4338-bcae-e5194228ebdf
school_holiday,DE,Germany,Christmas holidays,2023-12-23,2024-01-05,False,,DE-BB,,,798c955e-e536-43af-9cfa-63253572dc8d
school_holiday,DE,Germany,Christmas Holidays,2023-12-23,2024-01-05,False,,DE-BW,,,85c31e36-e95f-460b-b7e3-04e652f101c6
school_holiday,DE,Germany,Christmas holidays,2023-12-23,2024-01-05,False,,DE-BE,,,ab67ffc6-78cc-470c-b4cd-6dfa5aa280ee
school_holiday,DE,Germany,Christmas Holidays,2023-12-23,2024-01-05,False,,DE-BY,,,b5fc4c46-d6db-434a-b65f-329d14491938
school_holiday,DE,Germany,Christmas Holidays,2023-12-27,2024-01-05,False,,DE-NI,,,33524711-356e-413f-9fbc-66aca2c30e2a
school_holiday,DE,Germany,Christmas Holidays,2023-12-27,2024-01-06,False,,DE-SH,,,8ca0788a-2ce9-463d-b66e-2feb1c2e8cec
school_holiday,DE,Germany,Christmas Holidays,2023-12-27,2024-01-13,False,,DE-HE,,,ab5ada53-819f-4a2e-ab89-e995d7ede69e
school_holiday,DE,Germany,Christmas Holidays,2023-12-27,2024-01-05,False,,DE-RP,,,dc5e9b6c-efc6-40fc-8072-7f026b64fd7b
school_holiday,DE,Germany,Mid-Year Holidays,2024-02-01,2024-02-02,False,,DE-HB,,,5a2387bb-db38-4e0d-a168-2b7385a1fc7f
school_holiday,DE,Germany,Mid-Year Holidays,2024-02-01,2024-02-02,False,,DE-NI,,,d2efaae2-cc07-4f90-bbc9-848c3a106617
school_holiday,DE,Germany,Mid-Year Break,2024-02-02,2024-02-02,False,,DE-HH,,,92af21ec-7942-408d-9d14-2c523a6ae25b
school_holiday,DE,Germany,Winter holidays,2024-02-05,2024-02-10,False,,DE-BE,,,28a79671-bb65-47b1-a01c-f7f75a70d376
school_holiday,DE,Germany,Winter Holidays,2024-02-05,2024-02-16,False,,DE-MV,DE-MV-ABS,,68fb113c-665a-40e5-9bb4-b3651d8f4c82
school_holiday,DE,Germany,Winter Holidays,2024-02-05,2024-02-10,False,,DE-ST,,,7d2b8895-0e9b-455c-9313-345c45181b9a
school_holiday,DE,Germany,Winter holidays,2024-02-05,2024-02-09,False,,DE-BB,,,b0c86a8d-9cd3-4058-a1b2-7d1de82dd244
school_holiday,DE,Germany,Winter Holidays,2024-02-05,2024-02-10,False,,DE-MV,DE-MV-BBS,,e54d1211-ca3c-4f15-ad19-8f2c3bc9ba89
school_holiday,DE,Germany,Carnival Holidays,2024-02-12,2024-02-16,False,,DE-SL,,,6636e0ee-5d20-4643-98e0-57d7c4c46f43
school_holiday,DE,Germany,Winter Holidays,2024-02-12,2024-02-23,False,,DE-SN,,,d2c84eaa-3ba2-4e6f-87b5-7652e3618044
school_holiday,DE,Germany,Winter Holidays,2024-02-12,2024-02-16,False,,DE-TH,,,e13dffe2-6ad5-4eab-8452-3749f1d7eb31
school_holiday,DE,Germany,Spring Holidays,2024-02-12,2024-02-16,False,,DE-BY,,,f4cbdd5b-1bf6-4530-8620-b8ddecbbb636
school_holiday,DE,Germany,Easter Holidays,2024-03-18,2024-03-28,False,,DE-NI,,,1157a099-84f9-4fea-95e1-6e200b79ba50
school_holiday,DE,Germany,Spring Holidays,2024-03-18,2024-03-28,False,,DE-HH,,,23ef7fed-0728-4979-8552-e5decd12cc3a
school_holiday,DE,Germany,Easter Holidays,2024-03-18,2024-03-28,False,,DE-HB,,,bdc7153b-3940-4675-a26a-a5bf5877f419
school_holiday,DE,Germany,Easter Holidays,2024-03-23,2024-04-05,False,,DE-BW,,,7c71dc62-dfe0-43e0-9d56-4599da11f959
school_holiday,DE,Germany,Easter Holidays,2024-03-25,2024-03-30,False,,DE-ST,,,0796001d-d874-4dfd-9dd7-7b4ba74deacb
school_holiday,DE,Germany,Easter Holidays,2024-03-25,2024-04-02,False,,DE-RP,,,14617f8a-4bdf-47a0-ba8a-e859f575ab75
school_holiday,DE,Germany,Easter Holidays,2024-03-25,2024-04-05,False,,DE-SL,,,4a22f904-04a2-4fc2-8095-5a582b818983
school_holiday,DE,Germany,Easter holidays,2024-03-25,2024-04-05,False,,DE-BE,,,4a23efca-642f-45ef-b32d-139434d4520f
school_holiday,DE,Germany,Easter Holidays,2024-03-25,2024-04-06,False,,DE-BY,,,807d237c-c6d4-4b9f-886f-8e0d805a0397
school_holiday,DE,Germany,Easter Holidays,2024-03-25,2024-04-05,False,,DE-MV,DE-MV-BBS,,8a7b4fdc-fa22-4d17-8a55-f2ccceacd2db
school_holiday,DE,Germany,Easter Holidays,2024-03-25,2024-04-13,False,,DE-HE,,,9681a07e-dca1-40ab-9280-480ef1b47abe
school_holiday,DE,Germany,Easter Holidays,2024-03-25,2024-04-06,False,,DE-NW,,,a9dbc89b-166f-46d8-9de1-8faae01ecf07
school_holiday,DE,Germany,Easter holidays,2024-03-25,2024-04-05,False,,DE-BB,,,ae5b7fe8-1a2b-408d-8fd1-f5797efc739d
school_holiday,DE,Germany,Easter Holidays,2024-03-25,2024-04-03,False,,DE-MV,DE-MV-ABS,,bc0c8a42-aa70-4ea8-a338-e11cf37c09c1
school_holiday,DE,Germany,Easter Holidays,2024-03-25,2024-04-06,False,,DE-TH,,,f03f9de5-d608-4492-82d0-256bed5b7c11
school_holiday,DE,Germany,Easter Holidays,2024-03-28,2024-04-05,False,,DE-SN,,,f0ced08f-c61b-499e-a09f-b2e4bafd16d2
school_holiday,DE,Germany,Easter Holidays,2024-04-02,2024-04-19,False,,DE-SH,,,e5d33965-124e-4dfb-b2d7-f4e7f6d0eb6d
school_holiday,DE,Germany,Day after Ascension,2024-05-10,2024-05-10,False,,DE-NI,,,02f7e80f-68bc-4310-9a9f-1633afd43c56
school_holiday,DE,Germany,Bridge Day,2024-05-10,2024-05-10,False,,DE-HH,,,16bb7469-c1ec-426f-9593-b6b723e0e380
school_holiday,DE,Germany,Day off,2024-05-10,2024-05-10,False,,DE-SN,,,33a1a664-b5f8-41dd-8f8d-a605ab56c34f
school_holiday,DE,Germany,Day off,2024-05-10,2024-05-10,False,,DE-BE,,,5f66375e-23d0-4466-b531-af524ce8cbd1
school_holiday,DE,Germany,Day off from school,2024-05-10,2024-05-10,False,,DE-TH,,,839dc642-0efd-4ad5-94ef-cc00b3a0eaca
school_holiday,DE,Germany,Day after Ascension,2024-05-10,2024-05-10,False,,DE-HB,,,b2ab2259-b100-4015-9b1d-6b451863a338
school_holiday,DE,Germany,Ascension,2024-05-10,2024-05-11,False,,DE-SH,,,c6c51588-b427-4454-aa64-384c0a555a6a
school_holiday,DE,Germany,Additional holiday,2024-05-10,2024-05-10,False,,DE-MV,DE-MV-ABS|DE-MV-BBS,,da486444-a96f-43e4-baea-52876277d985
school_holiday,DE,Germany,Variable holiday,2024-05-10,2024-05-10,False,,DE-BB,,,e9bb69be-3ec9-46ba-9a47-4ddf2df1915d
school_holiday,DE,Germany,Pentecost Holidays,2024-05-17,2024-05-21,False,,DE-MV,DE-MV-ABS,,6740e325-a1d0-4249-8684-2b8b2cd50002
school_holiday,DE,Germany,Pentecost Holidays,2024-05-18,2024-05-21,False,,DE-SN,,,f36c3080-aef0-438f-867a-aa10bbb4f546
school_holiday,DE,Germany,Pentecost Holidays,2024-05-21,2024-05-31,False,,DE-BW,,,0172a244-94a4-4350-9c45-57e8aae0f946
school_holiday,DE,Germany,Pentecost Holidays,2024-05-21,2024-05-24,False,,DE-ST,,,113643ad-ea9f-45a1-97c6-b107231a12b7
school_holiday,DE,Germany,Pentecost Holiday,2024-05-21,2024-05-21,False,,DE-HB,,,11f653b9-2f3b-4ea0-84a5-139f08f203bd
school_holiday,DE,Germany,Pentecost Holidays,2024-05-21,2024-05-21,False,,DE-NW,,,36e1ca93-0a45-4d24-b5ca-523fd854604c
school_holiday,DE,Germany,Pentecost Holiday,2024-05-21,2024-05-21,False,,DE-NI,,,4fcb6670-da73-4192-96cc-02a57d5509f8
school_holiday,DE,Germany,Pentecost Holidays,2024-05-21,2024-05-29,False,,DE-RP,,,b6137588-f2d0-4d56-b7d3-82b3fca62b68
school_holiday,DE,Germany,Pentecost Holidays,2024-05-21,2024-05-24,False,,DE-HH,,,ddfeab88-5946-4027-93d9-494a2f4cd2bb
school_holiday,DE,Germany,Pentecost Holidays,2024-05-21,2024-06-01,False,,DE-BY,,,f2bb829a-1425-4b89-9c9a-11c94d21c014
school_holiday,DE,Germany,Pentecost Holidays,2024-05-21,2024-05-24,False,,DE-SL,,,fa840009-fe10-4081-ab9d-13c42029803f
school_holiday,DE,Germany,Summer Holidays,2024-06-20,2024-08-02,False,,DE-SN,,,71f60a72-fe8b-4654-b69f-bb7ec689e0c6
school_holiday,DE,Germany,Summer Holidays,2024-06-20,2024-07-31,False,,DE-TH,,,aa9f4dcb-d980-46b9-b407-9efc4e310a21
school_holiday,DE,Germany,Summer Holidays,2024-06-24,2024-08-02,False,,DE-HB,,,2122d9bd-2ce3-44f8-86f8-9e171bfb4f7e
school_holiday,DE,Germany,Summer Holidays,2024-06-24,2024-08-03,False,,DE-ST,,,3ea2bad6-109d-400a-bd69-40f69f30475a
school_holiday,DE,Germany,Summer Holidays,2024-06-24,2024-08-03,False,,DE-NI,,,53c6ec23-4b84-409d-b177-2de3c03747c8
school_holiday,DE,Germany,Summer Holidays,2024-07-08,2024-08-20,False,,DE-NW,,,8c430e77-c97c-418e-b928-6da34af4dc8b
school_holiday,DE,Germany,Summer Holidays,2024-07-15,2024-08-31,False,,DE-MV,DE-MV-BBS,,0cd9bd3c-19aa-4085-9997-fc8c3f293ab8
school_holiday,DE,Germany,Summer Holidays,2024-07-15,2024-08-23,False,,DE-HE,,,153c8782-870a-4cb8-809c-4fc673e3824c
school_holiday,DE,Germany,Summer Holidays,2024-07-15,2024-08-23,False,,DE-SL,,,25d673ee-81d1-4576-a898-47b59435397d
school_holiday,DE,Germany,Summer Holidays,2024-07-15,2024-08-23,False,,DE-RP,,,e17898ba-7e68-4b05-b393-daf0d1e69a80
school_holiday,DE,Germany,Summer holidays,2024-07-18,2024-08-31,False,,DE-BB,,,47ba736e-4941-4244-956a-2a5a291ef749
school_holiday,DE,Germany,Summer holidays,2024-07-18,2024-08-30,False,,DE-BE,,,769fb5c3-19c8-405a-bd22-8ac455a961c3
school_holiday,DE,Germany,Summer Holidays,2024-07-18,2024-08-28,False,,DE-HH,,,d70bfa21-5086-4444-bc66-80f0db3d45bc
school_holiday,DE,Germany,Summer Holidays,2024-07-22,2024-08-31,False,,DE-MV,DE-MV-ABS,,963a3506-eeb8-4190-81bb-ec00829f6521
school_holiday,DE,Germany,Summer Holidays,2024-07-22,2024-08-24,False,,DE-SH,,"[{'language': 'EN', 'text': 'Islands Sylt, Föhr, Amrum, Helgoland and the Halligen'}]",b385bd29-3c0a-4322-8475-4c9c22b6c5cf
school_holiday,DE,Germany,Summer Holidays,2024-07-22,2024-08-31,False,,DE-SH,,,fd5307fe-76d6-42f2-8774-5fef700d8031
school_holiday,DE,Germany,Summer Holidays,2024-07-25,2024-09-07,False,,DE-BW,,,d4e3c1eb-0d93-4eaa-a750-fe9d1ae4092a
school_holiday,DE,Germany,Summer Holidays,2024-07-29,2024-09-09,False,,DE-BY,,,871df250-0576-493c-aea4-e64ee4608bef
school_holiday,DE,Germany,Autumn Holidays,2024-09-30,2024-10-12,False,,DE-ST,,,5832c456-293b-45e3-8f56-1e949bbd251b
school_holiday,DE,Germany,Autumn Holidays,2024-09-30,2024-10-12,False,,DE-TH,,,d81e3e8b-07ad-4ca0-beb4-884ea76bac22
school_holiday,DE,Germany,Additional holiday,2024-10-04,2024-10-04,False,,DE-MV,DE-MV-ABS|DE-MV-BBS,,2fa7f870-7102-4c23-a03e-cbedf119aae0
school_holiday,DE,Germany,Day off,2024-10-04,2024-10-04,False,,DE-BE,,,7ad7ef6b-5f18-44a2-806b-c645a090a6e3
school_holiday,DE,Germany,Autumn Holidays,2024-10-04,2024-10-19,False,,DE-NI,,,c890dace-33ac-4e6f-9470-904e46593ff0
school_holiday,DE,Germany,Autumn Holidays,2024-10-04,2024-10-19,False,,DE-HB,,,cb84cff1-53a0-4d8c-8247-ff2e4fc24bf6
school_holiday,DE,Germany,Bridge Day,2024-10-04,2024-10-04,False,,DE-HH,,,e3ded5e4-1f39-4a31-ad03-f078c523ed2b
school_holiday,DE,Germany,Variable holiday,2024-10-04,2024-10-04,False,,DE-BB,,,f1ab8919-b102-42a2-8bfa-ecee396e459b
school_holiday,DE,Germany,Autumn Holidays,2024-10-07,2024-10-19,False,,DE-SN,,,fb3bf22e-6ae5-45e8-8245-be3fdc6cf870
school_holiday,DE,Germany,Autumn Holidays,2024-10-14,2024-10-25,False,,DE-HE,,,1b27b307-fc85-43c8-87f9-36aa8eb560cb
school_holiday,DE,Germany,Autumn Holidays,2024-10-14,2024-11-01,False,,DE-SH,,"[{'language': 'EN', 'text': 'Islands Sylt, Föhr, Amrum, Helgoland and the Halligen'}]",209768f1-b65c-4056-bc17-01df2c04822a
school_holiday,DE,Germany,Autumn Holidays,2024-10-14,2024-10-25,False,,DE-RP,,,45be16c6-43ba-41dd-8801-2529871f4dba
school_holiday,DE,Germany,Autumn Holidays,2024-10-14,2024-10-25,False,,DE-SL,,,a64a3510-a3b7-43e1-b6ab-1f5d5e99e0af
school_holiday,DE,Germany,Autumn Holidays,2024-10-14,2024-10-26,False,,DE-NW,,,c6a32bf4-0f28-4872-8b2e-771e438ce06c
school_holiday,DE,Germany,Autumn Holidays,2024-10-21,2024-11-01,False,,DE-SH,,,08eef432-6e8e-49aa-81a3-c85f1d53c96f
school_holiday,DE,Germany,Autumn holidays,2024-10-21,2024-11-02,False,,DE-BE,,,8d56adb5-c2fe-4a85-bca2-ba2063f06eb7
school_holiday,DE,Germany,Autumn Holidays,2024-10-21,2024-11-01,False,,DE-HH,,,90ffe451-e10d-4362-a5fa-b116e3af78a8
school_holiday,DE,Germany,Autumn Holidays,2024-10-21,2024-10-26,False,,DE-MV,DE-MV-ABS|DE-MV-BBS,,c90a8655-ad1e-4709-b601-840550f44f66
school_holiday,DE,Germany,Autumn holidays,2024-10-21,2024-11-02,False,,DE-BB,,,ed3b83e4-8adf-47cf-b747-8de795795879
school_holiday,DE,Germany,Autumn Holidays,2024-10-28,2024-10-31,False,,DE-BY,,,64437d56-be06-4632-b8e8-fc8fdfc59e98
school_holiday,DE,Germany,Autumn Holidays,2024-10-28,2024-10-30,False,,DE-BW,,,9eb4ae37-0b79-4ee8-8f28-02f8e8b8917e
school_holiday,DE,Germany,Reformation Day,2024-10-31,2024-10-31,False,,DE-BW,,,5a93812e-56d6-44fb-8386-280e6d398c99
school_holiday,DE,Germany,Holiday Day,2024-11-01,2024-11-01,False,,DE-ST,,,0a7f82f6-0e5d-4900-bbb4-504fa0bb4236
school_holiday,DE,Germany,Day after Reformation Day,2024-11-01,2024-11-01,False,,DE-HB,,,2bffcbc0-3f58-423d-a50f-36d611409d8d
school_holiday,DE,Germany,Additional holiday,2024-11-01,2024-11-01,False,,DE-MV,DE-MV-ABS|DE-MV-BBS,,7c93c96d-9937-47c2-a7a7-737db4d3f3d2
school_holiday,DE,Germany,Day after Reformation Day,2024-11-01,2024-11-01,False,,DE-NI,,,f77f827c-6697-4de1-9fab-8f2d2f4de7cf
school_holiday,DE,Germany,Repentance Day,2024-11-20,2024-11-20,False,,DE-BY,,,23ed1774-4091-4ed2-92be-8ee1b452929d
school_holiday,DE,Germany,Christmas Holidays,2024-12-19,2025-01-07,False,,DE-SH,,,ade0ef11-b174-4694-81a7-f4070e5c0803
school_holiday,DE,Germany,Christmas Holidays,2024-12-20,2025-01-03,False,,DE-HH,,,c7ac38c5-318e-4eda-b793-86c77f4e4150
school_holiday,DE,Germany,Christmas Holidays,2024-12-23,2025-01-03,False,,DE-SL,,,04102750-f2a2-4115-a514-05cd87f9d449
school_holiday,DE,Germany,Christmas holidays,2024-12-23,2024-12-31,False,,DE-BB,,,0af1037e-c38b-43ad-96ea-2aaaa08a800f
school_holiday,DE,Germany,Christmas Holidays,2024-12-23,2025-01-08,False,,DE-RP,,,191f84ee-99ba-4311-be98-494334469d1e
school_holiday,DE,Germany,Christmas Holidays,2024-12-23,2025-01-06,False,,DE-NW,,,29bd10aa-e6b8-4760-a44e-6a88ab783f03
school_holiday,DE,Germany,Christmas holidays,2024-12-23,2024-12-31,False,,DE-BE,,,3b9c1d7e-b3be-4f6a-8128-f0c77ae8e786
school_holiday,DE,Germany,Christmas Holidays,2024-12-23,2025-01-04,False,,DE-MV,DE-MV-BBS,,3fa153b7-696a-479d-a2d7-ce582733b5b5
school_holiday,DE,Germany,Christmas Holidays,2024-12-23,2025-01-06,False,,DE-MV,DE-MV-ABS,,738023d8-9af3-445a-853f-94fa279b128d
school_holiday,DE,Germany,Christmas Holidays,2024-12-23,2025-01-03,False,,DE-TH,,,890f7f2b-484b-476e-ba23-95465ea9aed8
school_holiday,DE,Germany,Christmas Holidays,2024-12-23,2025-01-04,False,,DE-HB,,,979bb3ff-6c1a-4393-8e9b-7448332374f6
school_holiday,DE,Germany,Christmas Holidays,2024-12-23,2025-01-03,False,,DE-SN,,,a3e4c4aa-82f5-4ad5-9b5a-9751ba361583
school_holiday,DE,Germany,Christmas Holidays,2024-12-23,2025-01-10,False,,DE-HE,,,bd24179b-9f65-43dc-9904-b6159c7c62c4
school_holiday,DE,Germany,Christmas Holidays,2024-12-23,2025-01-04,False,,DE-NI,,,bda62161-7ff6-4c23-b763-4a2b759bdef6
school_holiday,DE,Germany,Christmas Holidays,2024-12-23,2025-01-04,False,,DE-BW,,,e6b339dc-3757-43f0-882f-be7de435a835
school_holiday,DE,Germany,Christmas Holidays,2024-12-23,2025-01-04,False,,DE-ST,,,ee0ec0ad-882b-47a5-83a7-f9286504eea8
school_holiday,DE,Germany,Christmas Holidays,2024-12-23,2025-01-03,False,,DE-BY,,,f3b90493-d141-4aab-ac30-37084db988c3
school_holiday,DE,Germany,Winter Holidays,2025-01-27,2025-01-31,False,,DE-ST,,,075d5aed-4503-4443-b299-dc3b63a0d95f
school_holiday,DE,Germany,Mid-Year Break,2025-01-31,2025-01-31,False,,DE-HH,,,adde677a-fd87-4595-b2b9-c4ea84976adf
school_holiday,DE,Germany,Winter Holidays,2025-02-03,2025-02-14,False,,DE-MV,DE-MV-ABS,,271d692c-2d55-4e79-a071-55bcee3687b1
school_holiday,DE,Germany,Mid-Year Holidays,2025-02-03,2025-02-04,False,,DE-HB,,,43fd5a66-c498-4c57-9201-8f0ee6242442
school_holiday,DE,Germany,Winter Holidays,2025-02-03,2025-02-08,False,,DE-TH,,,48f3266a-a478-4903-8b7e-dd5bc86e9ca5
school_holiday,DE,Germany,Winter holidays,2025-02-03,2025-02-08,False,,DE-BE,,,8e1ad167-39e8-455e-a0cf-43fee3b79a39
school_holiday,DE,Germany,Winter holidays,2025-02-03,2025-02-08,False,,DE-BB,,,d442929a-d817-4a0c-bb9b-3766a0b0b271
school_holiday,DE,Germany,Winter Holidays,2025-02-03,2025-02-08,False,,DE-MV,DE-MV-BBS,,ed52220e-f6ae-4455-9710-70eb34583eea
school_holiday,DE,Germany,Mid-Year Holidays,2025-02-03,2025-02-04,False,,DE-NI,,,ffe7e5cd-9930-4a99-a2a5-8eab0b2bfd68
school_holiday,DE,Germany,Winter Holidays,2025-02-17,2025-03-01,False,,DE-SN,,,39a21b2f-906b-4b72-947e-1b90756d6831
school_holiday,DE,Germany,Carnival Holidays,2025-02-24,2025-03-04,False,,DE-SL,,,b2ef277f-bb89-4e87-89f5-aeadc10567e5
school_holiday,DE,Germany,Spring Holidays,2025-03-03,2025-03-07,False,,DE-BY,,,5257b2de-813a-406f-9b8e-cd56586050f2
school_holiday,DE,Germany,Spring Holidays,2025-03-10,2025-03-21,False,,DE-HH,,,ce0b0c9c-120d-4804-b5b7-38d2c0c06a4f
school_holiday,DE,Germany,Easter Holidays,2025-04-07,2025-04-19,False,,DE-NI,,,2961cf1a-ac80-497b-8107-988e36e86669
school_holiday,DE,Germany,Easter Holidays,2025-04-07,2025-04-19,False,,DE-ST,,,a2ce0003-3616-4633-b9ed-7c8419f2ced0
school_holiday,DE,Germany,Easter Holidays,2025-04-07,2025-04-19,False,,DE-TH,,,c5df7973-d0c2-4c01-8ed0-1639794bfdb3
school_holiday,DE,Germany,Easter Holidays,2025-04-07,2025-04-19,False,,DE-HB,,,e0c39da3-a573-4729-80e5-a11fd70bb3ff
school_holiday,DE,Germany,Easter Holidays,2025-04-07,2025-04-21,False,,DE-HE,,,eb9a0f8a-b9df-4df1-ab0a-cb0d06860ccc
school_holiday,DE,Germany,Easter Holidays,2025-04-11,2025-04-25,False,,DE-SH,,,dc5f7764-bbd1-4b8b-b5c1-5ae64870dbbd
school_holiday,DE,Germany,Easter Holidays,2025-04-14,2025-04-25,False,,DE-BY,,,03cc22f2-1730-4ea4-b2dc-90d8d0f41e62
school_holiday,DE,Germany,Easter Holidays,2025-04-14,2025-04-26,False,,DE-BW,,,087fd5a0-020f-4a91-b6b9-3d98d8831f8a
school_holiday,DE,Germany,Easter Holidays,2025-04-14,2025-04-23,False,,DE-MV,DE-MV-ABS,,530691fb-6fa2-48cb-9030-cba93b1cafd8
school_holiday,DE,Germany,Easter Holidays,2025-04-14,2025-04-25,False,,DE-RP,,,567137cb-8b29-46ba-8b2b-a4837a7b2d53
school_holiday,DE,Germany,Easter Holidays,2025-04-14,2025-04-25,False,,DE-MV,DE-MV-BBS,,7309a1e0-c65b-4f86-9ed8-60a5ff38d649
school_holiday,DE,Germany,Easter holidays,2025-04-14,2025-04-25,False,,DE-BB,,,90d59863-cc2d-4739-81da-2752956a5433
school_holiday,DE,Germany,Easter Holidays,2025-04-14,2025-04-26,False,,DE-NW,,,c45b7237-ad6d-40ce-ba16-735541b1be82
school_holiday,DE,Germany,Easter Holidays,2025-04-14,2025-04-25,False,,DE-SL,,,e870f6ee-e5f2-4e7f-a4c3-529ea8ce01d8
school_holiday,DE,Germany,Easter holidays,2025-04-14,2025-04-25,False,,DE-BE,,,e9883de1-3213-4288-bf53-a526ebcdb4c2
school_holiday,DE,Germany,Easter Holidays,2025-04-18,2025-04-25,False,,DE-SN,,,052218d9-6ba0-4e7a-ad44-28e4bb96fd66
school_holiday,DE,Germany,Church Day and the Day after 1 May,2025-04-30,2025-05-02,False,,DE-HB,,,a7027019-3984-4144-b869-70320829dbb9
school_holiday,DE,Germany,Church Day,2025-04-30,2025-04-30,False,,DE-NI,,,a8277b25-f715-4692-8562-614590dc1daf
school_holiday,DE,Germany,Day after 1 May,2025-05-02,2025-05-02,False,,DE-NI,,,59f8b3d7-516b-4b12-b436-05706fbde63e
school_holiday,DE,Germany,Variable holiday,2025-05-02,2025-05-02,False,,DE-BB,,,7456750f-7489-4e61-995e-d3e747b95516
school_holiday,DE,Germany,Day off,2025-05-02,2025-05-02,False,,DE-BE,,,aa70a7ff-f812-4272-83e3-04319ef08ef7
school_holiday,DE,Germany,Additional holiday,2025-05-02,2025-05-02,False,,DE-MV,DE-MV-BBS,,bfc6a669-1ea8-48d1-a6b8-da33033c1f6f
school_holiday,DE,Germany,Bridge Day,2025-05-02,2025-05-02,False,,DE-HH,,,f970af1d-e3a2-4aeb-a601-7bb255607853
school_holiday,DE,Germany,Pentecost Holidays,2025-05-26,2025-05-30,False,,DE-HH,,,97cb510d-bd74-4af0-a027-63c5eaebbf37
school_holiday,DE,Germany,Ascension,2025-05-30,2025-05-30,False,,DE-SH,,,22d1fa1e-73f1-4865-9e41-216b826feaa0
school_holiday,DE,Germany,Day after Ascension,2025-05-30,2025-05-30,False,,DE-NI,,,3d645eaf-a1d3-4b84-a98c-19e0ed7142fd
school_holiday,DE,Germany,Day after Ascension,2025-05-30,2025-05-30,False,,DE-HB,,,64ec141a-4385-4092-aa4f-503e9a4bd239
school_holiday,DE,Germany,Variable holiday,2025-05-30,2025-05-30,False,,DE-BB,,,7558612d-2be4-4a48-8f7c-825c3a2cfca8
school_holiday,DE,Germany,Additional holiday,2025-05-30,2025-05-30,False,,DE-MV,DE-MV-ABS|DE-MV-BBS,,7d2e2e83-010d-4407-b891-1c542c72ca37
school_holiday,DE,Germany,Day off from school,2025-05-30,2025-05-30,False,,DE-TH,,,8f7c8143-6403-4924-bed0-3c9aa077d5f0
school_holiday,DE,Germany,Day off,2025-05-30,2025-05-30,False,,DE-SN,,,a5aa4c56-a5b2-4342-99b3-23d78827a1ad
school_holiday,DE,Germany,Holiday Day,2025-05-30,2025-05-30,False,,DE-ST,,,b4cc3570-0206-447f-a646-361b0439bdfc
school_holiday,DE,Germany,Day off,2025-05-30,2025-05-30,False,,DE-BE,,,ed4102e9-2c2d-4119-9025-94b251ef5492
school_holiday,DE,Germany,Pentecost Holidays,2025-06-06,2025-06-10,False,,DE-MV,DE-MV-ABS,,0a4d39fe-d65c-4073-be16-ef0b39299d59
school_holiday,DE,Germany,Pentecost holiday,2025-06-10,2025-06-10,False,,DE-BE,,,0b32c794-a19e-4a7b-8abd-6327342b518f
school_holiday,DE,Germany,Pentecost Holiday,2025-06-10,2025-06-10,False,,DE-HB,,,120ec756-714f-4797-8681-0f5ad693127b
school_holiday,DE,Germany,Pentecost Holidays,2025-06-10,2025-06-10,False,,DE-NW,,,589f490d-9bbb-48ef-a402-ae9af623edfa
school_holiday,DE,Germany,Pentecost Holidays,2025-06-10,2025-06-20,False,,DE-BW,,,7b6e2abd-d8f6-4ec3-a2c9-326e836bba17
school_holiday,DE,Germany,Pentecost Holiday,2025-06-10,2025-06-10,False,,DE-NI,,,befe1648-94e4-4b4a-a5a7-690051edd8ef
school_holiday,DE,Germany,Pentecost Holidays,2025-06-10,2025-06-20,False,,DE-BY,,,dcda193e-7508-48e5-9da7-670a36cb3b0c
school_holiday,DE,Germany,Pentecost holiday,2025-06-10,2025-06-10,False,,DE-BB,,,de4ce3ad-0370-4580-9468-7fa6dad7bfa9
school_holiday,DE,Germany,Summer Holidays,2025-06-28,2025-08-08,False,,DE-TH,,,2be72545-34d8-4617-a89b-505d85ec8ec4
school_holiday,DE,Germany,Summer Holidays,2025-06-28,2025-08-08,False,,DE-ST,,,4fdcefea-9043-4d8a-97cc-4524c9af1499
school_holiday,DE,Germany,Summer Holidays,2025-06-28,2025-08-08,False,,DE-SN,,,7ab191b1-36d9-4ed1-883f-13f6bfc90e8c
school_holiday,DE,Germany,Summer Holidays,2025-07-03,2025-08-13,False,,DE-NI,,,e7df00a7-8a7c-4b6d-99fe-802c18caef70
school_holiday,DE,Germany,Summer Holidays,2025-07-03,2025-08-13,False,,DE-HB,,,ee9e602e-df6f-4556-bb6a-203832b71a2e
school_holiday,DE,Germany,Summer Holidays,2025-07-07,2025-08-15,False,,DE-RP,,,a2dd5cea-0783-4b70-95d2-0c70cf4fbe9c
school_holiday,DE,Germany,Summer Holidays,2025-07-07,2025-08-14,False,,DE-SL,,,e0d24099-e6dd-4119-a7aa-3046e7c05e07
school_holiday,DE,Germany,Summer Holidays,2025-07-07,2025-08-15,False,,DE-HE,,,e26dccb0-b3a2-4820-9ac1-290cb4cd8bd7
school_holiday,DE,Germany,Summer Holidays,2025-07-14,2025-08-26,False,,DE-NW,,,1c5ba5d4-58a5-4058-9b9c-79bffbc03425
school_holiday,DE,Germany,Summer Holidays,2025-07-14,2025-08-30,False,,DE-MV,DE-MV-BBS,,65079463-f48b-48a3-aaec-0135f35e12ef
school_holiday,DE,Germany,Summer holidays,2025-07-24,2025-09-06,False,,DE-BB,,,2ef9e6a1-e4b2-459e-afc3-a309239048df
school_holiday,DE,Germany,Summer Holidays,2025-07-24,2025-09-03,False,,DE-HH,,,8a162264-6702-4ff3-a37b-dee1138c70b0
school_holiday,DE,Germany,Summer holidays,2025-07-24,2025-09-06,False,,DE-BE,,,d710df7e-89b3-45dc-881a-f1c47a0d3e69
school_holiday,DE,Germany,Summer Holidays,2025-07-28,2025-09-06,False,,DE-SH,,,4efa8a64-e3a7-420c-ad2c-82f2fbe79215
school_holiday,DE,Germany,Summer Holidays,2025-07-28,2025-09-06,False,,DE-MV,DE-MV-ABS,,ae70b01b-3137-4456-924a-efb69b4378a3
school_holiday,DE,Germany,Summer Holidays,2025-07-28,2025-08-30,False,,DE-SH,,"[{'language': 'EN', 'text': 'Islands Sylt, Föhr, Amrum, Helgoland and the Halligen'}]",d14df348-0bb6-40e2-8e11-9bfe61f310f3
school_holiday,DE,Germany,Summer Holidays,2025-07-31,2025-09-13,False,,DE-BW,,,b97e38ff-3c87-425e-9ad3-f5542562ca62
school_holiday,DE,Germany,Summer Holidays,2025-08-01,2025-09-15,False,,DE-BY,,,bc2bd00a-e716-46c3-8a27-2538c777d9bd
school_holiday,DE,Germany,Additional holiday,2025-10-01,2025-10-01,False,,DE-MV,DE-MV-BBS,,e8f95ca9-b9c7-4a3a-832d-e1eb68d84127
school_holiday,DE,Germany,Additional holiday,2025-10-02,2025-10-02,False,,DE-MV,DE-MV-ABS,,233e4d42-48b3-44f9-bcb2-f96625711dc3
school_holiday,DE,Germany,Autumn Holidays,2025-10-06,2025-10-18,False,,DE-HE,,,03866510-cccc-428a-af6b-099956d6a4d7
school_holiday,DE,Germany,Autumn Holidays,2025-10-06,2025-10-18,False,,DE-TH,,,b1b5dc5d-dc4f-422d-b9fc-dfcc4325a11e
school_holiday,DE,Germany,Autumn Holidays,2025-10-06,2025-10-18,False,,DE-SN,,,c58f6520-f298-4b7c-a8ec-153175457133
school_holiday,DE,Germany,Autumn Holidays,2025-10-13,2025-10-24,False,,DE-RP,,,01eaa710-433a-4aec-8ef2-e4cd2774a082
school_holiday,DE,Germany,Autumn Holidays,2025-10-13,2025-10-24,False,,DE-SL,,,5f1d17df-cb3d-474b-93e9-8e2bc0a9ffec
school_holiday,DE,Germany,Autumn Holidays,2025-10-13,2025-10-25,False,,DE-ST,,,7bb84841-c102-4ea0-bc53-261ff5fd0bb2
school_holiday,DE,Germany,Autumn Holidays,2025-10-13,2025-10-25,False,,DE-HB,,,b6e36b37-157e-4fd6-b70c-ccc2a1022853
school_holiday,DE,Germany,Autumn Holidays,2025-10-13,2025-10-25,False,,DE-NI,,,c1767d00-1904-4c33-95a5-b7c74f0dea96
school_holiday,DE,Germany,Autumn Holidays,2025-10-13,2025-10-30,False,,DE-SH,,"[{'language': 'EN', 'text': 'Islands Sylt, Föhr, Amrum, Helgoland and the Halligen'}]",c9a70962-0482-405e-bfb5-f31863c2e0d5
school_holiday,DE,Germany,Autumn Holidays,2025-10-13,2025-10-25,False,,DE-NW,,,d9838244-e0bc-4c9a-9afd-63f63c5cb321
school_holiday,DE,Germany,Autumn holidays,2025-10-20,2025-11-01,False,,DE-BE,,,27cb58e8-5cfb-40ea-90ab-3149e1455cbc
school_holiday,DE,Germany,Autumn holidays,2025-10-20,2025-11-01,False,,DE-BB,,,4893dcaf-9c52-4eeb-8bee-5d2b24d03e60
school_holiday,DE,Germany,Autumn Holidays,2025-10-20,2025-10-24,False,,DE-MV,DE-MV-ABS,,559ea68e-e562-4b71-b177-fd2884f06441
school_holiday,DE,Germany,Autumn Holidays,2025-10-20,2025-10-30,False,,DE-SH,,,613a52df-5ad8-4179-906b-1dc3c90250b1
school_holiday,DE,Germany,Autumn Holidays,2025-10-20,2025-10-31,False,,DE-HH,,,66558e3c-97ac-4c16-86d9-89c594cd859e
school_holiday,DE,Germany,Autumn Holidays,2025-10-20,2025-10-25,False,,DE-MV,DE-MV-BBS,,9aba3b30-b3d5-4156-9964-f14b34029000
school_holiday,DE,Germany,Autumn Holidays,2025-10-27,2025-10-30,False,,DE-BW,,,d76f734e-68ca-4fc3-9609-d0e5395377f5
school_holiday,DE,Germany,Reformation Day,2025-10-31,2025-10-31,False,,DE-BW,,,2206e0e5-d37e-4bf6-891a-32fd23547c37
school_holiday,DE,Germany,Autumn Holidays,2025-11-03,2025-11-07,False,,DE-BY,,,867bf086-bdaa-4642-8fcf-4fd07f45ac08
school_holiday,DE,Germany,Additional holiday,2025-11-03,2025-11-03,False,,DE-MV,DE-MV-ABS|DE-MV-BBS,,eaa6ecbe-07f5-4d36-8e7d-b54a6fbe85f0
school_holiday,DE,Germany,Repentance Day,2025-11-19,2025-11-19,False,,DE-BY,,,cb244bdc-ddc5-48b0-a6a4-675b57facc0e
school_holiday,DE,Germany,Christmas Holidays,2025-12-17,2026-01-02,False,,DE-HH,,,a59f841b-5270-44c7-8db4-84475b3609f4
school_holiday,DE,Germany,Christmas Holidays,2025-12-19,2026-01-06,False,,DE-SH,,,2fc953e8-0194-420a-9aba-437c50faaa74
school_holiday,DE,Germany,Christmas Holidays,2025-12-20,2026-01-03,False,,DE-MV,DE-MV-ABS,,572f118a-d564-41bc-bec6-384f1f9a33b7
school_holiday,DE,Germany,Christmas Holidays,2025-12-22,2026-01-03,False,,DE-MV,DE-MV-BBS,,107026d9-da23-495b-ab86-b36580fb0d34
school_holiday,DE,Germany,Christmas Holidays,2025-12-22,2026-01-06,False,,DE-NW,,,18670b9c-54e8-422b-b8f9-a9973825e6a4
school_holiday,DE,Germany,Christmas Holidays,2025-12-22,2026-01-07,False,,DE-RP,,,4331063d-02e3-40d0-aaa6-2e0cec95dcf2
school_holiday,DE,Germany,Christmas Holidays,2025-12-22,2026-01-05,False,,DE-NI,,,511c6b06-758a-4935-9cbb-5e9fd674ce9f
school_holiday,DE,Germany,Christmas Holidays,2025-12-22,2026-01-02,False,,DE-SN,,,656fab65-59cd-46bb-a9a9-add18663cf9b
school_holiday,DE,Germany,Christmas Holidays,2025-12-22,2026-01-05,False,,DE-BW,,,6f6a93c9-4f81-4fb5-9fd3-30517413da6a
school_holiday,DE,Germany,Christmas holidays,2025-12-22,2026-01-02,False,,DE-BB,,,71438ac1-40fc-4122-a3d1-52ebb3c3483a
school_holiday,DE,Germany,Christmas holidays,2025-12-22,2026-01-02,False,,DE-BE,,,7625e071-8456-45c2-b9dd-caedc7a2216d
school_holiday,DE,Germany,Christmas Holidays,2025-12-22,2026-01-02,False,,DE-SL,,,8a986132-33cd-4982-a161-13f8bc04ffdd
school_holiday,DE,Germany,Christmas Holidays,2025-12-22,2026-01-03,False,,DE-TH,,,bbb3ae65-8f0a-40d1-babe-f9972dc323b2
school_holiday,DE,Germany,Christmas Holidays,2025-12-22,2026-01-05,False,,DE-ST,,,ce21f2fc-99ab-49ef-b98f-e18d5770b101
school_holiday,DE,Germany,Christmas Holidays,2025-12-22,2026-01-05,False,,DE-HB,,,dc202cba-62a0-47eb-88b3-c4abc4f02a65
school_holiday,DE,Germany,Christmas Holidays,2025-12-22,2026-01-10,False,,DE-HE,,,eff7cc35-540d-4b5d-9bae-7c6410aac6f1
school_holiday,DE,Germany,Christmas Holidays,2025-12-22,2026-01-05,False,,DE-BY,,,fae75443-4eb3-4720-9ba2-3dcca3553820
public_holiday,DE,Germany,New Year's Day,2026-01-01,2026-01-01,True,,,,,9ac6fd8b-aec4-41f0-916b-f03af58ecdab
public_holiday,DE,Germany,Epiphany,2026-01-06,2026-01-06,False,,DE-ST|DE-BW|DE-BY,,,7f99caaa-1eb2-4564-a6e8-13844634c929
public_holiday,DE,Germany,International Women's Day,2026-03-08,2026-03-08,False,,DE-BE|DE-MV,,,f66c8c81-2ea3-43b4-8398-f3dc4ef0f62a
public_holiday,DE,Germany,Good Friday,2026-04-03,2026-04-03,True,,,,,f80fd9dc-41b4-4203-8fea-2cf36d365fbb
public_holiday,DE,Germany,Easter Sunday,2026-04-05,2026-04-05,False,,DE-BB,,,ba2b9c3a-e65d-4570-a66e-16452dd0eaaa
public_holiday,DE,Germany,Easter Monday,2026-04-06,2026-04-06,True,,,,,8d8ad831-8d60-429f-ad46-7f842c9fe2d9
public_holiday,DE,Germany,Labour Day,2026-05-01,2026-05-01,True,,,,,6f661249-94cb-4a54-a063-20dde86ebde6
public_holiday,DE,Germany,Ascension Day,2026-05-14,2026-05-14,True,,,,,0905ed2a-46a7-4731-87e2-a8c53c42b0e2
public_holiday,DE,Germany,Pentecost Sunday,2026-05-24,2026-05-24,False,,DE-BB,,,928ff571-f39a-47a4-b646-41caabd12852
public_holiday,DE,Germany,Pentecost Monday,2026-05-25,2026-05-25,True,,,,,ce6dcd62-b512-4075-be98-73ffc3dee4db
public_holiday,DE,Germany,Corpus Christi,2026-06-04,2026-06-04,False,,DE-SL|DE-BW|DE-RP|DE-HE|DE-BY|DE-NW,,,4030dfd3-7e29-4334-b637-42a9097be309
public_holiday,DE,Germany,High Festival of Peace,2026-08-08,2026-08-08,False,,DE-BY-AU,,,bea65880-834e-4095-9ab7-07b05f2c3030
public_holiday,DE,Germany,Assumption Day,2026-08-15,2026-08-15,False,,DE-SL|DE-BY,,,31eed1b5-9a4f-4e22-8e6d-2687d42dfed7
public_holiday,DE,Germany,World Children's Day,2026-09-20,2026-09-20,False,,DE-TH,,,ef36e90a-c391-4a8f-a927-8f6517506484
public_holiday,DE,Germany,Day of German Unity,2026-10-03,2026-10-03,True,,,,,555eaa64-b8f6-44ce-850b-6af0d75555e9
public_holiday,DE,Germany,Reformation Day,2026-10-31,2026-10-31,False,,DE-ST|DE-SH|DE-NI|DE-BB|DE-SN|DE-TH|DE-HH|DE-HB|DE-MV,,,6febea3c-594a-42ff-9e77-eb5e53c4aadd
public_holiday,DE,Germany,All Saints' Day,2026-11-01,2026-11-01,False,,DE-SL|DE-BW|DE-RP|DE-BY|DE-NW,,,c359d742-f458-4962-8bf1-44e5d504f6d0
public_holiday,DE,Germany,Repentance Day,2026-11-18,2026-11-18,False,,DE-SN,,,f9f93b55-9717-4230-b0b3-7656cc63d6b9
public_holiday,DE,Germany,Christmas Day,2026-12-25,2026-12-25,True,,,,,b37c8536-925e-455c-9e61-8e2b984a74d1
public_holiday,DE,Germany,2nd Day of Christmas,2026-12-26,2026-12-26,True,,,,,fafc28cf-c8fc-4290-97b0-99904f920d4f
public_holiday,DE,Germany,New Year's Day,2027-01-01,2027-01-01,True,,,,,a9951b88-fbfa-4634-8b80-39c60abb2a0c
public_holiday,DE,Germany,Epiphany,2027-01-06,2027-01-06,False,,DE-ST|DE-BW|DE-BY,,,341c9738-8063-4e1b-99d3-336174cf42de
public_holiday,DE,Germany,International Women's Day,2027-03-08,2027-03-08,False,,DE-BE|DE-MV,,,1ddfa412-ebda-4571-a6fd-aa8e2ba340d5
public_holiday,DE,Germany,Good Friday,2027-03-26,2027-03-26,True,,,,,f5967e35-9fbb-4cd9-ae3d-622f6cf90028
public_holiday,DE,Germany,Easter Sunday,2027-03-28,2027-03-28,False,,DE-BB,,,996c2e80-0d29-470d-a2dc-4ba482649afb
public_holiday,DE,Germany,Easter Monday,2027-03-29,2027-03-29,True,,,,,fcd0558e-3e01-4902-b785-d8bd45baba24
public_holiday,DE,Germany,Labour Day,2027-05-01,2027-05-01,True,,,,,5dce4648-d6e6-400a-936e-b85edbf85622
public_holiday,DE,Germany,Ascension Day,2027-05-06,2027-05-06,True,,,,,889b46cc-0934-44a1-9468-d88f880acc94
public_holiday,DE,Germany,Pentecost Sunday,2027-05-16,2027-05-16,False,,DE-BB,,,9193ed98-190c-4819-ae54-5fadd9957912
public_holiday,DE,Germany,Pentecost Monday,2027-05-17,2027-05-17,True,,,,,689daf70-cc0e-44d6-a501-8a17d4a551dc
public_holiday,DE,Germany,Corpus Christi,2027-05-27,2027-05-27,False,,DE-SL|DE-BW|DE-RP|DE-HE|DE-BY|DE-NW,,,c1b5e914-3c7d-426d-90b4-1d8a889b02a2
public_holiday,DE,Germany,High Festival of Peace,2027-08-08,2027-08-08,False,,DE-BY-AU,,,b797f7bd-cc49-423b-8835-3acf3cfb1e72
public_holiday,DE,Germany,Assumption Day,2027-08-15,2027-08-15,False,,DE-SL|DE-BY,,,5773654b-86ef-458c-8ae1-1e59aba3123b
public_holiday,DE,Germany,World Children's Day,2027-09-20,2027-09-20,False,,DE-TH,,,b126dee7-6a09-4e83-aa39-75f3d70b5eda
public_holiday,DE,Germany,Day of German Unity,2027-10-03,2027-10-03,True,,,,,3e88b5c4-993a-4bd1-9f9a-149545598bc6
public_holiday,DE,Germany,Reformation Day,2027-10-31,2027-10-31,False,,DE-ST|DE-SH|DE-NI|DE-BB|DE-SN|DE-TH|DE-HH|DE-HB|DE-MV,,,d56e42d5-08a0-471e-a3c5-ee5922a6a91c
public_holiday,DE,Germany,All Saints' Day,2027-11-01,2027-11-01,False,,DE-SL|DE-BW|DE-RP|DE-BY|DE-NW,,,506df8ed-e54d-4af6-9939-e8dca991c153
public_holiday,DE,Germany,Repentance Day,2027-11-17,2027-11-17,False,,DE-SN,,,b1fe4b1a-fbf6-4e3f-88cd-074840538ce9
public_holiday,DE,Germany,Christmas Day,2027-12-25,2027-12-25,True,,,,,ba7542be-fca8-427b-ac2d-797470860c62
public_holiday,DE,Germany,2nd Day of Christmas,2027-12-26,2027-12-26,True,,,,,ee8fc25d-db77-48d9-a74f-6374d74642fa
school_holiday,DE,Germany,Mid-Year Break,2026-01-30,2026-01-30,False,,DE-HH,,,d727d016-6332-4deb-9b9f-22eeef93012c
school_holiday,DE,Germany,Winter Holidays,2026-01-31,2026-02-06,False,,DE-ST,,,fad5cb72-c6a4-41ab-b416-bce375c2a4ce
school_holiday,DE,Germany,Mid-Year Holidays,2026-02-02,2026-02-03,False,,DE-HB,,,139ef750-1a63-43e9-844f-29de91565518
school_holiday,DE,Germany,Winter holidays,2026-02-02,2026-02-07,False,,DE-BB,,,6dc2c4a3-709f-4ef3-af9e-34030f26ab70
school_holiday,DE,Germany,Mid-Year Holidays,2026-02-02,2026-02-03,False,,DE-NI,,,84fc149f-5a2e-44f4-b01f-7ec103e93e33
school_holiday,DE,Germany,Winter holidays,2026-02-02,2026-02-07,False,,DE-BE,,,f892e4b2-b7a7-4551-9d44-0abb4956d3fb
school_holiday,DE,Germany,Winter Holidays,2026-02-09,2026-02-14,False,,DE-MV,DE-MV-BBS,,369ed87b-71e3-4c4a-8fa7-3289e24f87a9
school_holiday,DE,Germany,Winter Holidays,2026-02-09,2026-02-20,False,,DE-MV,DE-MV-ABS,,60a7807f-9463-4c71-bcac-1eec6918918e
school_holiday,DE,Germany,Winter Holidays,2026-02-09,2026-02-21,False,,DE-SN,,,803dd1a4-b987-4086-999d-5ed428554284
school_holiday,DE,Germany,Spring Holidays,2026-02-16,2026-02-20,False,,DE-BY,,,0cde7e09-1d34-43b3-95df-69cc27471f62
school_holiday,DE,Germany,Carnival Holidays,2026-02-16,2026-02-20,False,,DE-SL,,,366278de-9837-42cd-b2e7-2cf6c29352bb
school_holiday,DE,Germany,Winter Holidays,2026-02-16,2026-02-21,False,,DE-TH,,,d0e6a7b5-039c-4969-b34b-c9c81cf43af5
school_holiday,DE,Germany,Spring Holidays,2026-03-02,2026-03-13,False,,DE-HH,,,ff13281f-c725-4e2d-8a9f-49a7b6c71929
school_holiday,DE,Germany,Easter Holidays,2026-03-23,2026-04-07,False,,DE-NI,,,3df2322a-8fbd-49bb-a390-a41451dddc33
school_holiday,DE,Germany,Easter Holidays,2026-03-23,2026-04-07,False,,DE-HB,,,4bd18e30-2d33-4409-b3cb-f0dfbc486dc5
school_holiday,DE,Germany,Easter Holidays,2026-03-26,2026-04-10,False,,DE-SH,,,6c743d0a-dc28-4cc7-9ff6-296839145178
school_holiday,DE,Germany,Easter Holidays,2026-03-30,2026-04-10,False,,DE-BY,,,4000e69a-d391-412c-b0df-72dc3b72f12d
school_holiday,DE,Germany,Easter Holidays,2026-03-30,2026-04-08,False,,DE-MV,DE-MV-ABS,,a7f8913a-5455-4683-a61b-73a59bda0af9
school_holiday,DE,Germany,Easter holidays,2026-03-30,2026-04-10,False,,DE-BE,,,af270df7-839c-46b2-b771-29eb74774300
school_holiday,DE,Germany,Easter Holidays,2026-03-30,2026-04-10,False,,DE-MV,DE-MV-BBS,,b9e54171-09c0-498a-b47f-bdcaf2ed57fb
school_holiday,DE,Germany,Easter Holidays,2026-03-30,2026-04-04,False,,DE-ST,,,ca1e92cf-dcdc-478f-845a-61d86862fad5
school_holiday,DE,Germany,Easter Holidays,2026-03-30,2026-04-11,False,,DE-NW,,,d94a97e5-9f96-451a-82f8-9ebb77887db8
school_holiday,DE,Germany,Easter Holidays,2026-03-30,2026-04-11,False,,DE-BW,,,e16abd5a-58c9-4641-8b58-f7d9f5b85863
school_holiday,DE,Germany,Easter Holidays,2026-03-30,2026-04-10,False,,DE-HE,,,e30bc500-8927-4523-baae-02bf00e56ecf
school_holiday,DE,Germany,Easter holidays,2026-03-30,2026-04-10,False,,DE-BB,,,f27e854e-e9f7-48d0-ac48-7675a327f29d
school_holiday,DE,Germany,Easter Holidays,2026-03-30,2026-04-10,False,,DE-RP,,,fbf6ce5c-85cc-44ab-84ea-4fe732936dd5
school_holiday,DE,Germany,Easter Holidays,2026-04-03,2026-04-10,False,,DE-SN,,,b7b5a510-b827-415e-97aa-57c5895ce8f2
school_holiday,DE,Germany,Easter Holidays,2026-04-07,2026-04-17,False,,DE-SL,,,6931a493-7fbf-437d-95fa-7ad87655cf96
school_holiday,DE,Germany,Easter Holidays,2026-04-07,2026-04-17,False,,DE-TH,,,d394c68a-55d1-4e33-b695-5185e3784e19
school_holiday,DE,Germany,Pentecost Holidays,2026-05-11,2026-05-15,False,,DE-HH,,,c66cd8e1-3006-4faa-acfd-2ea530c4f509
school_holiday,DE,Germany,Ascension,2026-05-15,2026-05-15,False,,DE-SH,,,0ee33968-9d63-4969-bf78-c4827e711994
school_holiday,DE,Germany,Day after Ascension,2026-05-15,2026-05-15,False,,DE-HB,,,111a9b5a-02a2-44db-b81f-47234b458bf0
school_holiday,DE,Germany,Additional holiday,2026-05-15,2026-05-15,False,,DE-MV,DE-MV-ABS|DE-MV-BBS,,38831ad3-3e34-4b28-965b-6a1af14c24f4
school_holiday,DE,Germany,Day after Ascension,2026-05-15,2026-05-15,False,,DE-NI,,,9457b164-1eab-4e97-903a-9eecc5a4e777
school_holiday,DE,Germany,Day off,2026-05-15,2026-05-15,False,,DE-SN,,,b93bd3ef-2c66-4181-96f4-ae8357c1afb3
school_holiday,DE,Germany,Day off from school,2026-05-15,2026-05-15,False,,DE-TH,,,be32afce-90f0-4fcf-9ead-2b446960bfa7
school_holiday,DE,Germany,Day off,2026-05-15,2026-05-15,False,,DE-BE,,,d245729d-4b1d-49b9-a1ff-111232f40665
school_holiday,DE,Germany,Variable holiday,2026-05-15,2026-05-15,False,,DE-BB,,,e9825bee-4d0b-41a5-8e61-36b01fb2c635
school_holiday,DE,Germany,Pentecost Holidays,2026-05-22,2026-05-26,False,,DE-MV,DE-MV-ABS,,b45aa5f5-22ee-4507-a0f2-79eb2dc85859
school_holiday,DE,Germany,Pentecost Holiday,2026-05-26,2026-05-26,False,,DE-NI,,,151fd363-157b-4ecd-ac18-79c815cce3af
school_holiday,DE,Germany,Pentecost Holidays,2026-05-26,2026-06-05,False,,DE-BY,,,1e06a1e6-bf8a-414c-aa04-8da95b84fb02
school_holiday,DE,Germany,Pentecost holiday,2026-05-26,2026-05-26,False,,DE-BB,,,5543e812-5959-4533-b493-138952caceee
school_holiday,DE,Germany,Pentecost Holidays,2026-05-26,2026-06-05,False,,DE-BW,,,824994f9-be7c-4156-91f9-31fedde4f609
school_holiday,DE,Germany,Pentecost Holiday,2026-05-26,2026-05-26,False,,DE-HB,,,83b0ac41-794c-445d-bf0a-2660f4322fa0
school_holiday,DE,Germany,Pentecost Holidays,2026-05-26,2026-05-26,False,,DE-NW,,,c775a6dd-cb27-45ae-ad38-60d8929bd6be
school_holiday,DE,Germany,Pentecost holiday,2026-05-26,2026-05-26,False,,DE-BE,,,e60483a3-8323-4e98-8b8b-da6c8c92b23b
school_holiday,DE,Germany,Pentecost Holidays,2026-05-26,2026-05-29,False,,DE-ST,,,fdec926f-af46-432b-8868-da95e85d7b38
school_holiday,DE,Germany,Summer Holidays,2026-06-29,2026-08-07,False,,DE-SL,,,61351570-1e0c-4089-8531-94cf0b74fb5b
school_holiday,DE,Germany,Summer Holidays,2026-06-29,2026-08-07,False,,DE-HE,,,9307e97f-918a-4705-a520-dcecaa0cde88
school_holiday,DE,Germany,Summer Holidays,2026-06-29,2026-08-07,False,,DE-RP,,,b6d282e6-1b7f-48d3-9a29-3ae41511e84f
school_holiday,DE,Germany,Summer Holidays,2026-07-02,2026-08-12,False,,DE-NI,,,33549564-dce8-4d67-8fb7-722140ebd17e
school_holiday,DE,Germany,Summer Holidays,2026-07-02,2026-08-12,False,,DE-HB,,,59bae2a8-0dd8-444e-9a7e-5cd359f8deb5
school_holiday,DE,Germany,Summer Holidays,2026-07-04,2026-08-14,False,,DE-TH,,,5fec2836-3d12-4a43-987e-1ed22ce986a5
school_holiday,DE,Germany,Summer Holidays,2026-07-04,2026-08-15,False,,DE-SH,,,7dcb7a13-cb0f-4661-a283-495acbc3ed82
school_holiday,DE,Germany,Summer Holidays,2026-07-04,2026-08-14,False,,DE-ST,,,9a3dfdf8-3433-4dd5-a03f-52e93428a8b8
school_holiday,DE,Germany,Summer Holidays,2026-07-04,2026-08-14,False,,DE-SN,,,a3cadab5-3f43-4c2c-8c18-21cbf2180ebb
school_holiday,DE,Germany,Summer Holidays,2026-07-04,2026-08-08,False,,DE-SH,,"[{'language': 'EN', 'text': 'Islands Sylt, Föhr, Amrum, Helgoland and the Halligen'}]",fdd6cbef-1e9f-4897-831d-8fdb276c4797
school_holiday,DE,Germany,Summer holidays,2026-07-09,2026-08-22,False,,DE-BE,,,2086af10-7357-4c2b-bcf9-9a82c7522642
school_holiday,DE,Germany,Summer holidays,2026-07-09,2026-08-22,False,,DE-BB,,,328c986c-a822-41e1-9eb1-6f6c9d0a2504
school_holiday,DE,Germany,Summer Holidays,2026-07-09,2026-08-19,False,,DE-HH,,,41e8dc5c-a277-4ede-8c5c-22d83b5a07fd
school_holiday,DE,Germany,Summer Holidays,2026-07-13,2026-08-29,False,,DE-MV,DE-MV-BBS,,285fa244-c5f3-4051-884f-521250b757be
school_holiday,DE,Germany,Summer Holidays,2026-07-13,2026-08-22,False,,DE-MV,DE-MV-ABS,,d21b921b-089f-4b70-ad91-4b874f937db4
school_holiday,DE,Germany,Summer Holidays,2026-07-20,2026-09-01,False,,DE-NW,,,b698a2eb-afcf-4d85-baca-f8dd4592da2c
school_holiday,DE,Germany,Summer Holidays,2026-07-30,2026-09-12,False,,DE-BW,,,6d6be3d1-8372-48b9-a481-3459b7f38628
school_holiday,DE,Germany,Summer Holidays,2026-08-03,2026-09-14,False,,DE-BY,,,7451c518-92c2-4d26-9381-6d5745865a54
school_holiday,DE,Germany,Autumn Holidays,2026-10-05,2026-10-17,False,,DE-HE,,,877d1257-6502-49ad-a495-7ae2c919ba79
school_holiday,DE,Germany,Autumn Holidays,2026-10-05,2026-10-24,False,,DE-SH,,"[{'language': 'EN', 'text': 'Islands Sylt, Föhr, Amrum, Helgoland and the Halligen'}]",e3d21746-7a9c-4ae6-93c1-2f20aa59e25f
school_holiday,DE,Germany,Autumn Holidays,2026-10-05,2026-10-16,False,,DE-RP,,,ef3eb812-9222-4008-8aff-4b9d9c0deb77
school_holiday,DE,Germany,Autumn Holidays,2026-10-05,2026-10-16,False,,DE-SL,,,fc737103-609f-4764-af68-d93cfefe3ac8
school_holiday,DE,Germany,Autumn Holidays,2026-10-12,2026-10-24,False,,DE-SN,,,54724cdc-13ac-4164-8103-34c2c2ccb5cc
school_holiday,DE,Germany,Autumn Holidays,2026-10-12,2026-10-24,False,,DE-SH,,,84a4da5f-d71a-4fa2-9333-625b6fd50300
school_holiday,DE,Germany,Autumn Holidays,2026-10-12,2026-10-24,False,,DE-NI,,,a6dee455-36a5-4052-95cc-9718def865a4
school_holiday,DE,Germany,Autumn Holidays,2026-10-12,2026-10-24,False,,DE-TH,,,dd933683-1b2b-49e6-9933-4b565cef0d37
school_holiday,DE,Germany,Autumn Holidays,2026-10-12,2026-10-24,False,,DE-HB,,,e2e44a25-b1b0-42f7-bead-8011c5192621
school_holiday,DE,Germany,Autumn Holidays,2026-10-15,2026-10-24,False,,DE-MV,DE-MV-ABS,,afcf89fd-5efc-458a-99fe-361fbd6e7af4
school_holiday,DE,Germany,Autumn Holidays,2026-10-17,2026-10-31,False,,DE-NW,,,8ed1f201-881e-4ea9-b7b7-5769d7bb0ec2
school_holiday,DE,Germany,Autumn holidays,2026-10-19,2026-10-31,False,,DE-BE,,,1fa16795-e96d-4215-8a8d-7632bdaa5285
school_holiday,DE,Germany,Autumn Holidays,2026-10-19,2026-10-24,False,,DE-MV,DE-MV-BBS,,2bfb99ac-3ca2-4d7f-8402-75e1f449ba0a
school_holiday,DE,Germany,Autumn holidays,2026-10-19,2026-10-30,False,,DE-BB,,,37b0ebd1-bccb-46c8-ada9-2d71899503dd
school_holiday,DE,Germany,Autumn Holidays,2026-10-19,2026-10-30,False,,DE-HH,,,e5d6d426-f4bf-4141-8cf0-9ceb75e0b8ac
school_holiday,DE,Germany,Autumn Holidays,2026-10-19,2026-10-30,False,,DE-ST,,,e6704c4f-6d59-4c8f-9118-be95ef4248ce
school_holiday,DE,Germany,Autumn Holidays,2026-10-26,2026-10-30,False,,DE-BW,,,9e0c1393-b319-4b4a-a9d6-16f18668bce4
school_holiday,DE,Germany,Reformation Day,2026-10-31,2026-10-31,False,,DE-BW,,,eed82e54-2da6-42c8-a6fc-e8a393d74f93
school_holiday,DE,Germany,Autumn Holidays,2026-11-02,2026-11-06,False,,DE-BY,,,b5045dcf-6618-41e7-b649-c3d6d135a611
school_holiday,DE,Germany,Repentance Day,2026-11-18,2026-11-18,False,,DE-BY,,,76149977-58f0-455c-b74a-89937a90c200
school_holiday,DE,Germany,Additional holiday,2026-11-26,2026-11-26,False,,DE-MV,DE-MV-ABS|DE-MV-BBS,,45efb86d-5b0b-4f35-8684-a787a04043cb
school_holiday,DE,Germany,Additional holiday,2026-11-27,2026-11-27,False,,DE-MV,DE-MV-ABS|DE-MV-BBS,,76af2a1e-ee5d-4e1e-b8e3-64034b07bc95
school_holiday,DE,Germany,Christmas Holidays,2026-12-19,2027-01-02,False,,DE-MV,DE-MV-BBS,,3025300f-9738-4eb8-942f-61874d2d4030
school_holiday,DE,Germany,Christmas Holidays,2026-12-21,2027-01-02,False,,DE-MV,DE-MV-ABS,,070bae4d-8671-4c87-8dbb-6f790aa12e4e
school_holiday,DE,Germany,Christmas Holidays,2026-12-21,2027-01-01,False,,DE-HH,,,435fe17e-e781-4107-9ea8-9b6e7c99b5ab
school_holiday,DE,Germany,Christmas Holidays,2026-12-21,2026-12-31,False,,DE-SL,,,6b2376b8-1a22-4536-9bbb-bef3b29f86e6
school_holiday,DE,Germany,Christmas Holidays,2026-12-21,2027-01-02,False,,DE-ST,,,70542eb6-3c48-4ced-ab03-62a5550e0758
school_holiday,DE,Germany,Christmas Holidays,2026-12-21,2027-01-06,False,,DE-SH,,,74875362-e705-4227-94bf-4232f6df2903
school_holiday,DE,Germany,Christmas holidays,2026-12-23,2027-01-02,False,,DE-BE,,,18964f8f-3b17-4833-b359-1ac051bf7e3d
school_holiday,DE,Germany,Christmas Holidays,2026-12-23,2027-01-12,False,,DE-HE,,,1d5756fd-509a-4218-837f-8ed39473fb1e
school_holiday,DE,Germany,Christmas holidays,2026-12-23,2027-01-02,False,,DE-BB,,,6153428a-b18e-432b-8c93-e364ac63e951
school_holiday,DE,Germany,Christmas Holidays,2026-12-23,2027-01-09,False,,DE-HB,,,84cff033-1ce3-4f96-bf50-673a403e4e36
school_holiday,DE,Germany,Christmas Holidays,2026-12-23,2027-01-02,False,,DE-SN,,,87b821ee-783e-448a-afd5-f51c0a98d179
school_holiday,DE,Germany,Christmas Holidays,2026-12-23,2027-01-08,False,,DE-RP,,,b21fe4eb-5554-4c7f-b868-5f2b66bb782b
school_holiday,DE,Germany,Christmas Holidays,2026-12-23,2027-01-09,False,,DE-BW,,,c932e26e-4148-4e1f-ab10-5abca55e6d31
school_holiday,DE,Germany,Christmas Holidays,2026-12-23,2027-01-02,False,,DE-TH,,,d143fd7f-0086-4866-b22e-870e069cf39a
school_holiday,DE,Germany,Christmas Holidays,2026-12-23,2027-01-09,False,,DE-NI,,,dff6eef5-93a1-4137-8953-2fba1dc16cf1
school_holiday,DE,Germany,Christmas Holidays,2026-12-23,2027-01-06,False,,DE-NW,,,fd4da962-219c-465e-9021-f3bcbe5ceacd
school_holiday,DE,Germany,Christmas Holidays,2026-12-24,2027-01-08,False,,DE-BY,,,c38a3f7c-04e7-4acf-ae55-1063a077bf9b
school_holiday,DE,Germany,Mid-Year Break,2027-01-29,2027-01-29,False,,DE-HH,,,92fecab9-5b32-471f-8124-8d7c923737b9
school_holiday,DE,Germany,Mid-Year Holidays,2027-02-01,2027-02-02,False,,DE-NI,,,2f5b4b35-6e1a-40e4-b038-9a0cd49f5472
school_holiday,DE,Germany,Winter holidays,2027-02-01,2027-02-06,False,,DE-BB,,,5d51abac-15ad-4acf-aa15-62e04433a864
school_holiday,DE,Germany,Winter Holidays,2027-02-01,2027-02-06,False,,DE-ST,,,7a2075c0-e809-4360-872f-418a4e0244f1
school_holiday,DE,Germany,Winter holidays,2027-02-01,2027-02-06,False,,DE-BE,,,7fe6645d-4208-4c33-a761-79b45642fa3b
school_holiday,DE,Germany,Winter Holidays,2027-02-01,2027-02-06,False,,DE-TH,,,8e8f44e0-c470-4226-84f4-70037ae8afd2
school_holiday,DE,Germany,Mid-Year Holidays,2027-02-01,2027-02-02,False,,DE-HB,,,9a960b91-b288-4918-bcbb-41c29a36c082
school_holiday,DE,Germany,Spring Holidays,2027-02-08,2027-02-12,False,,DE-BY,,,37821c22-3fa7-46f9-9cb2-9b7812ae859a
school_holiday,DE,Germany,Winter Holidays,2027-02-08,2027-02-19,False,,DE-SN,,,65bece8c-0a07-4534-a4cc-d9e47c923ed9
school_holiday,DE,Germany,Winter Holidays,2027-02-08,2027-02-13,False,,DE-MV,DE-MV-BBS,,80d1a9e2-9c3e-41b7-925f-3cdf7a3b3cc0
school_holiday,DE,Germany,Winter Holidays,2027-02-08,2027-02-19,False,,DE-MV,DE-MV-ABS,,97de5c95-2c41-4709-a8bf-bf5910ee758d
school_holiday,DE,Germany,Carnival Holidays,2027-02-08,2027-02-12,False,,DE-SL,,,9dec8fce-af89-43df-a2a2-bd5523a04d8d
school_holiday,DE,Germany,Spring Holidays,2027-03-01,2027-03-12,False,,DE-HH,,,05be1dd5-6870-41d7-8718-22532f9a297e
school_holiday,DE,Germany,Easter Holidays,2027-03-22,2027-04-02,False,,DE-HE,,,1451f667-c14e-464c-9e16-3fd1da41ae35
school_holiday,DE,Germany,Easter Holidays,2027-03-22,2027-04-02,False,,DE-MV,DE-MV-BBS,,1ac0ffdc-5f96-4bee-9253-713659fd6229
school_holiday,DE,Germany,Easter Holidays,2027-03-22,2027-04-03,False,,DE-NI,,,1d54b897-82b2-4387-ad03-0cacce0c37e4
school_holiday,DE,Germany,Easter Holidays,2027-03-22,2027-03-27,False,,DE-ST,,,24c7bb49-93ae-44c6-9ca1-f540539ff1d2
school_holiday,DE,Germany,Easter Holidays,2027-03-22,2027-04-02,False,,DE-BY,,,843e9ad1-beac-4553-ae45-32f9f41a007e
school_holiday,DE,Germany,Easter Holidays,2027-03-22,2027-04-02,False,,DE-RP,,,a83567c8-0037-462e-a0dc-6ab2670547e0
school_holiday,DE,Germany,Easter Holidays,2027-03-22,2027-04-03,False,,DE-NW,,,c9edf367-0f13-492f-bf7c-957b8209e5d4
school_holiday,DE,Germany,Easter holidays,2027-03-22,2027-04-03,False,,DE-BB,,,e593694d-933d-45af-a88e-e2e26c42d11b
school_holiday,DE,Germany,Easter holidays,2027-03-22,2027-04-02,False,,DE-BE,,,f6eabbe8-efd7-4b08-9b68-2f4e04201733
school_holiday,DE,Germany,Easter Holidays,2027-03-22,2027-04-03,False,,DE-TH,,,fcdcb494-ba46-4103-a151-577c7efa2913
school_holiday,DE,Germany,Easter Holidays,2027-03-22,2027-04-03,False,,DE-HB,,,ff4c54eb-c5cd-46f5-a6fb-f7578b1f6c0d
school_holiday,DE,Germany,Easter Holidays,2027-03-24,2027-04-02,False,,DE-MV,DE-MV-ABS,,72a82721-5402-44fb-a689-3e69c35afb8f
school_holiday,DE,Germany,Maundy Thursday,2027-03-25,2027-03-25,False,,DE-BW,,,0718df2d-4ebf-402a-8630-0f51769fbf8d
school_holiday,DE,Germany,Easter Holidays,2027-03-26,2027-04-02,False,,DE-SN,,,1119743d-5100-46d5-a1cf-dbcb40187314
school_holiday,DE,Germany,Easter Holidays,2027-03-30,2027-04-03,False,,DE-BW,,,4149abc6-0ba0-4369-9fe8-41f18c875a8f
school_holiday,DE,Germany,Easter Holidays,2027-03-30,2027-04-10,False,,DE-SH,,,61a1f854-0863-47fe-a21d-25f12a4edec2
school_holiday,DE,Germany,Easter Holidays,2027-03-30,2027-04-09,False,,DE-SL,,,bad2916d-4472-4804-b571-d0eaa26e1410
school_holiday,DE,Germany,Day off from school,2027-05-07,2027-05-07,False,,DE-TH,,,1cd32e62-e14b-45ca-b80a-aa344483b7f6
school_holiday,DE,Germany,Day off,2027-05-07,2027-05-07,False,,DE-SN,,,1f35829b-8fb3-4470-acb6-80556817a12b
school_holiday,DE,Germany,Day after Ascension,2027-05-07,2027-05-07,False,,DE-NI,,,20f944cd-8f4d-43a7-8021-a7e0551fa594
school_holiday,DE,Germany,Additional holiday,2027-05-07,2027-05-07,False,,DE-MV,DE-MV-BBS,,25993d31-fe48-4f71-ad7a-f7b536224646
school_holiday,DE,Germany,Ascension,2027-05-07,2027-05-07,False,,DE-SH,,,5c72cce9-3058-4f4e-9bef-82cd4c1eca9e
school_holiday,DE,Germany,Variable holiday,2027-05-07,2027-05-07,False,,DE-BB,,,727feeb6-51c7-432d-b190-ecad61f85b52
school_holiday,DE,Germany,Day after Ascension,2027-05-07,2027-05-07,False,,DE-HB,,,b3b1f9b4-2fe2-46b9-a10d-09ca2eae361a
school_holiday,DE,Germany,Day off,2027-05-07,2027-05-07,False,,DE-BE,,,d79c9878-f98f-46fe-86b4-48ee7b662c12
school_holiday,DE,Germany,Additional holiday,2027-05-07,2027-05-07,False,,DE-MV,DE-MV-ABS,,f067c14f-cc84-4406-9ef5-57f6492ed058
school_holiday,DE,Germany,Pentecost Holidays,2027-05-07,2027-05-14,False,,DE-HH,,,f19144e6-fdc5-4025-b5f7-54bbf6954716
school_holiday,DE,Germany,Pentecost Holidays,2027-05-14,2027-05-18,False,,DE-MV,DE-MV-ABS,,7290bcd1-e9cb-4c73-8fe2-58e6069872d4
school_holiday,DE,Germany,Pentecost Holidays,2027-05-15,2027-05-22,False,,DE-ST,,,d87f9ad8-7ccf-4dc5-947f-10a0ae34845e
school_holiday,DE,Germany,Pentecost Holidays,2027-05-15,2027-05-18,False,,DE-SN,,,dd4d6a86-a607-4994-a7cd-cbe4cda51cfd
school_holiday,DE,Germany,Pentecost Holidays,2027-05-18,2027-05-29,False,,DE-BW,,,13c46001-2472-4408-90be-8a02fe67126b
school_holiday,DE,Germany,Pentecost Holidays,2027-05-18,2027-05-28,False,,DE-BY,,,1e397cac-c9a1-427b-b60d-89be682c8ab4
school_holiday,DE,Germany,Pentecost holidays,2027-05-18,2027-05-19,False,,DE-BE,,,28bd66fc-2b82-49c0-b282-081c92042426
school_holiday,DE,Germany,Pentecost Holiday,2027-05-18,2027-05-18,False,,DE-NI,,,8eb4cf06-1d5a-49e3-8783-252639e216d2
school_holiday,DE,Germany,Pentecost holiday,2027-05-18,2027-05-18,False,,DE-BB,,,ae46ee2e-8e62-4819-8572-8a130b82655a
school_holiday,DE,Germany,Pentecost Holiday,2027-05-18,2027-05-18,False,,DE-HB,,,ca329531-997a-4d93-954e-21291ad769d9
school_holiday,DE,Germany,Pentecost Holidays,2027-05-18,2027-05-18,False,,DE-NW,,,f2c11b87-a3e1-4fcc-8723-f89ebcda80ec
school_holiday,DE,Germany,Summer Holidays,2027-06-28,2027-08-06,False,,DE-SL,,,28853d48-8668-45d1-87d0-36b798fdf226
school_holiday,DE,Germany,Summer Holidays,2027-06-28,2027-08-06,False,,DE-RP,,,69e770e6-6996-4b31-93c1-0a0bba2393da
school_holiday,DE,Germany,Summer Holidays,2027-06-28,2027-08-06,False,,DE-HE,,,f0d2b3a4-4a6c-40e4-b4c4-a48ed67f63c6
school_holiday,DE,Germany,Summer Holidays,2027-07-01,2027-08-11,False,,DE-HH,,,2d636ff5-5761-46dd-ad90-ff0b59f9c135
school_holiday,DE,Germany,Summer holidays,2027-07-01,2027-08-14,False,,DE-BE,,,5e52b846-36bd-4251-97f6-eb77d05415a1
school_holiday,DE,Germany,Summer holidays,2027-07-01,2027-08-14,False,,DE-BB,,,f6bebb43-9c82-461c-a570-6901b4a27e2c
school_holiday,DE,Germany,Summer Holidays,2027-07-03,2027-08-14,False,,DE-SH,,,4743f7af-800d-4d0b-afb2-2e07fa82d13b
school_holiday,DE,Germany,Summer Holidays,2027-07-03,2027-08-07,False,,DE-SH,,"[{'language': 'EN', 'text': 'Islands Sylt, Föhr, Amrum, Helgoland and the Halligen'}]",9aa4c32e-e8f8-4a8e-80ea-5b83bda3b448
school_holiday,DE,Germany,Summer Holidays,2027-07-05,2027-08-14,False,,DE-MV,DE-MV-ABS,,e6959de8-eb3f-4b03-a040-1fe9fde9505e
school_holiday,DE,Germany,Summer Holidays,2027-07-08,2027-08-18,False,,DE-HB,,,092b89ea-674f-4c5c-b83d-d2ebbe899555
school_holiday,DE,Germany,Summer Holidays,2027-07-08,2027-08-18,False,,DE-NI,,,4825be2e-7c32-4ed5-a5bd-03783dff602b
school_holiday,DE,Germany,Summer Holidays,2027-07-10,2027-08-20,False,,DE-ST,,,1dca8195-4cbd-4bb6-9b09-11ac535b5178
school_holiday,DE,Germany,Summer Holidays,2027-07-10,2027-08-20,False,,DE-TH,,,a4c356dd-ebbe-48c2-be43-99c574a0661a
school_holiday,DE,Germany,Summer Holidays,2027-07-10,2027-08-20,False,,DE-SN,,,b6b0be6c-d758-4e79-a354-814359736b2e
school_holiday,DE,Germany,Summer Holidays,2027-07-12,2027-08-28,False,,DE-MV,DE-MV-BBS,,627b53fd-8a65-4a5a-b918-ae19d28ecdac
school_holiday,DE,Germany,Summer Holidays,2027-07-19,2027-08-31,False,,DE-NW,,,1da9b5c8-3b0d-4510-a727-f44689e3f881
school_holiday,DE,Germany,Summer Holidays,2027-07-29,2027-09-11,False,,DE-BW,,,22e581f8-839a-45d9-80b0-66e0b6ef4f36
school_holiday,DE,Germany,Summer Holidays,2027-08-02,2027-09-13,False,,DE-BY,,,f89e2b94-62aa-4a95-98be-972bc1144988
school_holiday,DE,Germany,Autumn Holidays,2027-10-04,2027-10-15,False,,DE-RP,,,068b67a3-09ab-49ee-9a3e-47e549bf2027
school_holiday,DE,Germany,Autumn Holidays,2027-10-04,2027-10-15,False,,DE-SL,,,2a463c28-62df-447d-bbf4-00006baa6816
school_holiday,DE,Germany,Autumn Holidays,2027-10-04,2027-10-23,False,,DE-SH,,"[{'language': 'EN', 'text': 'Islands Sylt, Föhr, Amrum, Helgoland and the Halligen'}]",4e2c2a5c-4a71-4c3e-98cb-1eb269431519
school_holiday,DE,Germany,Autumn Holidays,2027-10-04,2027-10-16,False,,DE-HE,,,f845c062-d10d-4c44-8490-63b45d884067
school_holiday,DE,Germany,Autumn Holidays,2027-10-09,2027-10-23,False,,DE-TH,,,9796a9fe-d8b1-4501-ac41-3a88655f61be
school_holiday,DE,Germany,Autumn Holidays,2027-10-11,2027-10-23,False,,DE-SH,,,377af68e-2c15-458a-ac42-bdc8354ac6dd
school_holiday,DE,Germany,Autumn holidays,2027-10-11,2027-10-23,False,,DE-BB,,,44177709-678f-4f18-819c-e2ba4f0d7b3e
school_holiday,DE,Germany,Autumn holidays,2027-10-11,2027-10-23,False,,DE-BE,,,a570b0d7-8f03-42b9-a735-a7c9b0436f10
school_holiday,DE,Germany,Autumn Holidays,2027-10-11,2027-10-22,False,,DE-HH,,,afa96b6e-76f8-4c87-8ae6-1c256598169b
school_holiday,DE,Germany,Autumn Holidays,2027-10-11,2027-10-23,False,,DE-SN,,,c776bb1d-fe8a-4d14-bce4-32fe815dbad3
school_holiday,DE,Germany,Autumn Holidays,2027-10-14,2027-10-23,False,,DE-MV,DE-MV-ABS,,c0603985-81a2-43c8-a714-25b65f40c21b
school_holiday,DE,Germany,Autumn Holidays,2027-10-16,2027-10-23,False,,DE-MV,DE-MV-BBS,,737ade84-4c91-4ac0-a403-141007e2dcff
school_holiday,DE,Germany,Autumn Holidays,2027-10-16,2027-10-30,False,,DE-NI,,,e276894e-12ae-4e83-8cb1-bcdeeb89c154
school_holiday,DE,Germany,Autumn Holidays,2027-10-18,2027-10-30,False,,DE-HB,,,190626c3-9310-4750-9da4-7fe2d2a2e58e
school_holiday,DE,Germany,Autumn Holidays,2027-10-18,2027-10-23,False,,DE-ST,,,c97cc68b-76ab-460e-85c2-0bab98001724
school_holiday,DE,Germany,Autumn Holidays,2027-10-23,2027-11-06,False,,DE-NW,,,809c776a-9f12-40b0-adb0-cecc86f67dc4
school_holiday,DE,Germany,Autumn Holidays,2027-11-02,2027-11-05,False,,DE-BY,,,b64a2f1e-2886-4510-9c14-0d5ba6fa91b5
school_holiday,DE,Germany,Autumn Holidays,2027-11-02,2027-11-06,False,,DE-BW,,,fe76b822-ab95-45ea-859c-fe356b255618
school_holiday,DE,Germany,Repentance Day,2027-11-17,2027-11-17,False,,DE-BY,,,99499e30-3ed5-4f69-a7cb-139b7c3fbc66
school_holiday,DE,Germany,Additional holiday,2027-11-25,2027-11-25,False,,DE-MV,DE-MV-ABS|DE-MV-BBS,,19332be1-0020-4e23-95de-27b1b8b849db
school_holiday,DE,Germany,Additional holiday,2027-11-26,2027-11-26,False,,DE-MV,DE-MV-ABS|DE-MV-BBS,,bd056361-d360-44d7-8240-2492920b414d
school_holiday,DE,Germany,Christmas Holidays,2027-12-20,2027-12-31,False,,DE-ST,,,0722e2b6-693e-457a-a69d-f1907698d662
school_holiday,DE,Germany,Christmas Holidays,2027-12-20,2027-12-31,False,,DE-HH,,,c39b1189-c24b-44e3-8a86-33ab1e857b85
school_holiday,DE,Germany,Christmas Holidays,2027-12-20,2027-12-31,False,,DE-SL,,,f320fbb4-3ac6-42c6-af3f-845aea913838
school_holiday,DE,Germany,Christmas Holidays,2027-12-22,2028-01-04,False,,DE-MV,DE-MV-ABS,,42a05609-93b0-4398-90e1-b36f3cc4cb0a
school_holiday,DE,Germany,Christmas Holidays,2027-12-22,2027-12-31,False,,DE-MV,DE-MV-BBS,,8cbf47d4-941a-4c82-9092-5c336d34bc10
school_holiday,DE,Germany,Christmas holidays,2027-12-22,2027-12-31,False,,DE-BE,,,ce4fd324-e06b-4071-ba48-575f2e62449c
school_holiday,DE,Germany,Christmas holidays,2027-12-23,2027-12-31,False,,DE-BB,,,401c43d7-3993-409c-9b2d-76ca4e6b0244
school_holiday,DE,Germany,Christmas Holidays,2027-12-23,2027-12-31,False,,DE-TH,,,50fb61a8-4b54-4207-be23-7ba6c486ea61
school_holiday,DE,Germany,Christmas Holidays,2027-12-23,2028-01-08,False,,DE-NI,,,5e6078de-8f31-4507-b85c-1dd8127b3d96
school_holiday,DE,Germany,Christmas Holidays,2027-12-23,2028-01-01,False,,DE-SN,,,7ef5f614-a256-46d9-90b3-3ad26d07753e
school_holiday,DE,Germany,Christmas Holidays,2027-12-23,2028-01-08,False,,DE-BW,,,a5c41c27-981a-4a2a-9684-cc68a4a15d61
school_holiday,DE,Germany,Christmas Holidays,2027-12-23,2028-01-08,False,,DE-HB,,,dde3ec3f-bcb5-4e0d-a91f-a8e97af3b11c
school_holiday,DE,Germany,Christmas Holidays,2027-12-23,2028-01-08,False,,DE-SH,,,ed341123-ee3c-478a-9dea-ffbbf460b8d3
school_holiday,DE,Germany,Christmas Holidays,2027-12-23,2028-01-11,False,,DE-HE,,,ee50ffec-76cf-4bb0-be1d-6a6c90872ca8
school_holiday,DE,Germany,Christmas Holidays,2027-12-23,2028-01-07,False,,DE-RP,,,f6339c4f-5f4e-4b41-8fb3-e2d82cc4220f
school_holiday,DE,Germany,Christmas Holidays,2027-12-24,2028-01-07,False,,DE-BY,,,8cf3dcbe-51c1-4125-a453-3e57e767f277
school_holiday,DE,Germany,Christmas Holidays,2027-12-24,2028-01-08,False,,DE-NW,,,e1e07268-02c8-4cde-99a3-2847c1350be2
public_holiday,EE,Estonia,New Year's Day,2023-01-01,2023-01-01,True,,,,,79adb5c5-789d-4133-abb7-fa5f1c74c1da
public_holiday,EE,Estonia,Independence Day,2023-02-24,2023-02-24,True,,,,,bde6fe0d-348e-45f2-8d28-99bb19ecbcca
public_holiday,EE,Estonia,Good Friday,2023-04-07,2023-04-07,True,,,,,85e54f3b-a5c3-439e-b847-b732c5893904
public_holiday,EE,Estonia,Easter Sunday,2023-04-09,2023-04-09,True,,,,,643668b1-0bc3-44ec-a664-d28ffa467043
public_holiday,EE,Estonia,Spring Day,2023-05-01,2023-05-01,True,,,,,29ba17fa-7fa9-4cec-8abb-e1d51918dc53
public_holiday,EE,Estonia,Pentecost,2023-05-28,2023-05-28,True,,,,,3f45cce9-8476-4d94-beeb-8f85e06ffe08
public_holiday,EE,Estonia,Victory Day,2023-06-23,2023-06-23,True,,,,,2bfd383d-e42c-4100-a069-df80d210e2ef
public_holiday,EE,Estonia,Midsummer Day,2023-06-24,2023-06-24,True,,,,,9c29a8d1-ee41-4414-a811-a6d08331ee06
public_holiday,EE,Estonia,Day of Restoration of Independence,2023-08-20,2023-08-20,True,,,,,3b507a4e-ad31-408c-9d8e-13b6367f3fb7
public_holiday,EE,Estonia,Christmas Eve,2023-12-24,2023-12-24,True,,,,,86f43ca5-f992-4c3a-9c3d-9845f4ab18f6
public_holiday,EE,Estonia,Christmas Day,2023-12-25,2023-12-25,True,,,,,fd8e323c-c44f-4a3a-ae2f-081f6a5fc6a2
public_holiday,EE,Estonia,Boxing Day,2023-12-26,2023-12-26,True,,,,,eaa39ae1-cfa2-46b2-9d5b-e860831419db
public_holiday,EE,Estonia,New Year's Day,2024-01-01,2024-01-01,True,,,,,4006ff69-6b10-4587-bb15-6d2a24914706
public_holiday,EE,Estonia,Independence Day,2024-02-24,2024-02-24,True,,,,,ca6f6619-06c7-434f-ba55-25d47a524050
public_holiday,EE,Estonia,Good Friday,2024-03-29,2024-03-29,True,,,,,b9a8350d-d27d-4d9a-9e2b-7480327bfef5
public_holiday,EE,Estonia,Easter Sunday,2024-03-31,2024-03-31,True,,,,,fc3e87ba-8b6f-4238-9c8f-e003fafccc9e
public_holiday,EE,Estonia,Spring Day,2024-05-01,2024-05-01,True,,,,,6a2a5151-cb58-4071-a88c-86aa03106638
public_holiday,EE,Estonia,Pentecost,2024-05-19,2024-05-19,True,,,,,c7a6c175-966f-4f84-b96f-6f60601e61e5
public_holiday,EE,Estonia,Victory Day,2024-06-23,2024-06-23,True,,,,,1266edb0-6df4-43de-9441-034bd3d09db5
public_holiday,EE,Estonia,Midsummer Day,2024-06-24,2024-06-24,True,,,,,1dc7a03d-5091-4d65-8879-a499228a481b
public_holiday,EE,Estonia,Day of Restoration of Independence,2024-08-20,2024-08-20,True,,,,,6e259796-ef28-4b99-9a05-53967dc228b9
public_holiday,EE,Estonia,Christmas Eve,2024-12-24,2024-12-24,True,,,,,ac710877-e0d1-4514-9797-924f6bbb4c10
public_holiday,EE,Estonia,Christmas Day,2024-12-25,2024-12-25,True,,,,,40741dfa-2655-42d0-b1c9-8a7ce643f065
public_holiday,EE,Estonia,Boxing Day,2024-12-26,2024-12-26,True,,,,,ef979a23-85e2-4b69-aa45-55c48ce8c409
public_holiday,EE,Estonia,New Year's Day,2025-01-01,2025-01-01,True,,,,,27a18979-9d55-4162-8747-ca72c607b5a5
public_holiday,EE,Estonia,Independence Day,2025-02-24,2025-02-24,True,,,,,10932b70-38f4-4883-905a-3d900b3117ef
public_holiday,EE,Estonia,Good Friday,2025-04-18,2025-04-18,True,,,,,f56c3931-8905-44bc-94b1-9fe5705f034f
public_holiday,EE,Estonia,Easter Sunday,2025-04-20,2025-04-20,True,,,,,b43569c7-acb1-43e9-bf6b-5a9b9ee2979f
public_holiday,EE,Estonia,Spring Day,2025-05-01,2025-05-01,True,,,,,8519bc45-f3b5-43b1-b254-288cea2b98e9
public_holiday,EE,Estonia,Pentecost,2025-06-08,2025-06-08,True,,,,,5d37416a-f56e-4ced-839b-df389dabf620
public_holiday,EE,Estonia,Victory Day,2025-06-23,2025-06-23,True,,,,,0d2a4c65-1185-45ef-a105-9a21892d3c14
public_holiday,EE,Estonia,Midsummer Day,2025-06-24,2025-06-24,True,,,,,9f5145df-5916-46e2-9f32-2e5dbcfa6b42
public_holiday,EE,Estonia,Day of Restoration of Independence,2025-08-20,2025-08-20,True,,,,,69db8e81-891f-4085-9185-b1e6e554e5f5
public_holiday,EE,Estonia,Christmas Eve,2025-12-24,2025-12-24,True,,,,,2d3c4593-061b-4d11-8481-ba3cf9ebebdd
public_holiday,EE,Estonia,Christmas Day,2025-12-25,2025-12-25,True,,,,,699f7d98-0128-4f24-b7b5-18b8033ef804
public_holiday,EE,Estonia,Boxing Day,2025-12-26,2025-12-26,True,,,,,2f688457-7602-40aa-9601-ef0aca3271d7
school_holiday,EE,Estonia,Christmas Holidays,2022-12-22,2023-01-08,True,,,,,6d3af6b6-af4d-4a8f-9224-67aa21a3187b
school_holiday,EE,Estonia,Winter Holidays,2023-02-27,2023-03-05,True,,,,,f6eae29d-ac9d-41ba-bc55-147f27368b3f
school_holiday,EE,Estonia,Spring Holidays,2023-04-24,2023-04-30,True,,,,,ff99c749-c1d3-452e-9b69-f04070048408
school_holiday,EE,Estonia,Summer Holidays,2023-06-14,2023-08-31,True,,,,,aeb88b82-ad85-4bdb-8eda-cf94371aeebf
school_holiday,EE,Estonia,Autumn Holidays,2023-10-23,2023-10-29,True,,,,,df837942-c865-41bf-bd9c-3a2d6b225342
school_holiday,EE,Estonia,Christmas Holidays,2023-12-21,2024-01-07,True,,,,,77cb467c-6169-4854-bdab-895db02606c9
school_holiday,EE,Estonia,Winter Holidays,2024-02-26,2024-03-03,True,,,,,179f947a-a845-4ebb-9de6-8a6893caf158
school_holiday,EE,Estonia,Spring Holidays,2024-04-22,2024-04-28,True,,,,,676bacc5-414e-49a0-8631-77175e419941
school_holiday,EE,Estonia,Summer Holidays,2024-06-13,2024-08-31,True,,,,,22cc2a40-a032-42a1-b46c-1d22fe72fbad
school_holiday,EE,Estonia,Autumn Holidays,2024-10-21,2024-10-27,True,,,,,27b6d990-5410-4ec1-b2a0-544dbd1d9054
school_holiday,EE,Estonia,Christmas Holidays,2024-12-23,2025-01-05,True,,,,,80dd2a3a-50d5-4617-8910-15095acf930d
school_holiday,EE,Estonia,Winter Holidays,2025-02-24,2025-03-02,True,,,,,cfc1cd5e-0c18-4b0a-b685-2087deacbeb5
school_holiday,EE,Estonia,Spring Holidays,2025-04-14,2025-04-20,True,,,,,9152fc27-6862-48c7-80de-1e54332a0333
school_holiday,EE,Estonia,Summer Holidays,2025-06-10,2025-08-31,True,,,,,702c9038-e03a-48cf-bb85-aeacae4dfda1
school_holiday,EE,Estonia,Autumn Holidays,2025-10-20,2025-10-26,True,,,,,06a104d6-0781-4401-bde9-2083f1345fb9
school_holiday,EE,Estonia,Christmas Holidays,2025-12-22,2026-01-11,True,,,,,72b1d832-8a9f-4084-958d-4b92d0d5b4ce
public_holiday,EE,Estonia,New Year's Day,2026-01-01,2026-01-01,True,,,,,a304fcde-c79f-4d23-a537-c8f6835a41b4
public_holiday,EE,Estonia,Independence Day,2026-02-24,2026-02-24,True,,,,,a90e315c-5d34-4159-b5ae-6ce64b4a2f83
public_holiday,EE,Estonia,Good Friday,2026-04-03,2026-04-03,True,,,,,7b9bda14-64c7-49a3-b34e-459bb19be910
public_holiday,EE,Estonia,Easter Sunday,2026-04-05,2026-04-05,True,,,,,7bb41794-3df5-447e-8106-66873944c890
public_holiday,EE,Estonia,Spring Day,2026-05-01,2026-05-01,True,,,,,89c6059d-9f14-4a02-99bb-94a787def5cb
public_holiday,EE,Estonia,Pentecost,2026-05-24,2026-05-24,True,,,,,6daefd81-2946-475e-a64c-41f5a39e56e4
public_holiday,EE,Estonia,Victory Day,2026-06-23,2026-06-23,True,,,,,54adb8cf-f2ae-48d6-8567-07bd4f275af8
public_holiday,EE,Estonia,Midsummer Day,2026-06-24,2026-06-24,True,,,,,3923a635-535d-401f-8b85-3d157795024d
public_holiday,EE,Estonia,Day of Restoration of Independence,2026-08-20,2026-08-20,True,,,,,b883b862-c2fd-4570-9e63-009c15f4349f
public_holiday,EE,Estonia,Christmas Eve,2026-12-24,2026-12-24,True,,,,,74482a7c-7d4f-47ed-85ea-36e615583c4b
public_holiday,EE,Estonia,Christmas Day,2026-12-25,2026-12-25,True,,,,,b2ff764c-7bfe-43fe-ace0-172a934e0b1b
public_holiday,EE,Estonia,Boxing Day,2026-12-26,2026-12-26,True,,,,,00008692-fc2e-48ac-b9cb-c5aea8be6bf3
public_holiday,EE,Estonia,New Year's Day,2027-01-01,2027-01-01,True,,,,,3827adf1-ae90-49ac-b7c3-2dec097d6a58
public_holiday,EE,Estonia,Independence Day,2027-02-24,2027-02-24,True,,,,,a0c479f6-df14-4ed0-86ce-693f35e86b02
public_holiday,EE,Estonia,Good Friday,2027-03-26,2027-03-26,True,,,,,24c56a5b-b481-4e0d-a1a9-0bd7ae096e2c
public_holiday,EE,Estonia,Easter Sunday,2027-03-28,2027-03-28,True,,,,,a45e6699-b604-440d-afc1-657fd88e36a4
public_holiday,EE,Estonia,Spring Day,2027-05-01,2027-05-01,True,,,,,57b0b751-9caa-4a7b-888f-e3afc32c8c66
public_holiday,EE,Estonia,Pentecost,2027-05-16,2027-05-16,True,,,,,9dc7e46b-9f22-456a-a335-5f94d81c959a
public_holiday,EE,Estonia,Victory Day,2027-06-23,2027-06-23,True,,,,,80834bd4-f2bf-4120-b290-23851baa0048
public_holiday,EE,Estonia,Midsummer Day,2027-06-24,2027-06-24,True,,,,,2dec53b7-72a6-4bbc-a5b8-731c9426a11a
public_holiday,EE,Estonia,Day of Restoration of Independence,2027-08-20,2027-08-20,True,,,,,65ccb2ac-fa25-40d1-8856-bb17c8d07f86
public_holiday,EE,Estonia,Christmas Eve,2027-12-24,2027-12-24,True,,,,,a60f27f5-77d0-40bd-9328-dbb16eb5f0ae
public_holiday,EE,Estonia,Christmas Day,2027-12-25,2027-12-25,True,,,,,85f942be-59ec-4c8f-9fd0-c102ec1cc5e5
public_holiday,EE,Estonia,Boxing Day,2027-12-26,2027-12-26,True,,,,,e037a379-f4fd-4380-8a99-687a5dd9a8ee
school_holiday,EE,Estonia,Winter Holidays,2026-02-23,2026-03-01,True,,,,,d5be9eb4-87cc-4dd7-ac33-49133850153c
school_holiday,EE,Estonia,Spring Holidays,2026-04-13,2026-04-19,True,,,,,8e17ba31-9a41-4270-8a10-591aadab7a7d
school_holiday,EE,Estonia,Summer Holidays,2026-06-17,2026-08-31,True,,,,,7d6a4dfd-b184-4586-a68f-e28f09a6167f
school_holiday,EE,Estonia,Autumn Holidays,2026-10-26,2026-11-01,True,,,,,a447cabd-21df-4351-a22a-7fd7f59eea6b
school_holiday,EE,Estonia,Christmas Holidays,2026-12-23,2027-01-10,True,,,,,f54e2857-b57b-438c-b49e-f2ca912115d2
school_holiday,EE,Estonia,Winter Holidays,2027-02-22,2027-02-28,True,,,,,11c519d5-a64c-4f7b-86c4-0bb4cd372a27
school_holiday,EE,Estonia,Spring Holidays,2027-04-12,2027-04-18,True,,,,,199e9a12-dcf5-4ad0-84b4-08ff54f0bb14
school_holiday,EE,Estonia,Summer Holidays,2027-06-14,2027-08-31,True,,,,,ec380529-8794-4fc3-9ebc-7ea661676e3b
public_holiday,ES,Spain,Monday after New Year,2023-01-01,2023-01-01,False,,ES-MC|ES-CL|ES-AR|ES-AS|ES-AN,,,c538897e-de83-4b46-a8eb-f2cd2e5ef99b
public_holiday,ES,Spain,Epiphany,2023-01-06,2023-01-06,True,,,,,3d4a3da5-8449-41c5-8ef2-bc5482f67169
public_holiday,ES,Spain,Virgen de la Candelaria,2023-02-02,2023-02-02,False,,ES-CN-SC-TE,,,4eec22dd-444e-4911-a338-bb4b08f3d9cf
public_holiday,ES,Spain,Shrove Tuesday,2023-02-21,2023-02-21,False,,ES-EX,,,effb0f21-7190-4a6a-b96f-1b31a5e54f68
public_holiday,ES,Spain,Andalusia Day,2023-02-28,2023-02-28,False,,ES-AN,,,a0d1821c-e3bb-4155-99d0-43cba00a1da3
public_holiday,ES,Spain,Regional Holiday on the Balearic Islands,2023-03-01,2023-03-01,False,,ES-IB,,,196fb287-f227-46f3-a9da-c0814896b20e
public_holiday,ES,Spain,Regional Holiday in Melilla,2023-03-13,2023-03-13,False,,ES-ML,,,f65c1a67-c4c1-49f9-a874-8a04c1aff6a7
public_holiday,ES,Spain,Monday after San José,2023-03-20,2023-03-20,False,,ES-MD,,,06487008-619e-43cf-a37e-e8f0d64f22f5
public_holiday,ES,Spain,Maundy Thursday,2023-04-06,2023-04-06,False,,ES-MC|ES-CL|ES-CB|ES-NC|ES-MD|ES-EX|ES-IB|ES-CE|ES-AR|ES-ML|ES-RI|ES-PV|ES-CN|ES-AS|ES-GA|ES-AN|ES-CM,,,620bc609-faf0-42ab-988a-7e408ddc3ba9
public_holiday,ES,Spain,Good Friday,2023-04-07,2023-04-07,True,,,,,8f47eaf5-3be2-4139-a2f2-1171c0024ebf
public_holiday,ES,Spain,Easter Monday,2023-04-10,2023-04-10,False,,ES-CB|ES-NC|ES-IB|ES-CT|ES-VC|ES-RI|ES-PV|ES-CM,,,9cfe828a-755a-4600-bf0d-e6d554a1da86
public_holiday,ES,Spain,End of Ramadan (Eid al-Fitr),2023-04-21,2023-04-21,False,,ES-ML,,,abd4dc1b-56cc-42da-9a77-e5fb69d575c8
public_holiday,ES,Spain,Monday following Aragon Day,2023-04-24,2023-04-24,False,,ES-AR,,,68814920-c1d5-4547-9d70-405974aa9de7
public_holiday,ES,Spain,Labour Day,2023-05-01,2023-05-01,True,,,,,da278ca2-3b58-47e9-b5b5-692f57e99882
public_holiday,ES,Spain,Regional Holiday in Madrid,2023-05-02,2023-05-02,False,,ES-MD,,,d16faa6d-497e-4a9b-b2e2-3e2447927f57
public_holiday,ES,Spain,Galician Letters Day,2023-05-17,2023-05-17,False,,ES-GA,,,c8e1caad-6dd3-4c1b-a7a5-2224a3e8d83f
public_holiday,ES,Spain,Regional Holiday on the Canary Islands,2023-05-30,2023-05-30,False,,ES-CN,,,bf6ac1b6-0463-4546-8eaf-e788e48c5dcb
public_holiday,ES,Spain,Regional Holiday in Castilla-La Mancha,2023-05-31,2023-05-31,False,,ES-CM,,,e242eae6-1ee7-4c99-9a85-b8e2f7e91481
public_holiday,ES,Spain,Corpus Christi,2023-06-08,2023-06-08,False,,ES-CM,,,0af13f19-3c37-4f21-8f19-695818a8ac2c
public_holiday,ES,Spain,Regional Holiday in La Rioja ,2023-06-09,2023-06-09,False,,ES-RI,,,62c93cc4-5200-48e9-bc40-c2e1d000c1c0
public_holiday,ES,Spain,Regional Holiday in Murcia,2023-06-09,2023-06-09,False,,ES-MC,,,9f1e68f0-a707-4904-a0f5-34465ddd7431
public_holiday,ES,Spain,St Anthony,2023-06-13,2023-06-13,False,,ES-CE,,,3df5b975-0cf0-46ce-92dd-4715e66425b9
public_holiday,ES,Spain,St John's Day,2023-06-24,2023-06-24,False,,ES-CT|ES-VC|ES-GA,,,2deae130-7ea7-4f98-9652-35743fd2a7a4
public_holiday,ES,Spain,Feast of Sacrifice (Eid al-Adha),2023-06-29,2023-06-29,False,,ES-CE|ES-ML,,,55615933-69f0-4ad5-9f58-1824b3a07aa2
public_holiday,ES,Spain,National Day of Galicia,2023-07-25,2023-07-25,False,,ES-GA,,,38390516-7bc1-4799-aa4f-8df8bda8e51a
public_holiday,ES,Spain,Saint James' Day,2023-07-25,2023-07-25,False,,ES-CL|ES-NC|ES-PV,,,75c99923-5a73-46c1-8353-fa879ee0a5b3
public_holiday,ES,Spain,Cantabrian Institutions Day,2023-07-28,2023-07-28,False,,ES-CB,,,d09afa10-2040-4ffd-836b-a89497bc4e30
public_holiday,ES,Spain,Nuestra Señora de Las Nieves,2023-08-05,2023-08-05,False,,ES-CN-SC-LP,,,213b39d3-3ece-4a6e-bef4-f2d5fc81299b
public_holiday,ES,Spain,Nuestra Señora de África,2023-08-05,2023-08-05,False,,ES-CE,,,882de188-1954-43ad-a46c-e69e781ee197
public_holiday,ES,Spain,Assumption of Mary,2023-08-15,2023-08-15,True,,,,,53e2b48b-f208-433e-babc-fc1077bf1071
public_holiday,ES,Spain,Regional Holiday in Ceuta,2023-09-02,2023-09-02,False,,ES-CE,,,6045d7c5-67f3-4707-906f-f1686b7f6019
public_holiday,ES,Spain,Nuestra Señora del Pino,2023-09-08,2023-09-08,False,,ES-CN-LP-GC,,,158ec7ab-e471-45a8-81e2-56b69eaf2ec4
public_holiday,ES,Spain,Regional Holiday in Extremadura,2023-09-08,2023-09-08,False,,ES-EX,,,8be4917f-932e-4718-a4a5-514186e7812a
public_holiday,ES,Spain,Asturias Day,2023-09-08,2023-09-08,False,,ES-AS,,,f5616356-58e0-4433-9b72-de3795dab8c4
public_holiday,ES,Spain,National Day of Catalonia,2023-09-11,2023-09-11,False,,ES-CT,,,5e21cb9f-da98-48d6-8966-ce5f26922244
public_holiday,ES,Spain,Regional Holiday in Cantabria,2023-09-15,2023-09-15,False,,ES-CB,,,2ad49eed-222e-4496-9ca3-a514889431c8
public_holiday,ES,Spain,Nuestra Señora de Los Volcanes,2023-09-15,2023-09-15,False,,ES-CN-LP-LA,,,411dd775-5124-4e8b-a80f-4f222240ff79
public_holiday,ES,Spain,Nuestra Señora de la Peña,2023-09-15,2023-09-15,False,,ES-CN-LP-FV,,,ae042229-5548-41c7-8502-46632d0786a0
public_holiday,ES,Spain,Nuestra Señora de Los Reyes,2023-09-25,2023-09-25,False,,ES-CN-SC-EH,,,1dc05075-f58f-42ba-9636-a93ed3fce0f2
public_holiday,ES,Spain,Nuestra Señora de Guadalupe,2023-10-09,2023-10-09,False,,ES-CN-SC-LG,,,52592ac2-2900-4d73-91e3-d5e825fc5115
public_holiday,ES,Spain,Regional Holiday in Valencia,2023-10-09,2023-10-09,False,,ES-VC,,,71359cba-06ac-4fe9-b394-38de7fa433c5
public_holiday,ES,Spain,Spanish National Day,2023-10-12,2023-10-12,True,,,,,ac97ae29-e956-45dd-9bd8-1f485e3dd7b8
public_holiday,ES,Spain,All Saints' Day,2023-11-01,2023-11-01,True,,,,,e84654e1-0092-4ca8-b91a-4b7f2e5ecf97
public_holiday,ES,Spain,San Francisco Javier,2023-12-03,2023-12-03,False,,ES-NC,,,2e25be82-c07f-43ba-84cb-f0b35cb8ed73
public_holiday,ES,Spain,Constitution Day,2023-12-06,2023-12-06,True,,,,,3cd965b0-4782-468b-a96d-db9c89ac718f
public_holiday,ES,Spain,Immaculate Conception,2023-12-08,2023-12-08,True,,,,,a23e32fe-e178-4371-8445-85f7f203c4ca
public_holiday,ES,Spain,Christmas Day,2023-12-25,2023-12-25,True,,,,,1354146b-c4d9-427f-92e6-ecd5a97e0df6
public_holiday,ES,Spain,St Stephen's Day,2023-12-26,2023-12-26,False,,ES-CT,,,ed40f96d-53ad-45ca-93b9-b571a2db9600
public_holiday,ES,Spain,New Year's Day,2024-01-01,2024-01-01,True,,,,,13c229e3-ab1d-4e3d-9f70-0ab45ac4f538
public_holiday,ES,Spain,Epiphany,2024-01-06,2024-01-06,True,,,,,3107b89a-3546-48d1-be26-5a3446bf04d2
public_holiday,ES,Spain,Virgen de la Candelaria,2024-02-02,2024-02-02,False,,ES-CN-SC-TE,,,92cbaf03-a36d-42ae-a6f1-2f6d20c96f13
public_holiday,ES,Spain,Shrove Tuesday,2024-02-13,2024-02-13,False,,ES-EX,,,6f2f7c87-aa4b-4f33-b2a5-1502f7a551ad
public_holiday,ES,Spain,Andalusia Day,2024-02-28,2024-02-28,False,,ES-AN,,,f5d15c46-fba5-4d1c-8d2a-1d60662e3d75
public_holiday,ES,Spain,Regional Holiday on the Balearic Islands,2024-03-01,2024-03-01,False,,ES-IB,,,0e639589-ffad-40ba-8f1f-421b9fa1d208
public_holiday,ES,Spain,Regional Holiday in Melilla,2024-03-13,2024-03-13,False,,ES-ML,,,b6df5707-ec2a-475b-89de-c2999f61f554
public_holiday,ES,Spain,St Joseph's Day,2024-03-19,2024-03-19,False,,ES-MC|ES-VC,,,252694b5-1901-4d53-8329-cb5c104b89b6
public_holiday,ES,Spain,Maundy Thursday,2024-03-28,2024-03-28,False,,ES-MC|ES-CL|ES-CB|ES-NC|ES-MD|ES-EX|ES-IB|ES-CE|ES-AR|ES-ML|ES-RI|ES-PV|ES-CN|ES-AS|ES-GA|ES-AN|ES-CM,,,cc08c335-e3ee-473e-8271-14c9416cb007
public_holiday,ES,Spain,Good Friday,2024-03-29,2024-03-29,True,,,,,cbd60032-6ba7-421a-b8a2-637dbc391b9a
public_holiday,ES,Spain,Easter Monday,2024-04-01,2024-04-01,False,,ES-CB|ES-NC|ES-IB|ES-CT|ES-VC|ES-RI|ES-PV|ES-CM,,,f5827e27-24c0-4dd1-a4f6-251f80376dfa
public_holiday,ES,Spain,End of Ramadan (Eid al-Fitr),2024-04-10,2024-04-10,False,,ES-CE|ES-ML,,,90a0f429-e9e6-4526-baf6-6c393aa1bbe9
public_holiday,ES,Spain,Regional Holiday in Castile and León,2024-04-23,2024-04-23,False,,ES-CL,,,7dad37eb-d24f-40be-afee-de6303e6d163
public_holiday,ES,Spain,Aragon Day,2024-04-23,2024-04-23,False,,ES-AR,,,8e1398ca-811d-4445-9a4d-0a6ee0e64508
public_holiday,ES,Spain,Labour Day,2024-05-01,2024-05-01,True,,,,,869038ca-97f9-4b7b-9dee-d312e1063687
public_holiday,ES,Spain,Regional Holiday in Madrid,2024-05-02,2024-05-02,False,,ES-MD,,,df267821-7298-4176-8f48-48c0f45c6f90
public_holiday,ES,Spain,Galician Letters Day,2024-05-17,2024-05-17,False,,ES-GA,,,870ad2c0-8e1c-44c0-ba33-9a7a0ca0d599
public_holiday,ES,Spain,Corpus Christi,2024-05-30,2024-05-30,False,,ES-CM,,,3992bb65-8307-49dd-9fc2-30707bc20ddc
public_holiday,ES,Spain,Regional Holiday on the Canary Islands,2024-05-30,2024-05-30,False,,ES-CN,,,8a8fc62f-d139-4b31-9d08-811f794544ab
public_holiday,ES,Spain,Regional Holiday in Castilla-La Mancha,2024-05-31,2024-05-31,False,,ES-CM,,,3c077bf5-798a-48f7-90a2-360b8e94c406
public_holiday,ES,Spain,Monday following Regional Holiday in La Rioja,2024-06-10,2024-06-10,False,,ES-RI,,,1b85ed44-8baa-494f-9ce4-52b9463c3e74
public_holiday,ES,Spain,St Anthony,2024-06-13,2024-06-13,False,,ES-CE,,,2fc67e4d-00f5-46d5-bbf7-d51bd45b04e1
public_holiday,ES,Spain,Feast of Sacrifice (Eid al-Adha),2024-06-17,2024-06-17,False,,ES-CE|ES-ML,,,100fd899-f986-4356-8ff3-f5452ff6ab0e
public_holiday,ES,Spain,St John's Day,2024-06-24,2024-06-24,False,,ES-CT|ES-VC|ES-GA,,,ca5a2f0e-54d7-436a-aa9c-646e941ec3f0
public_holiday,ES,Spain,Saint James' Day,2024-07-25,2024-07-25,False,,ES-CB|ES-NC|ES-MD|ES-PV,,,085073c0-7826-4636-b8a4-05e2b381eae5
public_holiday,ES,Spain,National Day of Galicia,2024-07-25,2024-07-25,False,,ES-GA,,,15519a7e-090a-4c9b-80b4-ecdd92d489b0
public_holiday,ES,Spain,Nuestra Señora de África,2024-08-05,2024-08-05,False,,ES-CE,,,95353cfa-adea-4228-947e-9a08aa4af78b
public_holiday,ES,Spain,Nuestra Señora de Las Nieves,2024-08-05,2024-08-05,False,,ES-CN-SC-LP,,,cc25a123-56e4-4897-a88c-f2417d2f2f10
public_holiday,ES,Spain,Assumption of Mary,2024-08-15,2024-08-15,True,,,,,8c7e16b2-e18c-424b-9c29-56584fd43e69
public_holiday,ES,Spain,Monday following Asturias Day,2024-09-09,2024-09-09,False,,ES-AS,,,718c2e5d-d0bb-411f-91c1-2f7f7b983735
public_holiday,ES,Spain,Nuestra Señora del Pino,2024-09-09,2024-09-09,False,,ES-CN-LP-GC,,,ca6c5460-0223-4c2a-9d0a-a1b0884da791
public_holiday,ES,Spain,National Day of Catalonia,2024-09-11,2024-09-11,False,,ES-CT,,,22ee9a86-3132-42e9-aa38-607bdc47fe47
public_holiday,ES,Spain,Nuestra Señora de Los Volcanes,2024-09-16,2024-09-16,False,,ES-CN-LP-LA,,,f3d9ec88-97ae-4b90-8857-6381f76aab07
public_holiday,ES,Spain,Regional Holiday in Meilla,2024-09-17,2024-09-17,False,,ES-ML,,,89bb5110-ff50-4ea7-b1c9-fb7710622619
public_holiday,ES,Spain,Nuestra Señora de la Peña,2024-09-20,2024-09-20,False,,ES-CN-LP-FV,,,4c17d232-a76c-4059-9219-8973ccdd9621
public_holiday,ES,Spain,Nuestra Señora de Los Reyes,2024-09-24,2024-09-24,False,,ES-CN-SC-EH,,,3a1616a7-4038-4aae-a525-837400a57177
public_holiday,ES,Spain,Nuestra Señora de Guadalupe,2024-10-07,2024-10-07,False,,ES-CN-SC-LG,,,093941f6-c6de-4579-8313-da409352ca88
public_holiday,ES,Spain,Regional Holiday in Valencia,2024-10-09,2024-10-09,False,,ES-VC,,,fafa7ea5-7d0d-4970-a83b-12713d4dcf56
public_holiday,ES,Spain,Spanish National Day,2024-10-12,2024-10-12,True,,,,,7d4fa900-fa9d-4fb9-9716-22c8ad0a89e6
public_holiday,ES,Spain,All Saints' Day,2024-11-01,2024-11-01,True,,,,,b0aaad54-ce7f-49f0-80fd-0c0493a3e634
public_holiday,ES,Spain,San Francisco Javier,2024-12-03,2024-12-03,False,,ES-NC,,,abd232b4-37b6-47dd-ae5c-24735e9fd561
public_holiday,ES,Spain,Constitution Day,2024-12-06,2024-12-06,True,,,,,b9cd3ee3-922f-4906-be2b-2b169fb40505
public_holiday,ES,Spain,Monday following Immaculate Conception,2024-12-09,2024-12-09,True,,,,,1c85718b-6be8-42c7-89aa-4d7d1bfb8249
public_holiday,ES,Spain,Christmas Day,2024-12-25,2024-12-25,True,,,,,9061745a-30c2-4203-85de-06cd9d52ce46
public_holiday,ES,Spain,St Stephen's Day,2024-12-26,2024-12-26,False,,ES-CT,,,f42611a6-eb9e-4f06-acaa-a26b3cb01001
public_holiday,ES,Spain,New Year's Day,2025-01-01,2025-01-01,True,,,,,04760478-68c3-4f27-be59-40b9732d0559
public_holiday,ES,Spain,Epiphany,2025-01-06,2025-01-06,True,,,,,bb563d1a-d7e9-4285-98d7-09d514d69df0
public_holiday,ES,Spain,Virgen de la Candelaria,2025-02-03,2025-02-03,False,,ES-CN-SC-TE,,,64744b2c-c1ec-45bc-b848-1823346492c9
public_holiday,ES,Spain,Shrove Tuesday,2025-02-13,2025-02-13,False,,ES-EX,,,091c7936-fb46-4ee9-a868-a1b895d7e8ad
public_holiday,ES,Spain,Andalusia Day,2025-02-28,2025-02-28,False,,ES-AN,,,d0185059-13fc-40a8-8214-83e0c46b9b58
public_holiday,ES,Spain,Regional Holiday on the Balearic Islands,2025-03-01,2025-03-01,False,,ES-IB,,,037b8562-6cb2-4e37-be3e-84b92703ba33
public_holiday,ES,Spain,Regional Holiday in Melilla,2025-03-13,2025-03-13,False,,ES-ML,,,b7e83486-b349-4225-96c2-c1995fffe65e
public_holiday,ES,Spain,St Joseph's Day,2025-03-19,2025-03-19,False,,ES-MC|ES-VC,,,2a62329a-7ab8-4746-b7a8-c5e7057f07fe
public_holiday,ES,Spain,End of Ramadan (Eid al-Fitr),2025-03-31,2025-03-31,False,,ES-CE|ES-ML,,,44476fc9-620a-49c5-b926-9bcfac154a98
public_holiday,ES,Spain,Maundy Thursday,2025-04-17,2025-04-17,False,,ES-MC|ES-CL|ES-CB|ES-NC|ES-MD|ES-EX|ES-IB|ES-CE|ES-AR|ES-ML|ES-RI|ES-PV|ES-CN|ES-AS|ES-GA|ES-AN|ES-CM,,,af13b998-2a4a-48a9-8a96-8315c4ba20cd
public_holiday,ES,Spain,Good Friday,2025-04-18,2025-04-18,True,,,,,598591d6-3be0-447e-915a-ee9672e7f8bc
public_holiday,ES,Spain,Easter Monday,2025-04-21,2025-04-21,False,,ES-CB|ES-NC|ES-IB|ES-CT|ES-VC|ES-RI|ES-PV,,,115c8663-e700-4610-9248-3e0f7bfebace
public_holiday,ES,Spain,Regional Holiday in Castile and León,2025-04-23,2025-04-23,False,,ES-CL,,,9149bc22-373b-41e2-a250-54a573188a8b
public_holiday,ES,Spain,Aragon Day,2025-04-23,2025-04-23,False,,ES-AR,,,920e0716-1b91-4983-916c-3471f3a1f566
public_holiday,ES,Spain,Labour Day,2025-05-01,2025-05-01,True,,,,,d8e16b54-a9e5-417f-962f-da5d10b2c9a1
public_holiday,ES,Spain,Regional Holiday in Madrid,2025-05-02,2025-05-02,False,,ES-MD,,,ea974882-0299-4ea5-97ec-e33f6292a0b3
public_holiday,ES,Spain,Galician Letters Day,2025-05-17,2025-05-17,False,,ES-GA,,,c7c1d264-5f24-42c4-a09c-6fe05b9caac8
public_holiday,ES,Spain,Regional Holiday on the Canary Islands,2025-05-30,2025-05-30,False,,ES-CN,,,d55fcd95-149c-48a2-b779-0ee71bfab7e1
public_holiday,ES,Spain,Regional Holiday in Castilla-La Mancha,2025-05-31,2025-05-31,False,,ES-CM,,,97e08be2-01d4-45a3-aa9c-29cc73ad6538
public_holiday,ES,Spain,Feast of Sacrifice (Eid al-Adha),2025-06-06,2025-06-06,False,,ES-CE|ES-ML,,,d94dd43d-92c5-4976-97a5-d75719714aa9
public_holiday,ES,Spain,Regional Holiday in Murcia,2025-06-09,2025-06-09,False,,ES-MC,,,72da2df3-38e5-4831-aa60-1dad5ae2af32
public_holiday,ES,Spain,Regional Holiday in La Rioja ,2025-06-09,2025-06-09,False,,ES-RI,,,ef17b897-fd30-4c5e-981c-8d6c66e38101
public_holiday,ES,Spain,St Anthony,2025-06-13,2025-06-13,False,,ES-CE,,,b333ab78-fa3f-40d5-ad36-3fc9adb8708a
public_holiday,ES,Spain,Feast of Sacrifice (Eid al-Adha),2025-06-17,2025-06-17,False,,ES-CE|ES-ML,,,4e4479c3-9478-4336-be46-dfbe53dbb224
public_holiday,ES,Spain,Corpus Christi,2025-06-19,2025-06-19,False,,ES-CM,,,142da05b-db8b-472a-bb4e-57b3fe962dfa
public_holiday,ES,Spain,St John's Day,2025-06-24,2025-06-24,False,,ES-CT|ES-VC|ES-GA,,,80bc786e-fd97-473b-ae5e-8e06d503cc6c
public_holiday,ES,Spain,Nuestra Señora de Los Reyes,2025-07-05,2025-07-05,False,,ES-CN-SC-EH,,,92f55e5e-e52a-4e1e-b07d-072c20117fd1
public_holiday,ES,Spain,National Day of Galicia,2025-07-25,2025-07-25,False,,ES-GA,,,62326571-f41c-4974-9984-d518d7ab2e21
public_holiday,ES,Spain,Saint James' Day,2025-07-25,2025-07-25,False,,ES-NC|ES-MD|ES-PV,,,6e09ffa5-9647-4920-bc64-fcfdc7364192
public_holiday,ES,Spain,Cantabrian Institutions Day,2025-07-28,2025-07-28,False,,ES-CB,,,66728426-637e-46fc-a01f-55135ddeb57e
public_holiday,ES,Spain,Nuestra Señora de África,2025-08-05,2025-08-05,False,,ES-CE,,,1dd3018c-e2be-4fd4-ae45-caf6cb9456ef
public_holiday,ES,Spain,Nuestra Señora de Las Nieves,2025-08-05,2025-08-05,False,,ES-CN-SC-LP,,,a76c4f22-ac03-45e3-9055-05854c87447e
public_holiday,ES,Spain,Assumption of Mary,2025-08-15,2025-08-15,True,,,,,2357fd30-a55b-4573-b803-c4e6ded6b920
public_holiday,ES,Spain,Regional Holiday in Extremadura,2025-09-08,2025-09-08,False,,ES-EX,,,1e083435-b53d-4b82-ad7b-8e355181bee8
public_holiday,ES,Spain,Día de Ntra. Sra. Virgen de la Victoria,2025-09-08,2025-09-08,False,,ES-ML,,,770620eb-f944-4e2a-b8dd-e965e07a644c
public_holiday,ES,Spain,Nuestra Señora del Pino,2025-09-08,2025-09-08,False,,ES-CN-LP-GC,,,9741e9ff-f984-497e-963c-f7013fb357a7
public_holiday,ES,Spain,Asturias Day,2025-09-08,2025-09-08,False,,ES-AS,,,fb4dca4d-4b64-4c57-a929-689c1b363f3f
public_holiday,ES,Spain,National Day of Catalonia,2025-09-11,2025-09-11,False,,ES-CT,,,c10a3ebb-618f-4d6f-8f23-cdf595cbb1f3
public_holiday,ES,Spain,Nuestra Señora de Los Volcanes,2025-09-15,2025-09-15,False,,ES-CN-LP-LA,,,0cebf82a-e045-4030-89c8-2f509772e54a
public_holiday,ES,Spain,Regional Holiday in Cantabria,2025-09-15,2025-09-15,False,,ES-CB,,,a16ad8ab-fc51-4570-8bdd-16246a00f548
public_holiday,ES,Spain,Regional Holiday in Meilla,2025-09-17,2025-09-17,False,,ES-ML,,,3ad3c4e5-6c2f-4c44-b0a9-6d6ad034874f
public_holiday,ES,Spain,Nuestra Señora de la Peña,2025-09-19,2025-09-19,False,,ES-CN-LP-FV,,,db4ebbc7-9754-4590-b76f-77c3ba099b94
public_holiday,ES,Spain,Nuestra Señora de Guadalupe,2025-10-06,2025-10-06,False,,ES-CN-SC-LG,,,b1ce24aa-e2d0-49aa-a2b9-89185bf5fd3c
public_holiday,ES,Spain,Regional Holiday in Valencia,2025-10-09,2025-10-09,False,,ES-VC,,,b15ae718-a273-4577-b84b-042507779df6
public_holiday,ES,Spain,Spanish National Day,2025-10-12,2025-10-12,True,,,,,f3a25de3-5f9d-4178-9337-84f84a6048ed
public_holiday,ES,Spain,Monday following the Spanish National Day,2025-10-13,2025-10-13,False,,ES-AR|ES-AS|ES-AN,,,e179a546-025e-4861-b53c-81153e6a567b
public_holiday,ES,Spain,All Saints' Day,2025-11-01,2025-11-01,True,,,,,185789bd-0d89-4ff5-84e4-c9f256726feb
public_holiday,ES,Spain,San Francisco Javier,2025-12-03,2025-12-03,False,,ES-NC,,,1f2fde8f-2328-4479-9497-fa76be44aa96
public_holiday,ES,Spain,Constitution Day,2025-12-06,2025-12-06,True,,,,,a580c034-b388-4267-9566-47280dcf8f00
public_holiday,ES,Spain,Immaculate Conception,2025-12-08,2025-12-08,True,,,,,d4d7b850-a56a-4ed9-80a1-6c35e5378a8e
public_holiday,ES,Spain,Christmas Day,2025-12-25,2025-12-25,True,,,,,23a6c92d-52eb-40dd-94bd-4e9af0e6ae31
public_holiday,ES,Spain,St Stephen's Day,2025-12-26,2025-12-26,False,,ES-IB|ES-CT,,,b57cf756-3bc7-4b9b-b3a6-1057a6d3e469
school_holiday,ES,Spain,Christmas holidays,2022-12-22,2023-01-08,False,,ES-CT,,,3ea86760-1e96-49ff-9f6a-f98d31f3cfdc
school_holiday,ES,Spain,Christmas holidays,2022-12-22,2023-01-06,False,,ES-AR,,,a25b9781-47ac-4647-84de-3dbbbca328b2
school_holiday,ES,Spain,Christmas holidays,2022-12-22,2023-01-09,False,,ES-CL,,,fd378256-eedb-4f50-817a-5a54f942e225
school_holiday,ES,Spain,Christmas holidays,2022-12-23,2023-01-06,False,,ES-VC,,,12d17208-14f5-42b8-96bb-0d91d032acc5
school_holiday,ES,Spain,Christmas break,2022-12-23,2023-01-08,False,,ES-CM,,,19a0665e-5fef-48da-bf18-e279e85c085c
school_holiday,ES,Spain,No lessons,2022-12-23,2023-01-05,False,,ES-CB,,,1bb52dcf-87c7-4259-9eeb-797afe8eb0dd
school_holiday,ES,Spain,Christmas holidays,2022-12-23,2023-01-08,False,,ES-NC,,,4699cd88-008d-4be2-839a-502ed08506f9
school_holiday,ES,Spain,Christmas holidays,2022-12-23,2023-01-05,False,,ES-EX,,,58dbe4ed-261d-4206-bb0d-ca86b7ff64e5
school_holiday,ES,Spain,Christmas holidays,2022-12-23,2023-01-05,False,,ES-IB,,,750afccc-3c00-453f-badd-ba6d41c5bd91
school_holiday,ES,Spain,Christmas holidays,2022-12-23,2023-01-08,False,,ES-AN-CO,,,93a64344-e2eb-4b4d-ae96-ec1829f6ad38
school_holiday,ES,Spain,Christmas holidays,2022-12-23,2023-01-08,False,,ES-MD,,,9dab64ac-5245-4c00-9d97-6676ad40504c
school_holiday,ES,Spain,Christmas holidays,2022-12-23,2023-01-06,False,,ES-AN-SE,,,a95e800b-cf40-4754-b184-5b2fe2779923
school_holiday,ES,Spain,Christmas holidays,2022-12-23,2023-01-05,False,,ES-CE,,,ab406303-cbb9-40fd-8995-1bfce3d5e480
school_holiday,ES,Spain,Christmas holidays,2022-12-23,2023-01-06,False,,ES-GA,,,b3616461-878f-4e79-9f5d-5971a47b80b3
school_holiday,ES,Spain,Christmas holidays,2022-12-23,2023-01-08,False,,ES-AN-JA,,,cd6c7dd7-2fdc-4692-a8da-61e4afea4c30
school_holiday,ES,Spain,Christmas holidays,2022-12-23,2023-01-06,False,,ES-CN,,,e5c55034-2898-440a-bc70-07391066537a
school_holiday,ES,Spain,Christmas holidays,2022-12-23,2023-01-08,False,,ES-AN-HL,,,f10c0faf-b17b-4faf-b5fa-5dc8f2bf9bea
school_holiday,ES,Spain,Christmas holidays,2022-12-23,2023-01-05,False,,ES-ML,,,f1cf810b-0a31-4279-aea3-a93a2ba77a3c
school_holiday,ES,Spain,Christmas holidays,2022-12-24,2023-01-08,False,,ES-AN-CA,,,02680444-483c-4dab-9388-27eadfc556e5
school_holiday,ES,Spain,Christmas holidays,2022-12-24,2023-01-06,False,,ES-PV,,,3871addd-2b08-4dc8-bd85-2fc5f334c382
school_holiday,ES,Spain,Christmas holidays,2022-12-24,2023-01-08,False,,ES-AN-GR,,,3c98a74b-662a-43f1-9982-b8baafeb74df
school_holiday,ES,Spain,Christmas holidays,2022-12-24,2023-01-06,False,,ES-AN-AL,,,6e3ef2ff-a353-41c8-b135-1e87b5d5859b
school_holiday,ES,Spain,Christmas holidays,2022-12-24,2023-01-08,False,,ES-RI,,,ed1203fe-ea2e-46af-9950-bb11c3ea9e7a
school_holiday,ES,Spain,Christmas holidays,2022-12-24,2023-01-06,False,,ES-MC,,,ff5034e6-1827-412a-9000-cdec26953a21
school_holiday,ES,Spain,Christmas holidays,2022-12-24,2023-01-08,False,,ES-AN-MA,,,ffe0ee94-353b-4daf-ab63-8e5d3d7b22fd
school_holiday,ES,Spain,Christmas holidays,2022-12-27,2023-01-05,False,,ES-AS,,,62568271-6270-48e5-8e3a-5477cbf8e395
school_holiday,ES,Spain,Non-teaching day,2023-02-16,2023-02-16,False,,ES-AR-TE|ES-AR-HU,,,e73cf98f-7373-42df-9b2f-994dee2b4b1d
school_holiday,ES,Spain,Non-teaching day,2023-02-17,2023-02-17,False,,ES-AR-TE|ES-AR-HU,,,4724e4fe-cf11-4351-a5b5-4197d5245259
school_holiday,ES,Spain,Non-teaching day,2023-02-17,2023-02-17,False,,ES-AS,,,6f51f374-7a31-4cf5-8bc3-9604f66d4a19
school_holiday,ES,Spain,Non-teaching day,2023-02-17,2023-02-17,False,,ES-ML,,,80b29de2-8c08-4bd8-973b-a5522c12fcdd
school_holiday,ES,Spain,Non-teaching day,2023-02-17,2023-02-17,False,,ES-CE,,,bacf5d57-b434-43fc-b2be-65805e0a6f25
school_holiday,ES,Spain,Non-teaching day,2023-02-20,2023-02-20,False,,ES-AS,,,4110e121-6985-4627-a17d-8be3838f1d94
school_holiday,ES,Spain,Carnivals,2023-02-20,2023-02-22,False,,ES-GA,,,4ab71d42-2720-4caa-9e15-1cc3b297910a
school_holiday,ES,Spain,Carnivals,2023-02-20,2023-02-21,False,,ES-EX,,,a770af03-2ee5-46e8-93fa-26de32f72f9f
school_holiday,ES,Spain,Non-teaching days,2023-02-20,2023-02-21,False,,ES-CM,,,d51474c1-fecc-4315-bba3-afe9272f8fe8
school_holiday,ES,Spain,Carnivals,2023-02-20,2023-02-21,False,,ES-CL,,,fbe7471a-238f-415d-a5f5-a5dcb7f2f7ef
school_holiday,ES,Spain,Non-teaching day,2023-02-21,2023-02-21,False,,ES-AS,,,3c5d081c-1a74-43e0-bda9-e749b02ab8b7
school_holiday,ES,Spain,Non-teaching day,2023-02-24,2023-02-24,False,,ES-MD,,,226fd543-0d5f-4e7b-b946-e7390d5d0cb1
school_holiday,ES,Spain,Educational Community Days,2023-02-27,2023-02-27,False,,ES-AN-CO,,,311b87e4-a417-49dc-8061-eb52324a6ebe
school_holiday,ES,Spain,Educational Community Days,2023-02-27,2023-02-27,False,,ES-AN-JA,,,3ddb9794-75a3-412a-b9a5-7b142babb675
school_holiday,ES,Spain,Educational Community Days,2023-02-27,2023-02-27,False,,ES-AN-CA,,,61b23d2a-b7b9-464b-8a26-8bbb67e38f29
school_holiday,ES,Spain,White Week,2023-02-27,2023-03-03,False,,ES-AN-MA,,,6ee98adb-51f9-4264-a87b-a72b91a35e2b
school_holiday,ES,Spain,Educational Community Days,2023-02-27,2023-02-27,False,,ES-AN-GR,,,7be0edd2-310e-48a2-b4cb-39649f538365
school_holiday,ES,Spain,Educational Community Days,2023-02-27,2023-02-27,False,,ES-AN-SE,,,8f47d893-d8fe-445e-987f-84c5f3a0cdb5
school_holiday,ES,Spain,Educational Community Days,2023-02-27,2023-02-27,False,,ES-AN-AL,,,ae9e9d66-a3a1-4fa4-8222-ed8fd7c0a575
school_holiday,ES,Spain,Non-teaching day,2023-02-27,2023-02-27,False,,ES-MD,,,b8ef8f9b-7fec-4550-a717-4a616ff92723
school_holiday,ES,Spain,Educational Community Days,2023-02-27,2023-02-27,False,,ES-AN-HL,,,d9e0de03-c568-4ce3-a253-42477b79df38
school_holiday,ES,Spain,Non-teaching day,2023-02-28,2023-02-28,False,,ES-IB,,,60269a52-d274-4112-9c19-cddeacc5016b
school_holiday,ES,Spain,No lessons,2023-02-28,2023-02-28,False,,ES-CB,,,a0a7676a-3de0-4b90-8685-915fd0cb4801
school_holiday,ES,Spain,Non-teaching day,2023-03-01,2023-03-01,False,,ES-AN-AL,,,9f27218b-7b29-4615-a667-efc38443b660
school_holiday,ES,Spain,Non-teaching day,2023-03-01,2023-03-01,False,,ES-AN-GR,,,aa3146e1-987c-4bcf-8190-3e37be2606f5
school_holiday,ES,Spain,Non-teaching day,2023-03-01,2023-03-01,False,,ES-AN-CA,,,ed455668-46a1-4530-bd5e-706f9d2e706f
school_holiday,ES,Spain,Non-teaching day,2023-03-02,2023-03-02,False,,ES-AR-ZG,,,d41521dd-ded9-40b4-850c-ef0b96632ad5
school_holiday,ES,Spain,Non-teaching day,2023-03-09,2023-03-09,False,,ES-RI,,,1e0f13ab-9a38-4418-bf9f-46087ff4466f
school_holiday,ES,Spain,Educational Community Day,2023-03-10,2023-03-10,False,,ES-RI,,,babf3884-6399-48ec-b18a-b49004f53cf7
school_holiday,ES,Spain,Non-teaching days,2023-03-27,2023-03-31,False,,ES-ML,,,551759ee-9fc3-43b3-9c52-8322231f4cf3
school_holiday,ES,Spain,Non-teaching days,2023-03-27,2023-03-31,False,,ES-CE,,,bb735f7c-0ebf-4ba9-8f40-fc9d62fe9337
school_holiday,ES,Spain,Easter holidays,2023-03-29,2023-04-10,False,,ES-CL,,,83a1d112-b923-4d11-9ec5-04d9af221a9e
school_holiday,ES,Spain,Non-teaching day,2023-03-31,2023-03-31,False,,ES-MD,,,a3e2de83-1178-43b4-867d-3a456b3be125
school_holiday,ES,Spain,Easter holidays,2023-04-01,2023-04-09,False,,ES-MD,,,a474f654-d8b4-49bd-9768-79664a740611
school_holiday,ES,Spain,Easter holidays,2023-04-01,2023-04-10,False,,ES-RI,,,b875c48d-4fad-41ee-aae9-b0891e3e45ce
school_holiday,ES,Spain,Easter holidays,2023-04-02,2023-04-09,False,,ES-AN-AL,,,431a2aac-0c02-4337-ab0e-98b4fd3af8b8
school_holiday,ES,Spain,Easter holidays,2023-04-02,2023-04-09,False,,ES-AN-GR,,,8e74fd1b-bbdd-4e2b-97ad-0687e221e534
school_holiday,ES,Spain,Easter holidays,2023-04-03,2023-04-09,False,,ES-AN-CO,,,2bdc81ad-f3cc-4f6f-b994-5c120c499c8c
school_holiday,ES,Spain,Easter holidays,2023-04-03,2023-04-09,False,,ES-AN-CA,,,4fdc52a8-f2ad-42d3-bc0b-4a4d1982bd0c
school_holiday,ES,Spain,Easter holidays,2023-04-03,2023-04-09,False,,ES-AN-JA,,,53735c8f-7a19-4ef5-b3d6-62fe906f587f
school_holiday,ES,Spain,Easter break,2023-04-03,2023-04-10,False,,ES-CM,,,607cb4d5-57aa-4d8f-b849-c7418c079583
school_holiday,ES,Spain,Easter holidays,2023-04-03,2023-04-10,False,,ES-AR,,,640dd2c7-27c5-4095-aa97-2a70be9d9350
school_holiday,ES,Spain,Easter holidays,2023-04-03,2023-04-05,False,,ES-CE,,,678290c6-af37-42e0-830d-3c7dae3b3863
school_holiday,ES,Spain,Easter holidays,2023-04-03,2023-04-09,False,,ES-AN-SE,,,766af9b8-4e8b-4e2d-8dd5-d6ee6793e267
school_holiday,ES,Spain,Easter holidays,2023-04-03,2023-04-07,False,,ES-AN-MA,,,78125c53-5b2e-452d-82b7-d64e9f745b7f
school_holiday,ES,Spain,Easter holidays,2023-04-03,2023-04-10,False,,ES-GA,,,8b27c145-2ff0-4553-b38a-67e9ef89b7bb
school_holiday,ES,Spain,Easter holidays,2023-04-03,2023-04-10,False,,ES-CT,,,a4219a9c-60fe-4367-b6f0-56822720b5ae
school_holiday,ES,Spain,Easter holidays,2023-04-03,2023-04-09,False,,ES-AN-HL,,,a6ec3c47-4e7d-4781-9775-5c3728398e00
school_holiday,ES,Spain,Easter holidays,2023-04-03,2023-04-07,False,,ES-MC,,,d67af498-90c6-4402-a0d0-1de81fb9e1db
school_holiday,ES,Spain,Easter holidays,2023-04-03,2023-04-11,False,,ES-AS,,,e8f3cf17-808e-466f-a715-36ef515232ee
school_holiday,ES,Spain,Easter holidays,2023-04-03,2023-04-07,False,,ES-CN,,,eb82f14a-bc6f-47a6-8b6d-95c7d01dad78
school_holiday,ES,Spain,Easter holidays,2023-04-03,2023-04-10,False,,ES-EX,,,ee1e58dc-b5e2-420b-b11e-bbf94085df64
school_holiday,ES,Spain,Easter holidays,2023-04-03,2023-04-07,False,,ES-ML,,,f7f1e1a7-c233-4a83-9ae2-5af6eb4b9821
school_holiday,ES,Spain,Easter holidays,2023-04-06,2023-04-10,False,,ES-PV,,,2cd8731b-9ed1-4dfe-abf3-eb76646546f5
school_holiday,ES,Spain,Easter holidays,2023-04-06,2023-04-17,False,,ES-VC,,,6f5e0843-b4cb-4ed5-9971-aaa2fe9e401d
school_holiday,ES,Spain,No lessons,2023-04-06,2023-04-14,False,,ES-CB,,,93b3c6f7-c50a-4a1c-8ac6-587a22625aec
school_holiday,ES,Spain,Easter holidays,2023-04-06,2023-04-16,False,,ES-NC,,,a403f219-6a6f-4088-a450-3ba2746e22f6
school_holiday,ES,Spain,Easter holidays,2023-04-06,2023-04-14,False,,ES-IB,,,f42a0c1d-047e-4602-b5cf-a906d93d9853
school_holiday,ES,Spain,Non-teaching day,2023-04-10,2023-04-10,False,,ES-MD,,,04a7ed20-cbc2-4025-ae9a-e7e43204742c
school_holiday,ES,Spain,Non-teaching days,2023-04-20,2023-04-21,False,,ES-CE,,,9471d99b-34db-4f46-9204-afafa1cb9872
school_holiday,ES,Spain,Non-teaching day,2023-05-02,2023-05-02,False,,ES-AN-CO,,,7978f59b-f48a-4133-b010-e77b718a8082
school_holiday,ES,Spain,Non-teaching day,2023-05-02,2023-05-02,False,,ES-AN-AL,,,a19a1940-8e5d-49fb-a42a-f2c870979ec7
school_holiday,ES,Spain,Summer holidays,2023-06-21,2023-09-06,False,,ES-NC,,,7d45a455-86ba-4b97-95ff-f3dcd4588dd9
school_holiday,ES,Spain,Summer holidays,2023-06-22,2023-09-06,False,,ES-ML,,,28c1fae0-849b-4455-be11-b1090c6a81bd
school_holiday,ES,Spain,Summer holidays,2023-06-22,2023-09-10,False,,ES-VC,,,3db5cfa3-f3b8-464e-b5c4-9243eef3418d
school_holiday,ES,Spain,Summer holidays,2023-06-22,2023-09-06,False,,ES-PV,,,5012f702-ae77-4ac5-8924-af668a9cac0e
school_holiday,ES,Spain,Summer holidays,2023-06-22,2023-09-05,False,,ES-MD,,,96fa1b54-c553-4ce4-a07b-9c57e1fb18aa
school_holiday,ES,Spain,Summer holidays,2023-06-22,2023-09-10,False,,ES-GA,,,a201f98d-f1ca-4d0a-a988-faad388ed799
school_holiday,ES,Spain,Summer holidays,2023-06-23,2023-09-10,False,,ES-AN-CA,,,088c9e19-e0ba-4250-afda-b2f7e7abd5d6
school_holiday,ES,Spain,Summer holidays,2023-06-23,2023-09-05,False,,ES-CT,,,7c6e4626-79b8-42b7-bea8-84b5c2656343
school_holiday,ES,Spain,Summer holidays,2023-06-23,2023-09-10,False,,ES-AN-JA,,,ab9081e3-68c9-48b5-829d-f9bcdc81498b
school_holiday,ES,Spain,Summer holidays,2023-06-23,2023-09-10,False,,ES-EX,,,b8257ad5-f7ce-451a-b098-c04454adccdb
school_holiday,ES,Spain,Summer holidays,2023-06-23,2023-09-10,False,,ES-AN-AL,,,f0c1401a-d97d-4c26-9624-48d9ba79010f
school_holiday,ES,Spain,Summer holidays,2023-06-24,2023-09-10,False,,ES-AN-CO,,,1a7426b4-be01-4550-bae9-0e285f8e62ff
school_holiday,ES,Spain,Summer holidays,2023-06-24,2023-09-10,False,,ES-AN-GR,,,29527552-6c24-4491-8581-be4def5fedd1
school_holiday,ES,Spain,Summer holidays,2023-06-24,2023-09-06,False,,ES-CL,,,3f5a22f0-b514-4f06-bcb5-6ecdc937e37a
school_holiday,ES,Spain,Summer holidays,2023-06-24,2023-09-10,False,,ES-AN-HL,,,4866099f-9d35-4b01-8750-194d0c57ff72
school_holiday,ES,Spain,Summer holidays,2023-06-24,2023-09-10,False,,ES-CM,,,524e1488-f908-426d-a2c3-62b53b398c97
school_holiday,ES,Spain,No lessons,2023-06-24,2023-09-06,False,,ES-CB,,,6b4a61be-5d80-4373-8361-408e90cc17ec
school_holiday,ES,Spain,Summer holidays,2023-06-24,2023-09-06,False,,ES-RI,,,71feb5f8-0f21-4fc2-ae70-2ac3b406733d
school_holiday,ES,Spain,Summer holidays,2023-06-24,2023-09-06,False,,ES-AR,,,74f69b17-4730-4264-9cdb-ed7f3cec8167
school_holiday,ES,Spain,Summer holidays,2023-06-24,2023-09-10,False,,ES-AS,,,7d07ba30-8a88-42d3-845e-13de30dfe41a
school_holiday,ES,Spain,Summer holidays,2023-06-24,2023-09-06,False,,ES-MC,,,7d218e47-e094-4e6d-99fc-da7fbf8cc4bf
school_holiday,ES,Spain,Summer holidays,2023-06-24,2023-09-06,False,,ES-CE,,,87ec4f2f-0bd7-42cb-9658-5aab2d4880e4
school_holiday,ES,Spain,Summer holidays,2023-06-24,2023-09-10,False,,ES-AN-SE,,,c193d4ad-00ec-448f-ab73-80e19896fe03
school_holiday,ES,Spain,Summer holidays,2023-06-24,2023-09-10,False,,ES-CN,,,d5dce8ee-ce89-4939-a911-00e3c9eaccc9
school_holiday,ES,Spain,Summer holidays,2023-06-24,2023-09-10,False,,ES-AN-MA,,,f3d51f92-7b70-4b94-a226-39fcd4ecbd21
school_holiday,ES,Spain,Summer holidays,2023-06-24,2023-09-10,False,,ES-IB,,,f7a16190-79e9-448d-a3f2-f682f6289a71
school_holiday,ES,Spain,Valencian Community Day,2023-10-09,2023-10-09,False,,ES-EX,,,27c7d3bf-4e1a-49e9-afbd-b2aa500255c1
school_holiday,ES,Spain,Non-teaching day,2023-10-13,2023-10-13,False,,ES-CM,,,0c910da1-620f-4434-a0d2-8c07cb27dd7d
school_holiday,ES,Spain,Non-teaching day,2023-10-13,2023-10-13,False,,ES-AR,,,28b40829-ab55-4f44-b403-5afb1a067084
school_holiday,ES,Spain,Non-teaching day,2023-10-13,2023-10-13,False,,ES-MD,,,35a26cfe-c91b-4940-b1d1-9edfe95d184d
school_holiday,ES,Spain,Non-teaching day,2023-10-13,2023-10-13,False,,ES-EX,,,60022db1-f0fa-4a7e-b56c-b6a177c65efa
school_holiday,ES,Spain,Non-teaching day,2023-10-13,2023-10-13,False,,ES-RI,,,91d66fea-9276-4ba3-9b5f-5f883e1a6b16
school_holiday,ES,Spain,Non-teaching day,2023-10-13,2023-10-13,False,,ES-CE,,,a1c2c93a-0d98-46e2-9a19-821093e54585
school_holiday,ES,Spain,Non-teaching day,2023-10-13,2023-10-13,False,,ES-AN-CO,,,a72f41a5-bc8c-4cea-8915-76aba6e2cfd6
school_holiday,ES,Spain,Non-teaching day,2023-10-13,2023-10-13,False,,ES-ML,,,baa5af5b-5e46-41fe-8924-3ec76f172e0c
school_holiday,ES,Spain,Non-teaching day,2023-10-13,2023-10-13,False,,ES-CL,,,bcba844f-7115-4bda-b203-1cb561eee1c5
school_holiday,ES,Spain,Non-teaching day,2023-10-13,2023-10-13,False,,ES-AN-AL,,,ce96bf0a-a01a-41e7-826e-6f8e2cfa507f
school_holiday,ES,Spain,No lessons,2023-10-30,2023-10-31,False,,ES-CB,,,0a044129-2fc9-435b-a289-34d8156b468e
school_holiday,ES,Spain,Educational Community Days,2023-11-02,2023-11-02,False,,ES-AN-HL,,,236a9916-2c62-4fd9-acf6-77d460094d23
school_holiday,ES,Spain,No lessons,2023-11-02,2023-11-03,False,,ES-CB,,,2b1b26be-5da4-4373-8f72-a30ea3415baa
school_holiday,ES,Spain,Non-teaching day,2023-11-02,2023-11-02,False,,ES-AS,,,4389daa7-bf0a-4893-b001-b0c8167c03fc
school_holiday,ES,Spain,Non-teaching day,2023-11-03,2023-11-03,False,,ES-AS,,,85e0160b-88dd-4104-a7f0-0644c7662b6f
school_holiday,ES,Spain,Non-teaching day,2023-11-17,2023-11-17,False,,ES-CM,,,026119a0-47d0-4537-b4ed-341453387d94
school_holiday,ES,Spain,Non-teaching day,2023-11-22,2023-11-22,False,,ES-EX,,,736a01e0-a3bf-4b8f-a19f-6f2835939265
school_holiday,ES,Spain,Patronal festival of the education system,2023-11-27,2023-11-27,False,,ES-NC,,"[{'language': 'EN', 'text': 'Schools may change the date of the event to another day.'}]",3efb5917-3d5f-44c9-862d-dcbe52b2e18b
school_holiday,ES,Spain,Education Day,2023-12-07,2023-12-07,False,,ES-GA,,,030d72c5-2a36-490c-bf7a-098b29991e13
school_holiday,ES,Spain,Non-teaching day,2023-12-07,2023-12-07,False,,ES-RI,,,053055eb-ea01-41e0-b931-9ae3b1d36967
school_holiday,ES,Spain,Non-teaching day,2023-12-07,2023-12-07,False,,ES-CE,,,1c379a58-b894-4430-9338-1c1c7327fbcb
school_holiday,ES,Spain,Non-teaching day,2023-12-07,2023-12-07,False,,ES-CL,,,2e4c3d63-907d-4eb9-ad40-7d24b72fc876
school_holiday,ES,Spain,Non-teaching day,2023-12-07,2023-12-07,False,,ES-AN-AL,,,54d07bfc-b6c8-4cbb-9183-caa5482d0d2c
school_holiday,ES,Spain,Non-teaching day,2023-12-07,2023-12-07,False,,ES-AN-CO,,,626d3b30-91d4-428c-a1f2-64eb80311751
school_holiday,ES,Spain,No lessons,2023-12-07,2023-12-07,False,,ES-CB,,,6327891f-2831-49c4-bc51-531143d45ab2
school_holiday,ES,Spain,Non-teaching day,2023-12-07,2023-12-07,False,,ES-MD,,,65714dbb-9c43-496c-b51f-06037c9b7e4e
school_holiday,ES,Spain,Non-teaching day,2023-12-07,2023-12-07,False,,ES-EX,,,68d0615f-f937-4317-ab51-f57d915427a8
school_holiday,ES,Spain,Non-teaching day,2023-12-07,2023-12-07,False,,ES-CM,,,9c4c9d90-27b1-4709-bd41-2436f54c9465
school_holiday,ES,Spain,Non-teaching day,2023-12-07,2023-12-07,False,,ES-AN-GR,,,a3cd0cdf-908e-4430-aa83-18139bc12387
school_holiday,ES,Spain,Non-teaching day,2023-12-07,2023-12-07,False,,ES-AR,,,b0183814-cd3a-4efd-8573-d622a8bf1b26
school_holiday,ES,Spain,Non-teaching day,2023-12-07,2023-12-07,False,,ES-AN-JA,,,bd019738-d91d-4e5a-a363-60b9f27a7566
school_holiday,ES,Spain,Non-teaching day,2023-12-07,2023-12-07,False,,ES-AS,,,e0b9477f-2c65-41c4-bde5-386dc3f1b3c1
school_holiday,ES,Spain,Educational Community Days,2023-12-07,2023-12-07,False,,ES-AN-CA,,,e784a146-2c4a-4abb-a980-ab07988c7df5
school_holiday,ES,Spain,Non-teaching day,2023-12-07,2023-12-07,False,,ES-ML,,,ffcc2a2c-0269-401d-a806-73a449b02ba3
school_holiday,ES,Spain,Christmas holidays,2023-12-21,2024-01-07,False,,ES-CT,,,7c386251-36cd-4e67-bc6d-61846ce38017
school_holiday,ES,Spain,Christmas holidays,2023-12-22,2024-01-07,False,,ES-GA,,,137cb2ab-1ca3-45f8-947b-6230cf0e82a6
school_holiday,ES,Spain,Non-teaching day,2023-12-22,2023-12-22,False,,ES-AN-AL,,,94a7cb0d-1105-4dae-a8d3-ddc82d1c99b9
school_holiday,ES,Spain,Christmas holidays,2023-12-22,2024-01-05,False,,ES-EX,,,9553a583-3a52-4683-abc7-d664cf2875ba
school_holiday,ES,Spain,Christmas holidays,2023-12-22,2024-01-05,False,,ES-AR,,,c1fbdb39-c904-4459-a402-709ece0a1e76
school_holiday,ES,Spain,Christmas holidays,2023-12-22,2024-01-08,False,,ES-CL,,,c6753f22-689f-4ffa-8b61-f6ef8a28e5fd
school_holiday,ES,Spain,Christmas holidays,2023-12-22,2024-01-05,False,,ES-IB,,,f8b50230-087d-4b50-85af-a9026bf9d9f7
school_holiday,ES,Spain,Christmas holidays,2023-12-23,2024-01-06,False,,ES-ML,,,079f0bb2-36fc-402a-814f-ce771078daef
school_holiday,ES,Spain,Christmas holidays,2023-12-23,2024-01-07,False,,ES-PV,,,085e1948-45b8-40d7-a65c-4968c7732b36
school_holiday,ES,Spain,Christmas holidays,2023-12-23,2024-01-07,False,,ES-AN-CA,,,0df82986-af61-4c04-b17a-ef51a7e03889
school_holiday,ES,Spain,Christmas holidays,2023-12-23,2024-01-07,False,,ES-AN-HL,,,10dc3856-a2b3-4745-8005-05c23d183a97
school_holiday,ES,Spain,Christmas holidays,2023-12-23,2024-01-07,False,,ES-NC,,,50500b01-e526-4a4f-bb5c-4576ac84eee9
school_holiday,ES,Spain,Christmas holidays,2023-12-23,2024-01-07,False,,ES-AN-CO,,,5395cb45-6019-461c-a430-d2a05c919560
school_holiday,ES,Spain,Christmas holidays,2023-12-23,2024-01-07,False,,ES-VC,,,69cc0d50-8edd-48d5-873d-c38bdd0f790c
school_holiday,ES,Spain,Christmas holidays,2023-12-23,2024-01-07,False,,ES-RI,,,782e0e5f-0d4d-4de3-8e94-2130322ef7ee
school_holiday,ES,Spain,Christmas holidays,2023-12-23,2024-01-07,False,,ES-AN-AL,,,8689eb66-4cb7-4a00-9215-f7d31c557a7f
school_holiday,ES,Spain,Christmas break,2023-12-23,2024-01-07,False,,ES-CM,,,b40e95f6-0155-4704-9f14-95be64854b49
school_holiday,ES,Spain,Christmas holidays,2023-12-23,2024-01-07,False,,ES-MD,,,b9838dbf-0885-464c-89db-a899f74642c8
school_holiday,ES,Spain,Christmas holidays,2023-12-23,2024-01-07,False,,ES-AN-GR,,,eb8306c8-924b-4f50-ad66-186c208eed33
school_holiday,ES,Spain,Christmas holidays,2023-12-24,2024-01-06,False,,ES-MC,,,c5269637-1087-42f8-a4e3-360ad21a5810
school_holiday,ES,Spain,Christmas holidays,2023-12-25,2024-01-07,False,,ES-AN-JA,,,01345edc-b302-4fd4-be43-553817dff393
school_holiday,ES,Spain,Christmas holidays,2023-12-25,2024-01-07,False,,ES-AN-SE,,,0206fd20-683c-45a4-972d-b2a73f47fecb
school_holiday,ES,Spain,Christmas holidays,2023-12-25,2024-01-05,False,,ES-CE,,,5c0f621f-3ff7-46d2-b678-169ea5ed4871
school_holiday,ES,Spain,Christmas holidays,2023-12-25,2024-01-05,False,,ES-CN,,,7bbfad08-3f45-45c7-b386-8a2507af44ba
school_holiday,ES,Spain,Christmas holidays,2023-12-25,2024-01-05,False,,ES-AN-MA,,,a2373aef-8769-48fc-b904-c6bed67ba376
school_holiday,ES,Spain,Christmas holidays,2023-12-26,2024-01-05,False,,ES-AS,,,8f23dd26-17b7-4d4e-a896-7fa489f1c4ee
school_holiday,ES,Spain,No lessons,2023-12-26,2024-01-05,False,,ES-CB,,,f06f8c20-34c1-4f7d-8d0b-f3d08ecadf60
school_holiday,ES,Spain,Non-teaching day,2024-01-26,2024-01-26,False,,ES-EX,,,d610e5d2-f1c6-4478-ac93-64afad4e25be
school_holiday,ES,Spain,Carnivals,2024-02-12,2024-02-13,False,,ES-EX,,,0ed2541a-07f6-4a2a-9300-8569359df23c
school_holiday,ES,Spain,Non-teaching days,2024-02-12,2024-02-13,False,,ES-CM,,,1ddec0f9-837d-4b99-933c-3a52fedac571
school_holiday,ES,Spain,Carnivals,2024-02-12,2024-02-14,False,,ES-GA,,,48e9e78b-24b5-4578-8ca5-a7bb3fb01ced
school_holiday,ES,Spain,No lessons,2024-02-12,2024-02-16,False,,ES-CB,,,c9039ac3-47e1-450e-b12c-bed882d47374
school_holiday,ES,Spain,Carnivals,2024-02-12,2024-02-13,False,,ES-CL,,,db45d8e7-5cba-4c72-93fd-7335c02f3698
school_holiday,ES,Spain,Non-teaching day,2024-02-12,2024-02-12,False,,ES-AS,,,ef6b9531-3272-4eeb-b0eb-bab30feb9704
school_holiday,ES,Spain,Non-teaching day,2024-02-13,2024-02-13,False,,ES-AS,,,9537919c-2e09-48e7-a6ca-418dc4da1fdf
school_holiday,ES,Spain,Non-teaching days,2024-02-15,2024-02-16,False,,ES-CE,,,2b75555b-21f0-4e45-8001-307dd4255ae5
school_holiday,ES,Spain,Non-teaching day,2024-02-15,2024-02-15,False,,ES-AR-TE|ES-AR-HU,,,4f1d5546-c08a-4cf1-82c4-be14c051ce06
school_holiday,ES,Spain,Non-teaching day,2024-02-16,2024-02-16,False,,ES-AR-TE|ES-AR-HU,,,21d4dd1c-62e7-4424-a08b-55104efff4ff
school_holiday,ES,Spain,Non-teaching days,2024-02-16,2024-02-16,False,,ES-ML,,,80342388-27ef-46d3-b6c8-229251246cb6
school_holiday,ES,Spain,Educational Community Day,2024-02-17,2024-02-17,False,,ES-RI,,,f43f362a-5d71-4700-a938-3edcf8ab2c02
school_holiday,ES,Spain,Non-teaching days,2024-02-22,2024-02-23,False,,ES-MD,,,b320a818-e8df-4cb4-a4a7-b2f8e1f1a241
school_holiday,ES,Spain,White Week,2024-02-26,2024-03-01,False,,ES-AN-MA,,,793a4c2b-3ea9-4ff5-90a1-4d603f22f885
school_holiday,ES,Spain,Non-teaching day,2024-02-26,2024-02-26,False,,ES-AN-CA,,,8cefd0f2-1223-446c-8818-15ca064f7e34
school_holiday,ES,Spain,Non-teaching day,2024-02-26,2024-02-26,False,,ES-AN-CO,,,d4a8c6a5-808c-41d1-b306-c0868c8f5bd9
school_holiday,ES,Spain,Non-teaching day,2024-02-27,2024-02-27,False,,ES-AN-CA,,,2e4bc218-33cc-44b0-afbb-1bdbb0e228ca
school_holiday,ES,Spain,Educational Community Days,2024-02-27,2024-02-27,False,,ES-AN-SE,,,d3606d8d-90bd-4a56-8cde-d0dc0e5eadbc
school_holiday,ES,Spain,Educational Community Days,2024-02-27,2024-02-27,False,,ES-AN-CO,,,e2bcd7a0-c4cd-4f06-bdd4-3a46566d1c20
school_holiday,ES,Spain,Educational Community Days,2024-02-29,2024-02-29,False,,ES-AN-AL,,,381676dd-74f6-4f4d-bf0c-6479ce57a306
school_holiday,ES,Spain,Educational Community Days,2024-02-29,2024-02-29,False,,ES-AN-GR,,,44bc927e-da8a-43bf-a573-ec42cd19c428
school_holiday,ES,Spain,Non-teaching day,2024-02-29,2024-02-29,False,,ES-IB,,,698301a9-639d-4d65-8d96-868ba8703f1f
school_holiday,ES,Spain,Educational Community Days,2024-02-29,2024-02-29,False,,ES-AN-JA,,,72fe055d-8e16-4a2e-9ce2-637886e9c2e4
school_holiday,ES,Spain,Non-teaching day,2024-03-01,2024-03-01,False,,ES-AN-AL,,,0243fe0f-7feb-4d09-8147-7f4d9677a027
school_holiday,ES,Spain,Non-teaching day,2024-03-01,2024-03-01,False,,ES-AN-CO,,,3621bd96-468b-4431-85b5-e3a30703f182
school_holiday,ES,Spain,Non-teaching day,2024-03-01,2024-03-01,False,,ES-AN-GR,,,a705ebf1-5f90-41d8-9e03-f05fcc43ac0d
school_holiday,ES,Spain,Non-teaching day,2024-03-04,2024-03-04,False,,ES-AR-ZG,,,61697d4e-51f9-48c1-be08-824842fc4427
school_holiday,ES,Spain,Non-teaching days,2024-03-18,2024-03-22,False,,ES-ML,,,ec4ac56e-d1a5-4be4-bff1-224d735eee3d
school_holiday,ES,Spain,Non-teaching days,2024-03-18,2024-03-22,False,,ES-CE,,,f3990aa1-da49-47fb-9119-0b1d00c6eca1
school_holiday,ES,Spain,Non-teaching day,2024-03-22,2024-03-22,False,,ES-MD,,,5ed736c4-e315-4cb5-ba82-e85dc3f98b4d
school_holiday,ES,Spain,Easter holidays,2024-03-22,2024-04-03,False,,ES-CL,,,d4ece597-8e70-41b9-9794-310c31607604
school_holiday,ES,Spain,Easter holidays,2024-03-23,2024-03-31,False,,ES-AN-AL,,,4cbb30c1-d9b9-4406-b3bf-2aafa77ae172
school_holiday,ES,Spain,Easter holidays,2024-03-23,2024-03-31,False,,ES-AN-CO,,,5c4ce8a6-ed7c-442b-b1cd-aca6038e1368
school_holiday,ES,Spain,Easter holidays,2024-03-23,2024-03-31,False,,ES-MD,,,7d93b019-0259-44dd-829f-d2356e2cf151
school_holiday,ES,Spain,Easter holidays,2024-03-23,2024-04-01,False,,ES-CT,,,de7a4636-4b3e-41e8-841a-16e093a177c0
school_holiday,ES,Spain,Easter holidays,2024-03-25,2024-04-01,False,,ES-EX,,,0575c20d-9d29-4bae-bae0-e11ede3a315e
school_holiday,ES,Spain,Easter holidays,2024-03-25,2024-03-31,False,,ES-AN-HL,,,0cca806b-397d-4e15-b046-882cc8e418b7
school_holiday,ES,Spain,Easter holidays,2024-03-25,2024-03-31,False,,ES-AN-CA,,,0d2ed6f2-b370-4c89-95fa-5de52badc28b
school_holiday,ES,Spain,No lessons,2024-03-25,2024-03-29,False,,ES-CB,,,1deb60a0-663f-4f38-bc89-0bb459e6091e
school_holiday,ES,Spain,Easter break,2024-03-25,2024-04-01,False,,ES-CM,,,209b9147-d326-4651-a8af-1729f7eb6f54
school_holiday,ES,Spain,Easter holidays,2024-03-25,2024-04-01,False,,ES-AS,,,24cc9e9f-9091-415c-b765-5ea010737f09
school_holiday,ES,Spain,Easter holidays,2024-03-25,2024-03-29,False,,ES-AN-MA,,,4c7d89b1-0bd0-4ef1-95d2-c2ce5689d524
school_holiday,ES,Spain,Easter holidays,2024-03-25,2024-04-01,False,,ES-GA,,,76677e60-49bd-48b7-9705-41a27cc087f7
school_holiday,ES,Spain,Easter holidays,2024-03-25,2024-03-31,False,,ES-AN-GR,,,78c90910-8c05-4341-8877-876678a63524
school_holiday,ES,Spain,Easter holidays,2024-03-25,2024-03-31,False,,ES-AN-SE,,,7d4ffcae-d6d5-4712-8e2b-c97d04a92149
school_holiday,ES,Spain,Easter holidays,2024-03-25,2024-03-29,False,,ES-CN,,,979a3695-345f-4604-afbd-251129de67da
school_holiday,ES,Spain,Easter holidays,2024-03-25,2024-03-29,False,,ES-ML,,,b83fe1a4-c1f8-4074-bfb5-880e6137df1f
school_holiday,ES,Spain,Easter holidays,2024-03-25,2024-04-01,False,,ES-MC,,,c4e0dabf-a04a-41f0-9ae4-c5bb1f1c1c04
school_holiday,ES,Spain,Easter holidays,2024-03-25,2024-03-29,False,,ES-CE,,,d9668c8c-e44d-4b6b-8e1e-0ad31239678c
school_holiday,ES,Spain,Easter holidays,2024-03-25,2024-03-31,False,,ES-AN-JA,,,fbbaa288-107f-42d6-99c5-326ae1f0e149
school_holiday,ES,Spain,Easter holidays,2024-03-28,2024-04-07,False,,ES-NC,,,022c151e-b23e-4c1d-8ba5-aa1fa3d16b1d
school_holiday,ES,Spain,Easter holidays,2024-03-28,2024-04-08,False,,ES-VC,,,1aa38b49-b6db-4d4e-8942-a43e4ee1e505
school_holiday,ES,Spain,Easter holidays,2024-03-28,2024-04-07,False,,ES-RI,,,22011633-437d-4c82-9869-befc08f76192
school_holiday,ES,Spain,Easter holidays,2024-03-28,2024-04-05,False,,ES-AR,,,db9e1e09-d32b-48c1-8307-ec61c0146ea3
school_holiday,ES,Spain,Easter holidays,2024-03-28,2024-04-05,False,,ES-IB,,,eaa6ca95-d737-4a43-81f4-96a16a6cba70
school_holiday,ES,Spain,Easter holidays,2024-03-28,2024-04-01,False,,ES-PV,,,f6c07c2c-a0ac-4872-aecb-6882f65501fc
school_holiday,ES,Spain,Non-teaching day,2024-04-01,2024-04-01,False,,ES-MD,,,6dff0131-fc33-45b1-89b7-35f6760e69ad
school_holiday,ES,Spain,Non-teaching day,2024-04-10,2024-04-10,False,,ES-CE,,,f20d0262-b565-4719-b3ad-83c21ce44daf
school_holiday,ES,Spain,Non-teaching day,2024-04-22,2024-04-22,False,,ES-AR-ZG,,,4bbab8d8-a77e-4af9-af2f-cc7d87a9f922
school_holiday,ES,Spain,Non-teaching day,2024-04-22,2024-04-22,False,,ES-CL,,,58ee9d9a-6e4e-44fb-9187-736fa927daa4
school_holiday,ES,Spain,Non-teaching day,2024-05-02,2024-05-02,False,,ES-AS,,,a6b4ba65-6f2f-430d-a04b-d357aa002bd6
school_holiday,ES,Spain,No lessons,2024-05-02,2024-05-03,False,,ES-CB,,,dd60fae4-a281-4d74-aaed-aa174b439639
school_holiday,ES,Spain,Non-teaching day,2024-05-03,2024-05-03,False,,ES-MD,,,642442a0-5358-4e8e-94c7-92de49179780
school_holiday,ES,Spain,Non-teaching day,2024-05-03,2024-05-03,False,,ES-AS,,,7220831e-c44e-4e36-8f5f-ce07baec8263
school_holiday,ES,Spain,Summer holidays,2024-06-19,2024-09-04,False,,ES-NC,,,afcd6d76-f591-41c0-bbca-f1b2bd74174a
school_holiday,ES,Spain,Summer holidays,2024-06-20,2024-09-08,False,,ES-MC,,,adcc18ee-e202-4eff-97ab-0452df2ec915
school_holiday,ES,Spain,Summer holidays,2024-06-21,2024-09-10,False,,ES-EX,,,076eec7f-59dc-4be0-aae4-b859d171c378
school_holiday,ES,Spain,Summer holidays,2024-06-22,2024-09-09,False,,ES-CN,,,03477b6f-189f-41b9-bb49-5f76d49ab295
school_holiday,ES,Spain,Summer holidays,2024-06-22,2024-09-05,False,,ES-MD,,,0b69028c-b7a6-4f7e-bcbe-9b36e1f7ec83
school_holiday,ES,Spain,Summer holidays,2024-06-22,2024-09-05,False,,ES-RI,,,248bd8d9-9704-4105-8320-d40397dd16c9
school_holiday,ES,Spain,Summer holidays,2024-06-22,2024-09-10,False,,ES-IB,,,3a89d244-be68-485e-9ab3-b323cce57146
school_holiday,ES,Spain,Summer holidays,2024-06-22,2024-09-10,False,,ES-GA,,,3daad500-1788-45c8-9f4e-a4f503221b9d
school_holiday,ES,Spain,Summer holidays,2024-06-22,2024-09-08,False,,ES-CE,,,6d2cb404-d6be-491c-87c2-e2911bf47560
school_holiday,ES,Spain,Summer holidays,2024-06-22,2024-09-29,False,,ES-PV,,,82126395-d823-4ce8-af2c-b28f85e287a4
school_holiday,ES,Spain,Summer holidays,2024-06-22,2024-09-08,False,,ES-CM,,,829e5ef7-c831-4a07-96ce-7acd729c81e6
school_holiday,ES,Spain,Summer holidays,2024-06-22,2024-09-08,False,,ES-AS,,,9de78f1a-e1b9-4fd4-81f5-6636460d128f
school_holiday,ES,Spain,Summer holidays,2024-06-22,2024-09-08,False,,ES-ML,,,a57dc623-ec6e-4835-b591-988aead80485
school_holiday,ES,Spain,Summer holidays,2024-06-22,2024-09-09,False,,ES-AN-AL,,,ac72e29d-5a7b-4545-bb52-1f144190a0ef
school_holiday,ES,Spain,Summer holidays,2024-06-22,2024-09-08,False,,ES-VC,,,ae1bcdd3-b41a-40ea-b50a-d90a1e145f62
school_holiday,ES,Spain,Summer holidays,2024-06-22,2024-09-09,False,,ES-CT,,,bb01cde4-5287-4959-96ff-d83a0c8135df
school_holiday,ES,Spain,Summer holidays,2024-06-22,2024-09-05,False,,ES-CL,,,c73b5909-e4fd-4b1b-bc92-d6fe1538d445
school_holiday,ES,Spain,Summer holidays,2024-06-23,2024-09-01,False,,ES-AN-CO,,,ec586d4c-aaea-41fe-84e1-1d87a725afa1
school_holiday,ES,Spain,Summer holidays,2024-06-24,2024-09-01,False,,ES-AN-JA,,,179c68c5-7e93-47ea-b1a4-06e00775df67
school_holiday,ES,Spain,Summer holidays,2024-06-24,2024-09-01,False,,ES-AN-GR,,,26662f35-df6e-4c06-bfed-bd95242f0d56
school_holiday,ES,Spain,Summer holidays,2024-06-25,2024-09-01,False,,ES-AN-SE,,,3ee71862-d331-4ebf-aade-1b42db7d7b13
school_holiday,ES,Spain,Summer holidays,2024-06-25,2024-09-09,False,,ES-AN-CA,,,6e7f2b10-0655-4631-b022-0c30fd165ec4
school_holiday,ES,Spain,Summer holidays,2024-06-25,2024-09-09,False,,ES-AN-MA,,,8f6c3017-af4b-46b9-b2ed-1774d7f5fff4
school_holiday,ES,Spain,Summer holidays,2024-06-25,2024-09-08,False,,ES-AR,,,ac0401fb-fc31-4585-b4e4-a7b48561b5ea
school_holiday,ES,Spain,Summer holidays,2024-06-26,2024-09-09,False,,ES-AN-HL,,,438e742a-e2e3-4a16-a1d9-39721a6cb372
school_holiday,ES,Spain,No lessons,2024-06-26,2024-09-08,False,,ES-CB,,,f1d2d7a9-52b0-43dd-8f9d-047801128fdc
school_holiday,ES,Spain,Non-teaching day,2024-10-10,2024-10-10,False,,ES-AR-ZG,,,60448df4-1bd1-4b94-bc64-729de6028483
school_holiday,ES,Spain,Non-teaching day,2024-10-11,2024-10-11,False,,ES-AN-AL,,,9a50cfc0-a8a7-492a-8afe-17c52894965b
school_holiday,ES,Spain,Non-teaching day,2024-10-11,2024-10-11,False,,ES-AR-ZG,,,daaa18e6-852e-4d9a-ba62-5b81f2e724ba
school_holiday,ES,Spain,No lessons,2024-10-28,2024-10-31,False,,ES-CB,,,dd75d0bb-6c44-453a-83de-1572712123dc
school_holiday,ES,Spain,Non-teaching day,2024-10-30,2024-10-30,False,,ES-AS,,,de51cb3f-0cf2-44b6-978e-e9df0287ae7e
school_holiday,ES,Spain,Non-teaching day,2024-10-31,2024-10-31,False,,ES-CL,,,2b173539-c67f-479d-b8c6-22360bacf8aa
school_holiday,ES,Spain,Education Day,2024-10-31,2024-10-31,False,,ES-GA,,,2effe472-101e-42f8-9551-4aa6518d209c
school_holiday,ES,Spain,Non-teaching day,2024-10-31,2024-10-31,False,,ES-AS,,,6925843c-a931-448a-a3b0-62bc4f5e9ad7
school_holiday,ES,Spain,Non-teaching day,2024-11-15,2024-11-15,False,,ES-CM,,,4645751d-eaee-4f59-85a1-a640dc032ec0
school_holiday,ES,Spain,Non-teaching day,2024-11-22,2024-11-22,False,,ES-EX,,,c7f560a1-af00-4817-bafb-20282b7dfbe4
school_holiday,ES,Spain,Non-teaching day,2024-11-25,2024-11-25,False,,ES-EX,,,5d259b9d-7ac1-4346-8e62-74307fc86e60
school_holiday,ES,Spain,Patronal festival of the education system,2024-11-27,2024-11-27,False,,ES-NC,,"[{'language': 'EN', 'text': 'Schools may change the date of the event to another day.'}]",5f22c1d7-d5a1-41db-8c09-830491ca25b2
school_holiday,ES,Spain,Non-teaching day,2024-12-07,2024-12-07,False,,ES-AN-AL,,,e56dab6c-94b8-4e8a-acc0-9b5a59ea56bf
school_holiday,ES,Spain,Christmas holidays,2024-12-20,2025-01-06,False,,ES-AR,,,79017dd1-94f2-4f25-9dda-47b8505c1e66
school_holiday,ES,Spain,Christmas holidays,2024-12-21,2025-01-07,False,,ES-NC,,,6d0f6529-5a30-4d6e-bc89-78b839615b3b
school_holiday,ES,Spain,Christmas holidays,2024-12-21,2025-01-07,False,,ES-CT,,,85d025e7-c194-46e1-ae32-3a7650037267
school_holiday,ES,Spain,Christmas holidays,2024-12-21,2025-01-07,False,,ES-IB,,,a7683c42-d478-4eb6-8fc3-ffde5d0de147
school_holiday,ES,Spain,Christmas holidays,2024-12-21,2025-01-07,False,,ES-CL,,,e783acd1-f48a-4239-a737-0f6e7d0de13b
school_holiday,ES,Spain,Christmas holidays,2024-12-21,2025-01-06,False,,ES-MD,,,fd1c1634-ada1-4d46-a3b8-0696e2dba2bc
school_holiday,ES,Spain,Christmas holidays,2024-12-23,2025-01-06,False,,ES-AN-SE,,,04d4e12c-859c-4cd5-afc4-e6080ba211b5
school_holiday,ES,Spain,Christmas holidays,2024-12-23,2025-01-06,False,,ES-VC,,,0751ee46-72d2-4a2e-814b-fc16f7ade1df
school_holiday,ES,Spain,Christmas holidays,2024-12-23,2025-01-07,False,,ES-ML,,,1ab43b06-1b7f-4948-b583-2ca86cf7b784
school_holiday,ES,Spain,Christmas holidays,2024-12-23,2025-01-07,False,,ES-AS,,,30be0c8a-fd3a-4737-89bd-ae20a56e48ed
school_holiday,ES,Spain,Non-teaching day,2024-12-23,2024-12-23,False,,ES-AN-AL,,,586c657d-a282-433b-8701-5bb0d63ec23a
school_holiday,ES,Spain,Christmas holidays,2024-12-23,2025-01-07,False,,ES-CN,,,5a8c57f5-c76b-4631-ada8-9a86f3e92e7a
school_holiday,ES,Spain,Christmas break,2024-12-23,2025-01-06,False,,ES-CM,,,5ee237f0-f758-429f-a063-7f2b95e88385
school_holiday,ES,Spain,Christmas holidays,2024-12-23,2025-01-06,False,,ES-RI,,,6076a752-a5bc-48a4-afca-cde8ac15bfcf
school_holiday,ES,Spain,Christmas holidays,2024-12-23,2025-01-05,False,,ES-AN-MA,,,7d749d83-f5a3-495c-97b8-7996c3c30d90
school_holiday,ES,Spain,Christmas holidays,2024-12-23,2025-01-07,False,,ES-AN-CA,,,84ce6374-370b-4b6a-8144-08341dad89fe
school_holiday,ES,Spain,No lessons,2024-12-23,2025-01-07,False,,ES-CB,,,9aa383d5-0542-4144-9ebf-09e9b080d567
school_holiday,ES,Spain,Christmas holidays,2024-12-23,2025-01-06,False,,ES-AN-CO,,,a6f6067b-0085-4e30-a602-22a15a87a2b8
school_holiday,ES,Spain,Christmas holidays,2024-12-23,2025-01-07,False,,ES-CE,,,abfbe854-a89a-4615-8e1a-50ff7195749e
school_holiday,ES,Spain,Christmas holidays,2024-12-23,2025-01-07,False,,ES-AN-JA,,,bc0c0206-1df4-4846-9d2a-f1c19fa359b6
school_holiday,ES,Spain,Christmas holidays,2024-12-23,2025-01-06,False,,ES-AN-HL,,,be2d1177-c796-43be-bf17-80134211bb41
school_holiday,ES,Spain,Christmas holidays,2024-12-23,2025-01-07,False,,ES-GA,,,c3c991eb-8a9d-4456-abce-963381cfe95d
school_holiday,ES,Spain,Christmas holidays,2024-12-23,2025-01-07,False,,ES-EX,,,dcf7f892-e861-4fb4-86b4-8d0e51e1131b
school_holiday,ES,Spain,Christmas holidays,2024-12-24,2025-01-06,False,,ES-PV,,,0088bcea-492b-4ec2-8313-f66d606afceb
school_holiday,ES,Spain,Christmas holidays,2024-12-24,2025-01-06,False,,ES-AN-AL,,,3ba36199-3912-4ee0-a299-b4214acbf831
school_holiday,ES,Spain,Christmas holidays,2024-12-24,2025-01-06,False,,ES-AN-GR,,,4d1609b6-86ae-4338-9c02-46b2f9616cc3
school_holiday,ES,Spain,Christmas holidays,2024-12-24,2025-01-06,False,,ES-MC,,,f80c6fbf-fef7-4370-86f0-66b7b8e2aa49
school_holiday,ES,Spain,Non-teaching day,2025-01-07,2025-01-07,False,,ES-AN-HL,,,06ddfbe3-2e1a-41c0-8680-50cf9e793847
school_holiday,ES,Spain,Non-teaching day,2025-01-07,2025-01-07,False,,ES-AR,,,0819fcd6-24c1-4637-ab1d-3ff0198cb666
school_holiday,ES,Spain,Non-teaching day,2025-01-07,2025-01-07,False,,ES-AN-CO,,,1040c97b-3b59-4c13-a25c-4bf44015fda3
school_holiday,ES,Spain,Non-teaching day,2025-01-07,2025-01-07,False,,ES-AN-GR,,,73cc1090-61d1-402f-ab80-125cbe749ae0
school_holiday,ES,Spain,Non-teaching day,2025-01-07,2025-01-07,False,,ES-AN-AL,,,834ed04e-5478-4c70-9bb7-ee842ff1a40e
school_holiday,ES,Spain,Non-teaching day,2025-01-07,2025-01-07,False,,ES-CM,,,b4a6e401-1dca-4faa-9a4a-2c1a3207ec34
school_holiday,ES,Spain,Non-teaching day,2025-01-07,2025-01-07,False,,ES-AN-SE,,,b83cf9c8-2897-429f-a50a-501f6af85057
school_holiday,ES,Spain,Non-teaching day,2025-01-07,2025-01-07,False,,ES-MD,,,d7a5b947-060a-4f96-9ca5-80385c0dbb12
school_holiday,ES,Spain,Non-teaching day,2025-02-13,2025-02-13,False,,ES-AR-TE|ES-AR-HU,,,8eb5d416-f8ab-4ec2-8542-a854b816ece7
school_holiday,ES,Spain,Non-teaching day,2025-02-14,2025-02-14,False,,ES-AR-TE|ES-AR-HU,,,a9482ad5-ef97-4e80-b2f7-9d69c01c2451
school_holiday,ES,Spain,White Week,2025-02-24,2025-02-26,False,,ES-AN-MA,,,19a3e4b1-3e20-4933-b819-0046ccf5c934
school_holiday,ES,Spain,No lessons,2025-02-24,2025-02-28,False,,ES-CB,,,8dcdc04c-6e97-41d8-b77b-b7639455e824
school_holiday,ES,Spain,Educational Community Days,2025-02-27,2025-02-27,False,,ES-AN-AL,,,19a030c6-fc9a-4569-ba7d-80d054e141d5
school_holiday,ES,Spain,Educational Community Days,2025-02-27,2025-02-27,False,,ES-AN-CO,,,1b7e0f6f-7fd5-45cc-bd70-3fc2ea1a0cf0
school_holiday,ES,Spain,Educational Community Days,2025-02-27,2025-02-27,False,,ES-AN-MA,,,4353c7fe-6ffa-4fbe-9d59-c3a6178b5211
school_holiday,ES,Spain,Educational Community Days,2025-02-27,2025-02-27,False,,ES-AN-GR,,,d1faf0ae-c038-4fff-aa5f-c63a02fdb055
school_holiday,ES,Spain,Non-teaching days,2025-02-27,2025-02-28,False,,ES-CE,,,de36820a-590f-42a4-9b52-6fe18208cf24
school_holiday,ES,Spain,Educational Community Days,2025-02-27,2025-02-27,False,,ES-AN-SE,,,e96f0ca3-c2eb-474e-b13e-2a5cdd99d861
school_holiday,ES,Spain,Non-teaching day,2025-02-28,2025-02-28,False,,ES-AS,,,b41afa58-a371-4686-9f8f-ebfad000729b
school_holiday,ES,Spain,Non-teaching day,2025-02-28,2025-02-28,False,,ES-IB,,,c3b26664-9f5f-442b-aca5-9aaf78338507
school_holiday,ES,Spain,Educational Community Day,2025-02-28,2025-02-28,False,,ES-RI,,,c65e5195-86fe-40cf-84ab-a6d50280797e
school_holiday,ES,Spain,Non-teaching day,2025-02-28,2025-02-28,False,,ES-MD,,,e1cabea1-9f47-42af-9c21-cfb0285a4e88
school_holiday,ES,Spain,Non-teaching day,2025-03-03,2025-03-03,False,,ES-AN-GR,,,27b230da-90b1-4a36-b5d3-d9d26559f1cd
school_holiday,ES,Spain,Educational Community Days,2025-03-03,2025-03-03,False,,ES-AN-HL,,,2c7c8e9f-8cb6-4b3e-bba3-50f46a6f3b7b
school_holiday,ES,Spain,Carnivals,2025-03-03,2025-04-05,False,,ES-GA,,,42ee5be6-036b-45d2-bf58-8f8b0e38fd2d
school_holiday,ES,Spain,Non-teaching days,2025-03-03,2025-03-04,False,,ES-CM,,,4b765e68-c94e-4142-b594-d12fb094933d
school_holiday,ES,Spain,Non-teaching day,2025-03-03,2025-03-03,False,,ES-MD,,,7b3c623d-9741-4fe9-adfc-bfd4ad7e8547
school_holiday,ES,Spain,Educational Community Days,2025-03-03,2025-03-03,False,,ES-AN-JA,,,aab5f0cc-0172-45c6-a252-359d5c589b6e
school_holiday,ES,Spain,Carnivals,2025-03-03,2025-03-04,False,,ES-CL,,,b0be97e7-ea0c-40ab-9f42-8738e1c09628
school_holiday,ES,Spain,Carnivals,2025-03-03,2025-03-04,False,,ES-EX,,,b89e60bd-969b-4b2d-82d7-7a99f7f81f9a
school_holiday,ES,Spain,Non-teaching day,2025-03-03,2025-03-03,False,,ES-AS,,,eb8b1f1a-3ada-458f-a5f3-e1e171998337
school_holiday,ES,Spain,Non-teaching day,2025-03-04,2025-03-04,False,,ES-AS,,,c372be40-89b9-4fde-8b6a-68eb61383bd2
school_holiday,ES,Spain,Non-teaching days,2025-04-07,2025-04-11,False,,ES-ML,,,e0e9a861-527f-48d0-ac9c-f3a36eaaafd3
school_holiday,ES,Spain,Non-teaching days,2025-04-07,2025-04-11,False,,ES-CE,,,e1ec4b31-8eea-4ed1-b79e-cd7b07c46cff
school_holiday,ES,Spain,Non-teaching day,2025-04-11,2025-04-11,False,,ES-MD,,,0b95a96e-350c-4f46-9719-b50f717d2dfd
school_holiday,ES,Spain,Easter holidays,2025-04-12,2025-04-22,False,,ES-CL,,,0546df4d-d0a9-49d5-8816-05f82828f1bb
school_holiday,ES,Spain,Easter holidays,2025-04-12,2025-04-20,False,,ES-MD,,,7baa0077-6359-4056-8614-fe354b8a713a
school_holiday,ES,Spain,Easter holidays,2025-04-12,2025-04-21,False,,ES-CT,,,db19ad31-b808-4b99-b5c3-448a2ac61621
school_holiday,ES,Spain,Easter break,2025-04-14,2025-04-21,False,,ES-CM,,,2f6240ed-50db-486a-b451-2879d6101e43
school_holiday,ES,Spain,Easter holidays,2025-04-14,2025-04-20,False,,ES-AN-CO,,,44601798-d55a-41f9-9f80-ed5b3057e5db
school_holiday,ES,Spain,Easter holidays,2025-04-14,2025-04-20,False,,ES-AS,,,5d30a3a8-0981-4e45-9f0f-30e0cae52de0
school_holiday,ES,Spain,Easter holidays,2025-04-14,2025-04-20,False,,ES-AN-SE,,,7eda0526-f3db-4e5e-a797-f9d8fd6b2e28
school_holiday,ES,Spain,Easter holidays,2025-04-14,2025-04-20,False,,ES-AN-MA,,,8c29497e-f408-48b3-a95e-4fa45d7760fb
school_holiday,ES,Spain,Easter holidays,2025-04-14,2025-04-18,False,,ES-CE,,,917565f9-92f3-427e-a1d5-13f65e457b9c
school_holiday,ES,Spain,Easter holidays,2025-04-14,2025-04-20,False,,ES-AN-CA,,,95de7c03-9337-49d5-9e52-3cafedd94315
school_holiday,ES,Spain,Easter holidays,2025-04-14,2025-04-20,False,,ES-AN-GR,,,a758d775-906e-4678-beab-9b446ffd61db
school_holiday,ES,Spain,Easter holidays,2025-04-14,2025-04-20,False,,ES-AN-AL,,,b79bc737-c7ca-4981-877a-c097a6f6417b
school_holiday,ES,Spain,Easter holidays,2025-04-14,2025-04-18,False,,ES-CN,,,bce20491-6be1-496c-a72e-73c9db76863d
school_holiday,ES,Spain,Easter holidays,2025-04-14,2025-04-21,False,,ES-EX,,,dd472998-edea-4721-8d4d-5346995b480e
school_holiday,ES,Spain,Easter holidays,2025-04-14,2025-04-21,False,,ES-AR,,,e8d9c682-37f9-4c7a-9ea0-b5bd6530ee89
school_holiday,ES,Spain,Easter holidays,2025-04-14,2025-04-21,False,,ES-MC,,,eada98ca-0129-40e1-92f6-f396899f62f0
school_holiday,ES,Spain,Easter holidays,2025-04-14,2025-04-20,False,,ES-AN-JA,,,eaf02ecb-9740-4a7d-a7b1-45b9fd22a2e8
school_holiday,ES,Spain,Easter holidays,2025-04-14,2025-04-20,False,,ES-AN-HL,,,ec75f86a-b2e6-4c64-9958-cd7d503155ac
school_holiday,ES,Spain,Easter holidays,2025-04-14,2025-04-21,False,,ES-GA,,,f70636e5-23ef-466b-859b-55d6483a3d41
school_holiday,ES,Spain,Easter holidays,2025-04-14,2025-04-18,False,,ES-ML,,,f8e0e52a-d0a6-4e5b-bc19-394d53178b62
school_holiday,ES,Spain,Easter holidays,2025-04-17,2025-04-27,False,,ES-NC,,,43183f87-3355-4b8b-815b-0c1903cb97b6
school_holiday,ES,Spain,Easter holidays,2025-04-17,2025-04-28,False,,ES-VC,,,4b73c68a-30c7-4a70-b8c4-1b96abc10dec
school_holiday,ES,Spain,Easter holidays,2025-04-17,2025-04-25,False,,ES-RI,,,95d53191-334a-4ca4-bedb-f10cfd526c99
school_holiday,ES,Spain,Easter holidays,2025-04-17,2025-04-21,False,,ES-PV,,,bdeb92b9-96e3-44c0-9b77-2ce1736e39ad
school_holiday,ES,Spain,Easter holidays,2025-04-17,2025-04-27,False,,ES-IB,,,d183c9de-216c-4583-8ac5-f0a7c11e226b
school_holiday,ES,Spain,No lessons,2025-04-17,2025-04-25,False,,ES-CB,,,e0861d16-40db-40a8-a2dc-f04de78b2de0
school_holiday,ES,Spain,Non-teaching day,2025-04-21,2025-04-21,False,,ES-AN-AL,,,9e6a7852-ae05-4791-81aa-ec5c4f0fb410
school_holiday,ES,Spain,Non-teaching day,2025-04-21,2025-04-21,False,,ES-MD,,,e3134270-58da-4817-9055-2cbb2d89e24b
school_holiday,ES,Spain,Non-teaching day,2025-05-02,2025-05-02,False,,ES-AR,,,091c08a7-13ec-4fa4-80b7-10e11bf5f24b
school_holiday,ES,Spain,Non-teaching day,2025-05-02,2025-05-02,False,,ES-CE,,,2342b1e3-ea21-4ee8-8aeb-443c608bcf25
school_holiday,ES,Spain,Non-teaching day,2025-05-02,2025-05-02,False,,ES-CM,,,3870bdc7-e8ff-404d-8368-b10aad7fff36
school_holiday,ES,Spain,Non-teaching day,2025-05-02,2025-05-02,False,,ES-AN-CO,,,3d7b14d0-4878-444a-8109-967d9420aae1
school_holiday,ES,Spain,Non-teaching day,2025-05-02,2025-05-02,False,,ES-EX,,,411f239e-2fb4-4dd5-ad7e-1abc6b2b1927
school_holiday,ES,Spain,Non-teaching day,2025-05-02,2025-05-02,False,,ES-CL,,,4311e6db-1d01-4aa4-8a82-3e1549bc88ae
school_holiday,ES,Spain,Non-teaching day,2025-05-02,2025-05-02,False,,ES-AN-AL,,,62fa2712-8fe0-4c51-be22-f3e046bb2840
school_holiday,ES,Spain,Educational Community Days,2025-05-02,2025-05-02,False,,ES-AN-CA,,,696e3ad7-1155-497b-a322-47d422ee0c83
school_holiday,ES,Spain,Non-teaching day,2025-05-02,2025-05-02,False,,ES-ML,,,a10ca557-f0cf-42d0-b22f-bfe5df7cc6e7
school_holiday,ES,Spain,Non-teaching day,2025-05-02,2025-05-02,False,,ES-AS,,,b0825901-d041-433d-97c6-ad79c31b8d38
school_holiday,ES,Spain,Non-teaching day,2025-05-02,2025-05-02,False,,ES-AN-GR,,,bbd50bb6-2cc6-4e5b-99eb-b64d63a6e031
school_holiday,ES,Spain,Non-teaching day,2025-05-02,2025-05-02,False,,ES-AN-JA,,,dc95b277-1b41-47ca-82a4-8ab938e20454
school_holiday,ES,Spain,Non-teaching day,2025-05-02,2025-05-02,False,,ES-RI,,,eeadb4a3-cb68-431c-b93a-99e7c8c8e0e1
school_holiday,ES,Spain,Summer holidays,2025-05-16,2025-09-04,False,,ES-PV,,,8ce10884-3f07-4e07-86de-27c2da2df129
school_holiday,ES,Spain,Summer holidays,2025-06-19,2025-09-07,False,,ES-CT,,,2adf61d0-475a-4b2e-90e5-95ca2afa17fc
school_holiday,ES,Spain,Summer holidays,2025-06-19,2025-09-07,False,,ES-VC,,,8288f946-ee76-4c13-bb6a-a9bebfff468d
school_holiday,ES,Spain,Summer holidays,2025-06-19,2025-09-07,False,,ES-CM,,,afebbdad-89e2-4c25-8457-04222de7445c
school_holiday,ES,Spain,Summer holidays,2025-06-20,2025-09-08,False,,ES-RI,,,6abaa9a8-dd82-4d80-8c15-2e689445ca7b
school_holiday,ES,Spain,Summer holidays,2025-06-21,2025-09-07,False,,ES-AS,,,2901ac45-5944-45c2-9bff-6e8aad5e2b8e
school_holiday,ES,Spain,Summer holidays,2025-06-21,2025-09-07,False,,ES-MD,,,40ed7d6c-881e-4204-88e4-9d938b7deb9d
school_holiday,ES,Spain,Summer holidays,2025-06-21,2025-09-08,False,,ES-CN,,,50b7d6d2-a1b7-45fd-be52-b070de3e375d
school_holiday,ES,Spain,Summer holidays,2025-06-21,2025-09-07,False,,ES-GA,,,8fd3d58b-00ec-4c46-ab48-b5722c80cd83
school_holiday,ES,Spain,Summer holidays,2025-06-21,2025-09-03,False,,ES-NC,,,9339ce6a-d31b-4829-ad25-b6a67b24cb59
school_holiday,ES,Spain,Summer holidays,2025-06-24,2025-09-09,False,,ES-AN-AL,,,60e32e0e-8aa4-4110-b19f-a727c85aec53
school_holiday,ES,Spain,Summer holidays,2025-06-24,2025-09-10,False,,ES-EX,,,8349f232-274e-4101-a966-7ebe831ad0fd
school_holiday,ES,Spain,Summer holidays,2025-06-24,2025-09-07,False,,ES-CL,,,849482e5-7311-4e76-b131-1b530990257a
school_holiday,ES,Spain,Summer holidays,2025-06-24,2025-09-09,False,,ES-AN-CA,,,9972fa30-e83c-46e9-9b09-27186d673182
school_holiday,ES,Spain,Summer holidays,2025-06-24,2025-09-09,False,,ES-ML,,,dd821609-08f3-4a00-8282-d94bb655cf23
school_holiday,ES,Spain,Summer holidays,2025-06-24,2025-09-07,False,,ES-CE,,,e4552515-aac7-49a0-be89-e07e71ee3cbb
school_holiday,ES,Spain,No lessons,2025-06-25,2025-09-07,False,,ES-CB,,,14da47d8-4ebb-4d27-9345-8112743f8cb9
school_holiday,ES,Spain,Summer holidays,2025-06-25,2025-08-31,False,,ES-AN-CO,,,641aef84-280b-4bc5-9fdb-1618003ae82c
school_holiday,ES,Spain,Summer holidays,2025-06-25,2025-09-07,False,,ES-MC,,,a2f2e2a5-a5d0-40f9-a77c-949955394533
school_holiday,ES,Spain,Summer holidays,2025-06-25,2025-08-31,False,,ES-AN-GR,,,a5d2f228-683c-4c3d-949b-f79cd700d6d8
school_holiday,ES,Spain,Summer holidays,2025-06-25,2025-09-01,False,,ES-AN-JA,,,c176dcc5-24e2-4fa5-bc8b-5f8c718c97e2
school_holiday,ES,Spain,Summer holidays,2025-06-25,2025-09-11,False,,ES-AR,,,d8766594-ab09-4764-9324-1b62af8cd32b
school_holiday,ES,Spain,Summer holidays,2025-06-25,2025-09-09,False,,ES-AN-HL,,,df608b47-f03e-4fb2-b95f-7ce69bcc31dd
school_holiday,ES,Spain,Summer holidays,2025-06-25,2025-09-02,False,,ES-AN-SE,,,ea7b6ca6-1de5-4cc5-9dc0-fe40ace32d34
school_holiday,ES,Spain,Summer holidays,2025-06-25,2025-09-04,False,,ES-AN-MA,,,ef0c658f-2d64-4882-a9c9-e8356a763135
school_holiday,ES,Spain,Summer holidays,2025-06-28,2025-09-09,False,,ES-IB,,,d6b1c450-bc0c-4dd2-9fcf-6f1e39765972
school_holiday,ES,Spain,Non-teaching day,2025-10-10,2025-10-10,False,,ES-AR-ZG,,,bc85ccb8-6353-4c68-a7db-e86bc097c376
school_holiday,ES,Spain,Non-teaching day,2025-10-13,2025-10-13,False,,ES-AN-CA,,,41778675-9bc9-43b9-a476-35182305f018
school_holiday,ES,Spain,Non-teaching day,2025-10-13,2025-10-13,False,,ES-MD,,,886a2268-7ef6-4a7a-92e2-a7b180bce4ee
school_holiday,ES,Spain,No lessons,2025-10-27,2025-10-31,False,,ES-CB,,,7be71a43-a370-4dcc-8d79-5b6087c09d73
school_holiday,ES,Spain,Non-teaching day,2025-10-30,2025-10-30,False,,ES-CM,,,c0e85543-7b89-4ae3-ab35-9cfc997b8971
school_holiday,ES,Spain,Non-teaching day,2025-10-31,2025-10-31,False,,ES-AN-AL,,,01095709-d3b9-48a3-8bf9-b101cb5c6015
school_holiday,ES,Spain,Non-teaching day,2025-10-31,2025-10-31,False,,ES-CL,,,48687aa2-f6d5-49e1-a754-dfd9208832dd
school_holiday,ES,Spain,Education Day,2025-10-31,2025-10-31,False,,ES-GA,,,4db246fc-94a6-4613-85bd-ed8b279280da
school_holiday,ES,Spain,Non-teaching day,2025-11-03,2025-11-03,False,,ES-MD,,,1e139410-1770-4bbd-a1b1-6bb1e105f512
school_holiday,ES,Spain,Non-teaching day,2025-11-03,2025-11-03,False,,ES-AR,,,2dc26db5-d3c7-45a6-8fa2-127c33ca0d23
school_holiday,ES,Spain,Non-teaching day,2025-11-03,2025-11-03,False,,ES-AN-GR,,,4666510d-e703-4e4b-9c85-c7a3323b97aa
school_holiday,ES,Spain,Non-teaching day,2025-11-03,2025-11-03,False,,ES-AS,,,630733cf-a2e7-42ab-b381-8fa07d4a2283
school_holiday,ES,Spain,Non-teaching day,2025-11-03,2025-11-03,False,,ES-AN-AL,,,90a578cf-72b4-4c8e-bb73-d119cbb39c3d
school_holiday,ES,Spain,Non-teaching day,2025-11-03,2025-11-03,False,,ES-GA,,,bd36000d-903c-4c66-b29d-3412ea8d149d
school_holiday,ES,Spain,Non-teaching day,2025-11-04,2025-11-04,False,,ES-AS,,,2e3efdcd-3c14-4d43-801c-afe57f5141c7
school_holiday,ES,Spain,Non-teaching day,2025-11-14,2025-11-14,False,,ES-CM,,,abfd46b3-c405-414b-a29a-d47a2ef6a309
school_holiday,ES,Spain,Non-teaching day,2025-11-21,2025-11-21,False,,ES-EX,,,9f5bac1e-825c-4626-a3d7-e6a591e0b889
school_holiday,ES,Spain,Patronal festival of the education system,2025-11-27,2025-11-27,False,,ES-NC,,"[{'language': 'EN', 'text': 'Schools may change the date of the event to another day.'}]",56ab7018-64d6-440b-b027-f4b1404234b5
school_holiday,ES,Spain,Non-teaching day,2025-11-27,2025-11-27,False,,ES-EX,,,9930b4bc-5738-421e-ad69-7efb68909b7c
school_holiday,ES,Spain,Non-teaching day,2025-11-28,2025-11-28,False,,ES-EX,,,d1b16b8f-c1e4-496a-9832-3aaea65c769b
school_holiday,ES,Spain,Christmas holidays,2025-12-19,2026-01-08,False,,ES-CL,,,e1ff2225-f4a8-4f4d-9dcd-bf3beea1af07
school_holiday,ES,Spain,Christmas holidays,2025-12-20,2026-01-07,False,,ES-ML,,,744ec800-2a8e-466d-b658-12579543e058
school_holiday,ES,Spain,Christmas holidays,2025-12-20,2026-01-06,False,,ES-AR,,,8860fcc3-f36f-43ce-92d2-43be87fe48bf
school_holiday,ES,Spain,Christmas holidays,2025-12-20,2026-01-07,False,,ES-CT,,,9e3e9c68-f0b9-4edf-ada7-8595bea48f97
school_holiday,ES,Spain,Christmas holidays,2025-12-20,2026-01-06,False,,ES-MD,,,c156e70b-75b5-4863-9372-ff667970cd9d
school_holiday,ES,Spain,Christmas holidays,2025-12-20,2026-01-07,False,,ES-NC,,,f7ff3879-4724-46a4-9db7-c62daa24f340
school_holiday,ES,Spain,Christmas holidays,2025-12-22,2026-01-07,False,,ES-CN,,,04326dab-eb7a-49cb-ac16-c8e227b86454
school_holiday,ES,Spain,Christmas holidays,2025-12-22,2026-01-06,False,,ES-AN-CO,,,0a74397e-c5fb-479c-b811-0f28ad90323e
school_holiday,ES,Spain,Christmas holidays,2025-12-22,2026-01-05,False,,ES-AN-MA,,,3e37079c-6bca-4260-bffc-397b52ab66da
school_holiday,ES,Spain,Christmas holidays,2025-12-22,2026-01-06,False,,ES-IB,,,6d46e4cd-d98c-4cf4-9d89-d71ffc2599a6
school_holiday,ES,Spain,Christmas holidays,2025-12-22,2026-01-07,False,,ES-AS,,,7ad13a6f-d4dd-4216-8d69-7bba1896f295
school_holiday,ES,Spain,Christmas holidays,2025-12-22,2026-01-07,False,,ES-AN-CA,,,9a55ca40-be08-40b4-8006-57e5076e995d
school_holiday,ES,Spain,Christmas holidays,2025-12-22,2026-01-06,False,,ES-AN-GR,,,abbbfb8c-5839-4844-b118-0afcd550a07d
school_holiday,ES,Spain,Christmas holidays,2025-12-22,2026-01-07,False,,ES-GA,,,b62c778e-e50e-480c-b78b-74deebcd0148
school_holiday,ES,Spain,Christmas holidays,2025-12-22,2026-01-06,False,,ES-AN-SE,,,b7bd23e6-5470-405f-8f42-69e9aec6c9fe
school_holiday,ES,Spain,Christmas break,2025-12-22,2026-01-06,False,,ES-CM,,,bf71ecc4-f712-4396-a6c9-bfd70fcdbd06
school_holiday,ES,Spain,Non-teaching day,2025-12-22,2025-12-22,False,,ES-AN-AL,,,ecde2703-62fc-4927-a5c3-1638a22713c1
school_holiday,ES,Spain,Christmas holidays,2025-12-22,2026-01-07,False,,ES-CE,,,fe6b100d-bac5-49c8-a57d-433d944abbfc
school_holiday,ES,Spain,Non-teaching day,2025-12-23,2025-12-23,False,,ES-AN-AL,,,041be119-197b-4086-9ccd-1a0296f476ad
school_holiday,ES,Spain,Christmas holidays,2025-12-23,2026-01-07,False,,ES-AN-JA,,,0fb5c148-e3e1-427e-9dbb-2ec611e7e674
school_holiday,ES,Spain,Christmas holidays,2025-12-23,2026-01-07,False,,ES-RI,,,4edba3ce-616a-4236-86f7-fd33a2edb6ef
school_holiday,ES,Spain,Christmas holidays,2025-12-23,2026-01-07,False,,ES-EX,,,7dcdc88f-0de9-4d8e-bcdb-a6152ffa1345
school_holiday,ES,Spain,Christmas holidays,2025-12-23,2026-01-06,False,,ES-VC,,,82e3251c-279d-44ba-8ce2-27af221a359f
school_holiday,ES,Spain,Christmas holidays,2025-12-23,2026-01-06,False,,ES-AN-HL,,,a070cd2b-6c0e-4afc-b219-151d2ac318a1
school_holiday,ES,Spain,Christmas holidays,2025-12-24,2026-01-06,False,,ES-MC,,,03b4df61-02ec-4a32-8978-89aef6efc921
school_holiday,ES,Spain,No lessons,2025-12-24,2026-01-05,False,,ES-CB,,,21d9af83-5f22-4b71-a3dd-e31f3b936830
school_holiday,ES,Spain,Christmas holidays,2025-12-24,2026-01-06,False,,ES-PV,,,63cc903e-6081-4437-b38b-e2e42265d947
school_holiday,ES,Spain,Christmas holidays,2025-12-24,2026-01-06,False,,ES-AN-AL,,,eefbddc2-c812-422c-9d6c-46121e857055
public_holiday,ES,Spain,New Year's Day,2026-01-01,2026-01-01,True,,,,,c689b888-3314-4b3d-9738-fe9bcc9aca5f
public_holiday,ES,Spain,Epiphany,2026-01-06,2026-01-06,True,,,,,74485ddd-f0c3-4521-8897-99d25f1d4ee9
public_holiday,ES,Spain,Virgen de la Candelaria,2026-02-02,2026-02-02,False,,ES-CN-SC-TE,,,abf2e732-21bd-47d4-819a-89042912d25a
public_holiday,ES,Spain,Shrove Tuesday,2026-02-13,2026-02-13,False,,ES-EX,,,30a7e755-8036-4b2d-ad9a-33af40b4143c
public_holiday,ES,Spain,Andalusia Day,2026-02-28,2026-02-28,False,,ES-AN,,,4310a071-6ff4-4db5-8a1a-b3f028815758
public_holiday,ES,Spain,Regional Holiday on the Balearic Islands,2026-03-02,2026-03-02,False,,ES-IB,,,beaddd0e-eae6-4358-b8f5-049eb6265063
public_holiday,ES,Spain,Regional Holiday in Melilla,2026-03-13,2026-03-13,False,,ES-ML,,,7810eee4-6067-4829-8217-51760ad4b829
public_holiday,ES,Spain,St Joseph's Day,2026-03-19,2026-03-19,False,,ES-MC|ES-NC|ES-VC|ES-PV|ES-GA,,,6bd69150-e340-4cae-a496-2006b36852dd
public_holiday,ES,Spain,End of Ramadan (Eid al-Fitr),2026-03-20,2026-03-20,False,,ES-CE|ES-ML,,,15297aa4-a3b4-4a3a-aaf5-9ed89544c32b
public_holiday,ES,Spain,Maundy Thursday,2026-04-02,2026-04-02,False,,ES-MC|ES-CL|ES-CB|ES-NC|ES-MD|ES-EX|ES-IB|ES-CE|ES-AR|ES-ML|ES-RI|ES-PV|ES-CN|ES-AS|ES-GA|ES-AN|ES-CM,,,ea898eb7-58a4-49d8-baec-175885e2056d
public_holiday,ES,Spain,Good Friday,2026-04-03,2026-04-03,True,,,,,acf0abb8-6f76-41f3-a694-8394b4b3938d
public_holiday,ES,Spain,Easter Monday,2026-04-06,2026-04-06,False,,ES-CB|ES-NC|ES-IB|ES-CT|ES-VC|ES-RI|ES-PV|ES-CM,,,ee1a3366-69b6-44d0-b1d0-1f4c053de359
public_holiday,ES,Spain,Aragon Day,2026-04-23,2026-04-23,False,,ES-AR,,,a3b02d7c-9cfc-416c-abdf-62e537c9a4eb
public_holiday,ES,Spain,Regional Holiday in Castile and León,2026-04-23,2026-04-23,False,,ES-CL,,,cfb4534e-e190-4222-981f-8591da638d52
public_holiday,ES,Spain,Labour Day,2026-05-01,2026-05-01,True,,,,,58a20b33-5fde-4ae0-8f53-1812ca7af631
public_holiday,ES,Spain,Regional Holiday in Madrid,2026-05-02,2026-05-02,False,,ES-MD,,,723e9701-9a25-422b-b829-8fa6b793d771
public_holiday,ES,Spain,Galician Letters Day,2026-05-17,2026-05-17,False,,ES-GA,,,0bba68ab-0dde-4d03-8b64-71c60a8c66ae
public_holiday,ES,Spain,Feast of Sacrifice (Eid al-Adha),2026-05-27,2026-05-27,False,,ES-CE|ES-ML,,,e81ecd4d-2eac-40c6-8a83-c5719794851a
public_holiday,ES,Spain,Regional Holiday on the Canary Islands,2026-05-30,2026-05-30,False,,ES-CN,,,04dc54b0-63a5-4683-8567-065d39ff3906
public_holiday,ES,Spain,Regional Holiday in Castilla-La Mancha,2026-05-31,2026-05-31,False,,ES-CM,,,23c47178-ce22-41f3-941c-46f331e1c1db
public_holiday,ES,Spain,Corpus Christi,2026-06-04,2026-06-04,False,,ES-CM,,,29afe2ad-4c0f-4975-84c6-7f0802d0d4a9
public_holiday,ES,Spain,Regional Holiday in Murcia,2026-06-09,2026-06-09,False,,ES-MC,,,740147da-c346-485c-a1d9-e08cd3074257
public_holiday,ES,Spain,Regional Holiday in La Rioja ,2026-06-09,2026-06-09,False,,ES-RI,,,e15271fb-8d24-456e-8dee-b94273962ec5
public_holiday,ES,Spain,St Anthony,2026-06-13,2026-06-13,False,,ES-CE,,,ee003dea-2384-4163-81ac-5a1190ad0cff
public_holiday,ES,Spain,Corpus Christi,2026-06-19,2026-06-19,False,,ES-CM,,,87e9f4eb-467f-461a-ab58-30db3f8605bd
public_holiday,ES,Spain,St John's Day,2026-06-24,2026-06-24,False,,ES-CT|ES-VC|ES-GA,,,889bf2fa-2c2b-41a3-99ec-d6ba6cbb6e07
public_holiday,ES,Spain,Saint James' Day,2026-07-25,2026-07-25,False,,ES-NC|ES-MD|ES-PV,,,357a3e39-ef44-4716-a558-90fc08a29791
public_holiday,ES,Spain,National Day of Galicia,2026-07-25,2026-07-25,False,,ES-GA,,,3ca081b6-a36b-4ee7-a9ad-12660309a442
public_holiday,ES,Spain,Cantabrian Institutions Day,2026-07-28,2026-07-28,False,,ES-CB,,,bfd1b0bf-62d6-4535-b9a5-c2bf61a51220
public_holiday,ES,Spain,Nuestra Señora de Las Nieves,2026-08-05,2026-08-05,False,,ES-CN-SC-LP,,,9c0c1415-439e-45b4-bf46-bdfd4f04dc19
public_holiday,ES,Spain,Nuestra Señora de África,2026-08-05,2026-08-05,False,,ES-CE,,,b1853d11-7b99-4ee3-80aa-3dbee73c1b28
public_holiday,ES,Spain,Assumption of Mary,2026-08-15,2026-08-15,True,,,,,e24cc85e-fe4e-4ada-a4e1-eec2ccd32163
public_holiday,ES,Spain,Regional Holiday in Ceuta,2026-09-02,2026-09-02,False,,ES-CE,,,bc3af910-35e4-46f6-8afc-b6bb200d510e
public_holiday,ES,Spain,Día de Ntra. Sra. Virgen de la Victoria,2026-09-08,2026-09-08,False,,ES-ML,,,07451265-eee9-4dd0-bf0e-de8e685ff37e
public_holiday,ES,Spain,Asturias Day,2026-09-08,2026-09-08,False,,ES-AS,,,215e3e34-d8d0-4d5e-bb0e-1300ee313790
public_holiday,ES,Spain,Nuestra Señora del Pino,2026-09-08,2026-09-08,False,,ES-CN-LP-GC,,,b445140e-80d2-42b0-9bbe-719e43c3fd6f
public_holiday,ES,Spain,Regional Holiday in Extremadura,2026-09-08,2026-09-08,False,,ES-EX,,,b4bc10df-d75a-4050-843a-2c1654ea7081
public_holiday,ES,Spain,National Day of Catalonia,2026-09-11,2026-09-11,False,,ES-CT,,,c3d36b33-2eff-48a7-8280-d5ee0a57ca01
public_holiday,ES,Spain,Regional Holiday in Cantabria,2026-09-15,2026-09-15,False,,ES-CB,,,3aafe138-7577-44d5-8f34-0b6ba358587c
public_holiday,ES,Spain,Nuestra Señora de Los Volcanes,2026-09-15,2026-09-15,False,,ES-CN-LP-LA,,,7eadbd1f-2bfc-4658-b5ad-37edde9053ed
public_holiday,ES,Spain,Regional Holiday in Meilla,2026-09-17,2026-09-17,False,,ES-ML,,,66413bd1-1960-437c-9e38-931524ef6262
public_holiday,ES,Spain,Nuestra Señora de la Peña,2026-09-18,2026-09-18,False,,ES-CN-LP-FV,,,a0baad62-c572-4611-b10c-ec52fbae8982
public_holiday,ES,Spain,Nuestra Señora de Los Reyes,2026-09-24,2026-09-24,False,,ES-CN-SC-EH,,,46b1c2d2-ece0-4f68-8b9d-67b6cb29d6ad
public_holiday,ES,Spain,Nuestra Señora de Guadalupe,2026-10-05,2026-10-05,False,,ES-CN-SC-LG,,,856a3336-4a3f-43db-8b6d-510976aa6d21
public_holiday,ES,Spain,Regional Holiday in Valencia,2026-10-09,2026-10-09,False,,ES-VC,,,89a81e1c-05b8-49f2-ac91-7ad823ee1b6e
public_holiday,ES,Spain,Spanish National Day,2026-10-12,2026-10-12,True,,,,,25ad34a1-a60e-4bed-b8a2-283ea892e1df
public_holiday,ES,Spain,All Saints' Day,2026-11-01,2026-11-01,True,,,,,434cddcd-af59-435f-8183-f271c47f0b45
public_holiday,ES,Spain,Monday following All Saints' Day,2026-11-02,2026-11-02,False,,ES-NC|ES-MD|ES-AR|ES-CN|ES-CM,,,a655fa39-ad84-4cd5-8e91-13facc760973
public_holiday,ES,Spain,San Francisco Javier,2026-12-03,2026-12-03,False,,ES-NC,,,34162188-f645-4db6-9bb6-0c68430fa615
public_holiday,ES,Spain,Constitution Day,2026-12-06,2026-12-06,True,,,,,3ed1d72f-b9c8-40b5-96f6-eea43cd33478
public_holiday,ES,Spain,Monday following Constitution Day,2026-12-07,2026-12-07,False,,ES-MC|ES-CB|ES-MD|ES-AR|ES-ML|ES-RI,,,b9df5697-24af-4d19-afd6-9ffc754387be
public_holiday,ES,Spain,Immaculate Conception,2026-12-08,2026-12-08,True,,,,,a9d715d2-dd3a-48f7-8942-4e74b20c25dc
public_holiday,ES,Spain,Christmas Day,2026-12-25,2026-12-25,True,,,,,c28833fa-7679-4a40-8a51-a7123bbf60a5
public_holiday,ES,Spain,St Stephen's Day,2026-12-26,2026-12-26,False,,ES-IB|ES-CT,,,e9818a6b-4610-474a-bd75-66879f6e30be
school_holiday,ES,Spain,Non-teaching day,2026-01-07,2026-01-07,False,,ES-AN-SE,,,0e6a2447-353b-423e-86b7-497f5c7874f1
school_holiday,ES,Spain,Non-teaching day,2026-01-07,2026-01-07,False,,ES-AN-AL,,,22258edb-2571-4588-9549-1bf5d54e9f63
school_holiday,ES,Spain,Non-teaching day,2026-01-07,2026-01-07,False,,ES-AN-HL,,,3eba502a-8b23-4a89-8473-1f7e45539b16
school_holiday,ES,Spain,Non-teaching day,2026-01-07,2026-01-07,False,,ES-AN-CO,,,64131c13-19d7-487c-b35d-d67edb1d1790
school_holiday,ES,Spain,Non-teaching day,2026-01-07,2026-01-07,False,,ES-CM,,,66646df0-27aa-4cdd-8f87-7f34d4d16275
school_holiday,ES,Spain,Non-teaching day,2026-01-07,2026-01-07,False,,ES-MD,,,77ce118e-8624-463c-bef6-8b4b851b3005
school_holiday,ES,Spain,Non-teaching days,2026-02-12,2026-02-13,False,,ES-CE,,,d9d00b18-62a1-406f-a184-253ba391135b
school_holiday,ES,Spain,Non-teaching day,2026-02-13,2026-02-13,False,,ES-AS,,,1cc96f8d-1afc-4b75-82dc-33d9aa570d38
school_holiday,ES,Spain,Carnivals,2026-02-16,2026-02-18,False,,ES-GA,,,092a11a1-9992-499a-874b-52c0ae678cfd
school_holiday,ES,Spain,Non-teaching day,2026-02-16,2026-02-16,False,,ES-AS,,,1da9312f-8335-4574-93fc-20e3a07144df
school_holiday,ES,Spain,Carnivals,2026-02-16,2026-02-17,False,,ES-EX,,,2967b25b-fe3c-4121-8db2-0189e49bc21e
school_holiday,ES,Spain,Carnivals,2026-02-16,2026-02-17,False,,ES-CL,,,3a23f326-9950-4623-bcba-aefbcaba186a
school_holiday,ES,Spain,Non-teaching days,2026-02-16,2026-02-17,False,,ES-CM,,,9534e9fe-061c-4399-9e36-c15f3d8132c9
school_holiday,ES,Spain,No lessons,2026-02-16,2026-02-20,False,,ES-CB,,,f6b4a886-6cf8-4d74-9c5c-b7e835813e70
school_holiday,ES,Spain,Non-teaching day,2026-02-17,2026-02-17,False,,ES-AS,,,82235064-06da-4105-bdba-fffe43693e1b
school_holiday,ES,Spain,Non-teaching day,2026-02-19,2026-02-19,False,,ES-AR-TE|ES-AR-HU,,,75c5b57b-ca08-4d4c-bc36-6ea95b3c0961
school_holiday,ES,Spain,Non-teaching day,2026-02-20,2026-02-20,False,,ES-AR-TE|ES-AR-HU,,,5ca30a12-2c9c-494c-8601-58999726252e
school_holiday,ES,Spain,White Week,2026-02-23,2026-02-26,False,,ES-AN-MA,,,f4e6bc5d-351c-4127-acfb-b2341431f41a
school_holiday,ES,Spain,Educational Community Days,2026-02-27,2026-02-27,False,,ES-AN-MA,,,04fc0ace-15c6-4a07-8155-985ab498ea84
school_holiday,ES,Spain,Educational Community Days,2026-02-27,2026-02-27,False,,ES-AN-AL,,,2a075858-fa94-43ff-84da-f4f615beee2e
school_holiday,ES,Spain,Educational Community Day,2026-02-27,2026-02-27,False,,ES-RI,,,3724db1d-1c50-467c-8c64-d2a277a63a64
school_holiday,ES,Spain,Educational Community Days,2026-02-27,2026-02-27,False,,ES-AN-SE,,,3f69adf5-e859-41dd-8198-2d8a2d47f572
school_holiday,ES,Spain,Non-teaching day,2026-02-27,2026-02-27,False,,ES-IB,,,7791bd95-3564-4119-b7b2-9210c445509d
school_holiday,ES,Spain,Educational Community Days,2026-02-27,2026-02-27,False,,ES-AN-CA,,,f86eadcb-ccbe-4e20-848d-349703e3c299
school_holiday,ES,Spain,Educational Community Days,2026-03-02,2026-03-02,False,,ES-AN-HL,,,59bffb22-d229-4c89-8055-e6fa888410a5
school_holiday,ES,Spain,Non-teaching day,2026-03-02,2026-03-02,False,,ES-AN-AL,,,6beb7fc3-b12d-4a04-9b00-fce46eb258e4
school_holiday,ES,Spain,Educational Community Days,2026-03-02,2026-03-02,False,,ES-AN-JA,,,6f214359-e9f4-40e5-8415-3a550b34124e
school_holiday,ES,Spain,Educational Community Days,2026-03-02,2026-03-02,False,,ES-AN-CO,,,997b21ff-f7eb-4879-b9ac-a692e3441fb9
school_holiday,ES,Spain,Educational Community Days,2026-03-02,2026-03-02,False,,ES-AN-GR,,,e56b2215-240d-4b03-880e-9e3a895c15fd
school_holiday,ES,Spain,Non-teaching day,2026-03-06,2026-03-06,False,,ES-AR-ZG,,,419dabcb-1154-4561-b23e-8e1672885228
school_holiday,ES,Spain,Non-teaching days,2026-03-23,2026-03-27,False,,ES-ML,,,08afc7df-97b8-4017-b452-1e4d5cc45323
school_holiday,ES,Spain,Non-teaching days,2026-03-23,2026-03-27,False,,ES-CE,,,ea832bdb-8631-45ad-9ee2-f1131fab907b
school_holiday,ES,Spain,Easter holidays,2026-03-26,2026-04-07,False,,ES-CL,,,ba7d25a0-a870-499a-9144-4da833851517
school_holiday,ES,Spain,Non-teaching day,2026-03-27,2026-03-27,False,,ES-MD,,,f3dd51be-1c4c-4178-84ae-e3c532c56497
school_holiday,ES,Spain,Easter holidays,2026-03-28,2026-04-06,False,,ES-CT,,,54b487e7-f6fe-46b2-9de7-8e30b6caa6f0
school_holiday,ES,Spain,Easter holidays,2026-03-28,2026-04-05,False,,ES-MD,,,b2960ee7-8c04-42b7-9c23-8e843f5bb87c
school_holiday,ES,Spain,Easter holidays,2026-03-30,2026-04-01,False,,ES-ML,,,00926bf2-640c-469a-98e5-264dc47cd004
school_holiday,ES,Spain,Easter holidays,2026-03-30,2026-04-05,False,,ES-CN,,,0541b412-b4be-4db5-a7fc-99563695266b
school_holiday,ES,Spain,Easter holidays,2026-03-30,2026-04-05,False,,ES-AN-GR,,,05cd8e91-1032-4a68-8a8b-e022455c4565
school_holiday,ES,Spain,Easter holidays,2026-03-30,2026-04-05,False,,ES-AN-SE,,,0ba86119-ce47-4541-ad07-2e5a5f7b4a78
school_holiday,ES,Spain,Easter holidays,2026-03-30,2026-04-05,False,,ES-AS,,,0eaa5ab0-64e3-4a2b-859a-ee86518fe781
school_holiday,ES,Spain,Easter holidays,2026-03-30,2026-04-06,False,,ES-GA,,,16ed25c5-e627-455e-b9e0-7ce728b33fcd
school_holiday,ES,Spain,Easter holidays,2026-03-30,2026-04-05,False,,ES-AN-AL,,,401016f8-d2a0-4edd-b3c3-a19ef2445078
school_holiday,ES,Spain,Easter holidays,2026-03-30,2026-04-05,False,,ES-AN-JA,,,56dbf882-7e01-4b6d-a03a-bae8d43bc94a
school_holiday,ES,Spain,Easter holidays,2026-03-30,2026-04-05,False,,ES-AN-CO,,,588d7971-f0f8-4b3d-93eb-053499e284d5
school_holiday,ES,Spain,Easter holidays,2026-03-30,2026-04-03,False,,ES-CE,,,647b1b84-f315-4c11-ad94-77af19d24379
school_holiday,ES,Spain,Easter holidays,2026-03-30,2026-04-01,False,,ES-AN-MA,,,6e35315c-ca03-4d99-8c34-7cb52c0c8482
school_holiday,ES,Spain,Easter holidays,2026-03-30,2026-04-06,False,,ES-AR,,,7f56fc2a-d79a-4c95-ab3e-719a809ed83b
school_holiday,ES,Spain,Easter holidays,2026-03-30,2026-04-06,False,,ES-MC,,,93229488-6110-470f-9d1e-52fec52340c0
school_holiday,ES,Spain,Easter holidays,2026-03-30,2026-04-06,False,,ES-RI,,,94616ab8-2477-4dd0-87a4-37993babc232
school_holiday,ES,Spain,No lessons,2026-03-30,2026-04-01,False,,ES-CB,,,9702e0cb-ebf2-4c48-a7ff-296435a1472d
school_holiday,ES,Spain,Easter holidays,2026-03-30,2026-04-01,False,,ES-AN-HL,,,b59b42db-bf7f-4306-984a-94fa67280209
school_holiday,ES,Spain,Easter holidays,2026-03-30,2026-04-06,False,,ES-EX,,,cd4fc853-d886-497f-9991-32a3dd673640
school_holiday,ES,Spain,Easter break,2026-03-30,2026-04-06,False,,ES-CM,,,e96128c6-8273-472e-8594-23ec5541251d
school_holiday,ES,Spain,Easter holidays,2026-03-30,2026-04-05,False,,ES-AN-CA,,,f6f274f5-249f-4323-88f8-2093941ab972
school_holiday,ES,Spain,Easter holidays,2026-04-02,2026-04-06,False,,ES-PV,,,033dc4ff-2c95-4602-8f7d-30ae7ca2813a
school_holiday,ES,Spain,Easter holidays,2026-04-02,2026-04-12,False,,ES-NC,,,9206be7e-7400-4130-b436-8086fb475439
school_holiday,ES,Spain,Easter holidays,2026-04-02,2026-04-12,False,,ES-IB,,,a351d059-bfbf-40b4-a6cd-c06fe46b786d
school_holiday,ES,Spain,Easter holidays,2026-04-02,2026-04-13,False,,ES-VC,,,f6bbd887-210e-4eb6-9187-1ef32d4e817b
school_holiday,ES,Spain,Non-teaching day,2026-04-06,2026-04-06,False,,ES-MD,,,c39fcccc-9f12-439a-9377-9082885d8c66
school_holiday,ES,Spain,Non-teaching day,2026-04-24,2026-04-24,False,,ES-CL,,,4b6ec3d8-ba18-41a9-9531-0e8b668a1370
school_holiday,ES,Spain,Non-teaching day,2026-04-24,2026-04-24,False,,ES-AR-ZG,,,f625b66b-d228-493b-858f-70a773af2d3d
school_holiday,ES,Spain,Non-teaching day,2026-05-02,2026-05-02,False,,ES-ML,,,a71b08e7-aa80-4bfb-aded-f26cf2655dc2
school_holiday,ES,Spain,Non-teaching day,2026-05-02,2026-05-02,False,,ES-CM,,,b496327c-567f-4c4e-bf8c-39428fe0193f
school_holiday,ES,Spain,Non-teaching day,2026-05-04,2026-05-04,False,,ES-AS,,,092a5b0e-6916-45c3-85b8-1baa301f9133
school_holiday,ES,Spain,Non-teaching day,2026-05-04,2026-05-04,False,,ES-AN-AL,,,91d2c177-cc35-42e1-9bcc-0c493dabbb25
school_holiday,ES,Spain,Non-teaching days,2026-05-25,2026-05-26,False,,ES-CE,,,4d1278f6-dd22-4d53-9537-d27bf9504e7f
school_holiday,ES,Spain,Non-teaching day,2026-06-05,2026-06-05,False,,ES-AN-GR,,,b1a1bac5-76c2-47c2-9ff4-0674b86199e7
school_holiday,ES,Spain,Non-teaching day,2026-06-08,2026-06-08,False,,ES-RI,,,4e4ac061-e42a-4dd8-a7fb-308eb8cef08a
school_holiday,ES,Spain,End of lessons,2026-06-17,2026-06-17,False,,ES-CM,,,4a62b94c-0288-47bd-b7a4-2433e02c0248
school_holiday,ES,Spain,End of lessons,2026-06-19,2026-06-19,False,,ES-ML,,,20ae5084-a06b-4da3-95cd-7be474accb6f
school_holiday,ES,Spain,End of lessons,2026-06-19,2026-06-19,False,,ES-AR,,,38def1f3-8fe5-49c4-9ca0-d30b3d1cbadc
school_holiday,ES,Spain,End of lessons,2026-06-19,2026-06-19,False,,ES-IB,,,428b15cb-bd1e-4e3c-b59d-eeb3bfd32546
school_holiday,ES,Spain,End of lessons,2026-06-19,2026-06-19,False,,ES-GA,,,52ec1848-8b82-4415-84cf-7f5347e2fcaa
school_holiday,ES,Spain,End of lessons,2026-06-19,2026-06-19,False,,ES-PV,,,7766a200-789c-4a45-8da1-95a042ae5495
school_holiday,ES,Spain,End of lessons,2026-06-19,2026-06-19,False,,ES-CN,,,a1ba86f6-eafb-4177-95aa-a2ee94f021ee
school_holiday,ES,Spain,End of lessons,2026-06-19,2026-06-19,False,,ES-VC,,,a817bcba-6b3c-491f-91b9-07467d631bd1
school_holiday,ES,Spain,End of lessons,2026-06-19,2026-06-19,False,,ES-MD,,,cdc476e5-3c51-4d25-99c2-d83594d82f09
school_holiday,ES,Spain,End of lessons,2026-06-19,2026-06-19,False,,ES-CT,,,dad90cda-aa7c-49e1-83f8-ee69d509f945
school_holiday,ES,Spain,End of lessons,2026-06-19,2026-06-19,False,,ES-AS,,,daddbda7-5ca3-4d57-b50a-c86cdd6ffd89
school_holiday,ES,Spain,End of lessons,2026-06-19,2026-06-19,False,,ES-NC,,,f05b019b-af57-4bb2-8abf-9843a283a889
school_holiday,ES,Spain,End of lessons,2026-06-22,2026-06-22,False,,ES-AN-SE,,,0b772116-496e-4f8a-ad7f-66125d21c423
school_holiday,ES,Spain,End of lessons,2026-06-22,2026-06-22,False,,ES-RI,,,6402582e-efa6-4f38-b4d0-b3c8bac1355d
school_holiday,ES,Spain,End of lessons,2026-06-22,2026-06-22,False,,ES-AN-HL,,,67987d4f-f4fd-40de-a158-440526335888
school_holiday,ES,Spain,End of lessons,2026-06-22,2026-06-22,False,,ES-AN-GR,,,778da8b1-77b0-4ee1-9099-e6ead42a302f
school_holiday,ES,Spain,End of lessons,2026-06-22,2026-06-22,False,,ES-MC,,,8376e256-793e-4baa-802d-545129130013
school_holiday,ES,Spain,End of lessons,2026-06-22,2026-06-22,False,,ES-AN-JA,,,c690630a-6a1e-45a3-8eb9-f740e0892382
school_holiday,ES,Spain,End of lessons,2026-06-22,2026-06-22,False,,ES-AN-CO,,,d852efa9-dfa4-4081-adcd-3cf4cd300a6c
school_holiday,ES,Spain,End of lessons,2026-06-22,2026-06-22,False,,ES-CB,,,f606a2db-0d0f-4c1b-98de-8524ea2f6ef9
school_holiday,ES,Spain,End of lessons,2026-06-23,2026-06-23,False,,ES-CE,,,2ffe71da-3e5b-4582-8b5d-c623ab96dd90
school_holiday,ES,Spain,End of lessons,2026-06-23,2026-06-23,False,,ES-AN-AL,,,50696f69-6466-4b69-8d39-7076773e61aa
school_holiday,ES,Spain,End of lessons,2026-06-23,2026-06-23,False,,ES-AN-CA,,,aadefa88-a272-42b1-8e0f-d399c247ddb7
school_holiday,ES,Spain,End of lessons,2026-06-23,2026-06-23,False,,ES-AN-MA,,,eced99bb-a8d3-4022-b980-fb2f54df1b24
school_holiday,ES,Spain,End of lessons,2026-06-24,2026-06-24,False,,ES-CL,,,33748231-d489-45e6-894e-7337ccd06099
school_holiday,ES,Spain,End of lessons,2026-07-23,2026-07-23,False,,ES-EX,,,f5af1749-ac96-46f4-b037-7534e7f9abb7
public_holiday,FR,France,New Year's Day,2023-01-01,2023-01-01,True,,,,,6f50e9f0-0723-4f97-a70a-74cdc9322d31
public_holiday,FR,France,Good Friday,2023-04-07,2023-04-07,False,,FR-GE-BR|FR-GE-MO|FR-GE-HR,,,c58345c3-34da-4d9a-a250-e9cf70d58b7e
public_holiday,FR,France,Easter Monday,2023-04-10,2023-04-10,True,,,,,ddd9056a-df6e-4dad-931f-4a3bfabf3ff3
public_holiday,FR,France,Abolition of slavery,2023-04-27,2023-04-27,False,,FR-YT,,,50e8989d-fc3b-4deb-b37a-446ba3f4f987
public_holiday,FR,France,Labour Day,2023-05-01,2023-05-01,True,,,,,e2734f3c-aa0f-43a8-ab58-ebe2735e045b
public_holiday,FR,France,Victory Day,2023-05-08,2023-05-08,True,,,,,7459097c-8637-4204-bbe4-b254c015fcd8
public_holiday,FR,France,Ascension Day,2023-05-18,2023-05-18,True,,,,,1f096324-7577-44ad-a5b0-f7bbe7f3730b
public_holiday,FR,France,Abolition of slavery,2023-05-22,2023-05-22,False,,FR-MQ,,,586277da-de59-4bde-a0e8-b4ea600cdf93
public_holiday,FR,France,Abolition of slavery,2023-05-27,2023-05-27,False,,FR-GP|FR-MF,,,1ec41aee-51c6-4a2d-a293-bc3eceeb1004
public_holiday,FR,France,Pentecost Monday,2023-05-29,2023-05-29,True,,,,,5f17a187-16f4-452d-adcd-61bc1800e667
public_holiday,FR,France,Abolition of slavery,2023-06-10,2023-06-10,False,,FR-GY,,,3fa188ad-9d0f-444d-af03-b1d88d5aa9e3
public_holiday,FR,France,National Day,2023-07-14,2023-07-14,True,,,,,9a54d9f4-befe-4d59-9b36-c1fc5ec9566c
public_holiday,FR,France,Assumption Day,2023-08-15,2023-08-15,True,,,,,28c54870-3091-48ec-84a1-7fe37730e966
public_holiday,FR,France,Abolition of slavery,2023-10-09,2023-10-09,False,,FR-BL,,,f963a86a-05dd-4559-9305-062e688f3ba3
public_holiday,FR,France,All Saints Day,2023-11-01,2023-11-01,True,,,,,564f5348-916b-43e6-ba82-2ab653662216
public_holiday,FR,France,Armistice Day,2023-11-11,2023-11-11,True,,,,,7419b82c-61f1-4ee1-9bb0-1f7bdb08e5e3
public_holiday,FR,France,Abolition of slavery,2023-12-20,2023-12-20,False,,FR-RU,,,00a623bc-e9f9-41ba-a8c4-527e458be2f1
public_holiday,FR,France,Christmas Day,2023-12-25,2023-12-25,True,,,,,25753733-87e2-40fe-adf7-beb4d11969ac
public_holiday,FR,France,2nd day of Christmas,2023-12-26,2023-12-26,False,,FR-GE-BR|FR-GE-MO|FR-GE-HR,,,a7805816-e67c-4c5b-b563-6fe202d09cd1
public_holiday,FR,France,New Year's Day,2024-01-01,2024-01-01,True,,,,,bd7b0891-0e49-4a38-9479-6b0a800ad912
public_holiday,FR,France,Good Friday,2024-03-29,2024-03-29,False,,FR-GE-BR|FR-GE-MO|FR-GE-HR,,,c807bb25-29b7-4c12-81de-59c327b6554c
public_holiday,FR,France,Easter Monday,2024-04-01,2024-04-01,True,,,,,8cf2ddc6-07af-4635-89df-830af2464d84
public_holiday,FR,France,Abolition of slavery,2024-04-27,2024-04-27,False,,FR-YT,,,191486fc-ccb6-4644-9e81-50a543789744
public_holiday,FR,France,Labour Day,2024-05-01,2024-05-01,True,,,,,0cc3f861-dde3-43ed-b734-516868c6458d
public_holiday,FR,France,Victory Day,2024-05-08,2024-05-08,True,,,,,4f5861d1-32e8-4d91-96e3-17cf7397718a
public_holiday,FR,France,Ascension Day,2024-05-09,2024-05-09,True,,,,,96a2634d-6ebc-4f49-9a5a-9491a34771c6
public_holiday,FR,France,Pentecost Monday,2024-05-20,2024-05-20,True,,,,,3d661d96-1563-41e6-b923-ca062e4d8d59
public_holiday,FR,France,Abolition of slavery,2024-05-22,2024-05-22,False,,FR-MQ,,,eac8ebfe-b7ce-4bb6-a2c0-b3fce0f94934
public_holiday,FR,France,Abolition of slavery,2024-05-27,2024-05-27,False,,FR-GP|FR-MF,,,9613ed36-2bb0-444a-926e-11835305054f
public_holiday,FR,France,Abolition of slavery,2024-06-10,2024-06-10,False,,FR-GY,,,7a4dbd16-600e-4784-9a30-d2cc5f2e730e
public_holiday,FR,France,National Day,2024-07-14,2024-07-14,True,,,,,5ec6bb1a-ff0e-4d20-88f0-f49161bdd80f
public_holiday,FR,France,Assumption Day,2024-08-15,2024-08-15,True,,,,,d405ef27-7ac3-4549-91c9-edc7ce325482
public_holiday,FR,France,Abolition of slavery,2024-10-09,2024-10-09,False,,FR-BL,,,2f9b6e3a-49c8-47b9-b704-1f26e4e0a41f
public_holiday,FR,France,All Saints Day,2024-11-01,2024-11-01,True,,,,,1680bb68-6c6d-4239-b4da-e5f18657e020
public_holiday,FR,France,Armistice Day,2024-11-11,2024-11-11,True,,,,,278733c2-e776-49b5-8a3a-33e8668a2a6f
public_holiday,FR,France,Abolition of slavery,2024-12-20,2024-12-20,False,,FR-RU,,,eadc9848-c0fd-441d-910d-dbf941f47de5
public_holiday,FR,France,Christmas Day,2024-12-25,2024-12-25,True,,,,,52a102c3-d3fd-469d-91b9-71c680b178d4
public_holiday,FR,France,2nd day of Christmas,2024-12-26,2024-12-26,False,,FR-GE-BR|FR-GE-MO|FR-GE-HR,,,5cfb5459-a92c-4cf4-90c3-c038498d9474
public_holiday,FR,France,New Year's Day,2025-01-01,2025-01-01,True,,,,,3d6af0ec-7c20-42ab-a0cd-4404c069a1c6
public_holiday,FR,France,Good Friday,2025-04-18,2025-04-18,False,,FR-GE-BR|FR-GE-MO|FR-GE-HR,,,32cff2a5-f2ef-4910-9cba-03a83e3f4e6f
public_holiday,FR,France,Easter Monday,2025-04-21,2025-04-21,True,,,,,f5575292-d03a-48d6-95a4-e17ef9e31950
public_holiday,FR,France,Abolition of slavery,2025-04-27,2025-04-27,False,,FR-YT,,,a4d6da33-e5ec-45f6-a6f2-26ac389aeb8b
public_holiday,FR,France,Labour Day,2025-05-01,2025-05-01,True,,,,,48043275-4043-4bf3-9510-6f313e96118c
public_holiday,FR,France,Victory Day,2025-05-08,2025-05-08,True,,,,,c8ad9b73-ba89-4025-b4c7-55ff644a1dd5
public_holiday,FR,France,Abolition of slavery,2025-05-22,2025-05-22,False,,FR-MQ,,,e432a8cc-3888-4cf5-96fe-7f72d0f0a0e9
public_holiday,FR,France,Abolition of slavery,2025-05-27,2025-05-27,False,,FR-GP|FR-MF,,,df55ccf1-7126-44d3-b592-935cce010b95
public_holiday,FR,France,Ascension Day,2025-05-29,2025-05-29,True,,,,,65c2ea36-ed05-4743-a35d-1c9598b5b6fd
public_holiday,FR,France,Pentecost Monday,2025-06-09,2025-06-09,True,,,,,40ffc560-e02e-498f-946b-45a0af904619
public_holiday,FR,France,Abolition of slavery,2025-06-10,2025-06-10,False,,FR-GY,,,f596ae48-f1d4-4fc7-a410-2a42713ce560
public_holiday,FR,France,National Day,2025-07-14,2025-07-14,True,,,,,bad3a91b-d075-4ed0-9e53-aa6e8b5439de
public_holiday,FR,France,Assumption Day,2025-08-15,2025-08-15,True,,,,,cd5f2e29-8a47-476b-ad32-53260ff79698
public_holiday,FR,France,Abolition of slavery,2025-10-09,2025-10-09,False,,FR-BL,,,52497c4d-ead0-4950-a81b-3c758098d11e
public_holiday,FR,France,All Saints Day,2025-11-01,2025-11-01,True,,,,,9f0f48b1-79cd-4ac9-a66f-99121bdf9e35
public_holiday,FR,France,Armistice Day,2025-11-11,2025-11-11,True,,,,,c899f9d3-45f4-4463-8dce-247081f02fe3
public_holiday,FR,France,Abolition of slavery,2025-12-20,2025-12-20,False,,FR-RU,,,ad993bd7-6590-4cb2-ae30-5f38e002fc65
public_holiday,FR,France,Christmas Day,2025-12-25,2025-12-25,True,,,,,6333278b-6a85-45c4-9e63-c7442cd273c1
public_holiday,FR,France,2nd day of Christmas,2025-12-26,2025-12-26,False,,FR-GE-BR|FR-GE-MO|FR-GE-HR,,,c10e0270-f8b4-455c-a7c1-2312c141b5ad
school_holiday,FR,France,Christmas Holidays,2022-12-11,2023-01-08,False,,FR-YT,,,6bf6160b-45c4-4a6b-90ec-264c483fd38a
school_holiday,FR,France,Christmas Holidays,2022-12-18,2023-01-02,False,,FR-GE|FR-PL|FR-NO|FR-IF|FR-ZA|FR-BT|FR-HF|FR-OC|FR-BF|FR-ZC|FR-ZB|FR-AR|FR-CV|FR-NA|FR-PC,,,19e9fd0c-952d-4a91-a6e2-c33eb04f6919
school_holiday,FR,France,Christmas Holidays,2022-12-18,2023-01-02,False,,FR-MQ,,,40258647-2eab-4a3a-8ebc-5bd2855eafc4
school_holiday,FR,France,Christmas Holidays,2022-12-18,2023-01-02,False,,FR-GY,,,6277d223-9d24-426a-bfc8-7adab8f5bdef
school_holiday,FR,France,Christmas Holidays,2022-12-18,2023-01-02,False,,FR-GP|FR-BL|FR-MF,,,6f3a78b3-f5cf-483d-ae50-3b8ee81f2244
school_holiday,FR,France,Southern summer holidays,2022-12-18,2023-01-22,False,,FR-RU,,,97228563-29b2-4c53-a1c3-f3008b776014
school_holiday,FR,France,Christmas Holidays,2022-12-18,2023-01-02,False,,FR-CO,,,b3bcfc81-65ff-4c2f-b026-c27b6f460166
school_holiday,FR,France,Christmas Holidays,2022-12-18,2023-01-02,False,,FR-SP,,,d79e7645-e600-4b73-b27e-dffc0e5a935d
school_holiday,FR,France,Winter Holidays,2023-02-05,2023-02-19,False,,FR-ZA|FR-BF|FR-AR|FR-NA,,,2cd82201-b15d-40b5-bf39-1c006a0beb09
school_holiday,FR,France,Winter Holidays,2023-02-12,2023-02-26,False,,FR-GE|FR-PL|FR-NO|FR-BT|FR-HF|FR-ZB|FR-CV|FR-PC,,,0c6b6096-e7bc-4cbb-9eec-bb523a958530
school_holiday,FR,France,Carnival holidays,2023-02-12,2023-02-26,False,,FR-MQ,,,4af30133-5d80-4707-8d20-3b2ca3410d2a
school_holiday,FR,France,Carnival holidays,2023-02-12,2023-02-26,False,,FR-GP|FR-BL|FR-MF,,,5d6f0410-ffc4-4c12-aa4b-afc548892b90
school_holiday,FR,France,February holidays,2023-02-19,2023-03-05,False,,FR-YT,,,58d5ead3-9cfa-4019-8098-89c5c1b02a9f
school_holiday,FR,France,Winter Holidays,2023-02-19,2023-03-05,False,,FR-IF|FR-OC|FR-ZC,,,64177587-a318-4004-af41-efcb6785d6c6
school_holiday,FR,France,Winter Holidays,2023-02-19,2023-03-05,False,,FR-CO,,,b2a4744f-30a3-4a16-9a21-447ab76c1ccf
school_holiday,FR,France,Winter Holidays,2023-02-19,2023-03-05,False,,FR-GY,,,fb0853fd-d45e-4ace-aafd-d233cc4d03f2
school_holiday,FR,France,Holidays after third period,2023-03-12,2023-03-26,False,,FR-RU,,,976096ae-c89d-40ec-a84c-7418ad0a4c5b
school_holiday,FR,France,Easter holidays,2023-04-02,2023-04-16,False,,FR-MQ,,,ec4a5cae-8052-4a30-87f6-004b1d48a334
school_holiday,FR,France,Easter holidays,2023-04-02,2023-04-26,False,,FR-GP|FR-BL|FR-MF,,,f0c6ea92-1915-461f-8308-b7bb710d63c9
school_holiday,FR,France,Spring Holidays,2023-04-09,2023-04-23,False,,FR-ZA|FR-BF|FR-AR|FR-NA,,,70be7e06-d26a-4820-b9e5-bcbe3523922f
school_holiday,FR,France,Spring Holidays,2023-04-16,2023-05-01,False,,FR-CO,,,98cbec19-ea56-4fa0-80fe-0c24c4d43808
school_holiday,FR,France,Spring Holidays,2023-04-16,2023-05-01,False,,FR-GE|FR-PL|FR-NO|FR-BT|FR-HF|FR-ZB|FR-CV|FR-PC,,,d057ef80-1fbc-4258-8818-0b61267a8056
school_holiday,FR,France,Spring Holidays,2023-04-23,2023-05-08,False,,FR-IF|FR-OC|FR-ZC,,,4c9c6e83-86e7-4497-9399-464254b38765
school_holiday,FR,France,Easter holidays,2023-04-23,2023-05-07,False,,FR-YT,,,eb123698-4c68-4a40-88eb-0b58b12e7598
school_holiday,FR,France,Holidays after fourth period,2023-05-14,2023-05-29,False,,FR-RU,,,306f9268-d820-4903-bce1-35bd7da4ebfc
school_holiday,FR,France,Ascension Bridge,2023-05-14,2023-05-21,False,,FR-GY,,,d32adf4a-888e-4fb9-a71c-3856528a3b72
school_holiday,FR,France,Ascension Bridge,2023-05-18,2023-05-21,False,,FR-GE|FR-PL|FR-NO|FR-IF|FR-ZA|FR-BT|FR-HF|FR-OC|FR-BF|FR-ZC|FR-ZB|FR-AR|FR-CV|FR-NA|FR-PC,,,1f0ab05a-1d3a-4522-81db-d162f54dd914
school_holiday,FR,France,Ascension Bridge,2023-05-18,2023-05-21,False,,FR-CO,,,acd2d082-1701-42e9-979c-aab93eac0151
school_holiday,FR,France,Ascension Bridge,2023-05-18,2023-05-21,False,,FR-SP,,,cab1a7db-dfae-4222-a4be-b412d0ebe62d
school_holiday,FR,France,No lessons,2023-05-19,2023-05-20,False,,FR-MQ,,,8fc03511-9c6e-4ef2-9da5-90738463f3a6
school_holiday,FR,France,Summer Holidays,2023-07-08,2023-08-22,False,,FR-YT,,,43999fd0-26af-4d59-9c26-f89791f8e748
school_holiday,FR,France,Summer Holidays,2023-07-08,2023-09-04,False,,FR-CO,,,ac4a2fe5-7a0b-4292-ac85-831fa623a48a
school_holiday,FR,France,Southern winter holidays,2023-07-09,2023-08-16,False,,FR-RU,,,16245d78-dc91-4fb4-be8a-b067aa8032f5
school_holiday,FR,France,Summer Holidays,2023-07-09,2023-09-03,False,,FR-SP,,,32df3a66-0faa-495b-809e-e26b4f7d8f50
school_holiday,FR,France,Summer Holidays,2023-07-09,2023-09-03,False,,FR-GP|FR-BL|FR-MF,,,81e95dbe-d305-470b-b12a-d79072b28a90
school_holiday,FR,France,Summer Holidays,2023-07-09,2023-09-03,False,,FR-GE|FR-PL|FR-NO|FR-IF|FR-ZA|FR-BT|FR-HF|FR-OC|FR-BF|FR-ZC|FR-ZB|FR-AR|FR-CV|FR-NA|FR-PC,,,a77a7def-fc77-4f43-b30b-c6c35652095a
school_holiday,FR,France,Summer Holidays,2023-07-09,2023-09-03,False,,FR-MQ,,,cdc3b969-4a80-4417-ae07-1129eceb3af2
school_holiday,FR,France,Summer Holidays,2023-07-09,2023-09-03,False,,FR-GY,,,ea7ec131-631a-420c-8f4f-f872cda961dc
school_holiday,FR,France,Holidays after first period,2023-10-15,2023-10-29,False,,FR-RU,,,c527a43e-94bd-45c0-9f9b-84c07bbae8b2
school_holiday,FR,France,All Saints Holidays,2023-10-15,2023-10-29,False,,FR-YT,,,cf844339-3de3-40e5-9e6a-c9b37acb3afa
school_holiday,FR,France,All Saints Holidays,2023-10-22,2023-11-05,False,,FR-GY,,,43365bb7-33ca-4781-b48d-b434908fe07e
school_holiday,FR,France,All Saints Holidays,2023-10-22,2023-11-05,False,,FR-CO,,,68f9f927-9bc7-4820-bbe7-2fdcc7528e54
school_holiday,FR,France,All Saints Holidays,2023-10-22,2023-11-05,False,,FR-GE|FR-PL|FR-NO|FR-IF|FR-ZA|FR-BT|FR-HF|FR-OC|FR-BF|FR-ZC|FR-ZB|FR-AR|FR-CV|FR-NA|FR-PC,,,7592886b-b355-43cf-93ae-232bc1e4a5fa
school_holiday,FR,France,All Saints Holidays,2023-10-22,2023-11-05,False,,FR-GP|FR-BL|FR-MF,,,7a195ce5-afa6-4924-b0c5-0033ed83be8b
school_holiday,FR,France,All Saints Holidays,2023-10-22,2023-11-05,False,,FR-SP,,,d39659ee-8824-4b0e-b7fc-f7fa966a7aaf
school_holiday,FR,France,All Saints Holidays,2023-10-22,2023-11-05,False,,FR-MQ,,,d5583894-f4d8-4015-aac8-ab88b5f3b1a3
school_holiday,FR,France,Christmas Holidays,2023-12-17,2024-01-14,False,,FR-YT,,,fba06a3f-3456-4c36-bf12-b34fc9d3ba17
school_holiday,FR,France,Southern summer holidays,2023-12-20,2024-01-21,False,,FR-RU,,,6eb5f86e-a718-44ba-b6cb-3c9a2120a03e
school_holiday,FR,France,Christmas Holidays,2023-12-24,2024-01-07,False,,FR-GY,,,73acc0e7-d4b4-4dde-baaf-a3b4dbf5246d
school_holiday,FR,France,Christmas Holidays,2023-12-24,2024-01-07,False,,FR-CO,,,82f97f63-62f2-4eb7-86a4-c02569a5ae1b
school_holiday,FR,France,Christmas Holidays,2023-12-24,2024-01-07,False,,FR-SP,,,936f906a-cbbf-4acc-8603-e9d79904d786
school_holiday,FR,France,Christmas Holidays,2023-12-24,2024-01-07,False,,FR-MQ,,,a2f1a05b-6f0b-4506-a50e-5897a3857c79
school_holiday,FR,France,Christmas Holidays,2023-12-24,2024-01-07,False,,FR-GE|FR-PL|FR-NO|FR-IF|FR-ZA|FR-BT|FR-HF|FR-OC|FR-BF|FR-ZC|FR-ZB|FR-AR|FR-CV|FR-NA|FR-PC,,,a84882bb-7f11-42a6-a4c1-a6eeafa2c621
school_holiday,FR,France,Christmas Holidays,2023-12-24,2024-01-07,False,,FR-GP|FR-BL|FR-MF,,,de5895ab-422b-4d16-b895-f5337d57b91f
school_holiday,FR,France,Winter Holidays,2024-02-11,2024-02-25,False,,FR-IF|FR-OC|FR-ZC,,,5d5c6045-5a13-4c0c-a198-8f31ecba7f52
school_holiday,FR,France,Carnival holidays,2024-02-11,2024-02-25,False,,FR-GY,,,973d4aa3-b7bc-4737-b990-a34df34dac61
school_holiday,FR,France,Carnival holidays,2024-02-11,2024-02-25,False,,FR-MQ,,,b3db0d1a-8ed1-482d-9d16-3c5fcbd6f9a3
school_holiday,FR,France,Winter Holidays,2024-02-18,2024-03-03,False,,FR-ZA|FR-BF|FR-AR|FR-NA,,,afff9cbd-77ed-4e52-8c1f-6f5a4245cb5c
school_holiday,FR,France,Winter Holidays,2024-02-25,2024-03-10,False,,FR-GE|FR-PL|FR-NO|FR-BT|FR-HF|FR-ZB|FR-CV|FR-PC,,,9fd91aa5-da23-414f-82cf-2fdf888bffbe
school_holiday,FR,France,February holidays,2024-02-25,2024-03-10,False,,FR-YT,,,a104b9c6-2d69-4189-a6bd-84e452764431
school_holiday,FR,France,Winter Holidays,2024-02-25,2024-03-10,False,,FR-CO,,,b477dbd9-a47c-42f7-b65b-b7777bb66fd6
school_holiday,FR,France,Holidays after third period,2024-03-03,2024-03-17,False,,FR-RU,,,955e8a16-e9dd-4d35-a6e5-700417b6f693
school_holiday,FR,France,Easter holidays,2024-03-24,2024-04-07,False,,FR-MQ,,,5f1de495-7ccf-4c30-aa63-11e542e9b699
school_holiday,FR,France,Easter holidays,2024-03-29,2025-05-04,False,,FR-GY,,,833e17c3-66f2-4033-add3-c9a2b6952c4b
school_holiday,FR,France,Spring Holidays,2024-04-07,2024-04-21,False,,FR-IF|FR-OC|FR-ZC,,,47a2f4ab-9a8f-4a97-8c36-21a820b6d4e5
school_holiday,FR,France,Spring Holidays,2024-04-14,2024-04-28,False,,FR-ZA|FR-BF|FR-AR|FR-NA,,,1dd723f4-6d5f-48dd-afca-6549e30f3c44
school_holiday,FR,France,Spring Holidays,2024-04-21,2024-05-05,False,,FR-GE|FR-PL|FR-NO|FR-BT|FR-HF|FR-ZB|FR-CV|FR-PC,,,a4d617ec-3f30-4c99-91ad-76f750dd26fb
school_holiday,FR,France,Easter holidays,2024-04-21,2024-05-02,False,,FR-GY,,,c807882e-40e5-483e-8ca3-61c2d33f3ff2
school_holiday,FR,France,Easter holidays,2024-04-28,2024-05-12,False,,FR-YT,,,93458cc1-33b9-4446-b987-de9e98fcd03f
school_holiday,FR,France,Spring Holidays,2024-04-28,2024-05-12,False,,FR-CO,,,c9a748dd-4d12-4ea6-bffb-83d338209453
school_holiday,FR,France,Holidays after fourth period,2024-05-05,2024-05-20,False,,FR-RU,,,8f3980d9-7dff-4b69-98b1-91197a4474f1
school_holiday,FR,France,No lessons,2024-05-10,2024-05-11,False,,FR-MQ,,,3693cb80-6275-43e5-95d3-76fddeb5fb48
school_holiday,FR,France,Ascension Bridge,2024-05-10,2024-05-11,False,,FR-GY,,,3bd1bbcf-a5ba-4f24-8aba-cee2be676da0
school_holiday,FR,France,Week in May,2024-05-10,2024-05-11,False,,FR-GP|FR-BL|FR-MF,,,fd6d3ae8-1370-4734-9f81-58ed45b3e04d
school_holiday,FR,France,Summer Holidays,2024-07-07,2024-09-01,False,,FR-MQ,,,2576e7b0-c5b3-4355-8fcc-25fda19c7e81
school_holiday,FR,France,Summer Holidays,2024-07-07,2024-09-01,False,,FR-GP|FR-BL|FR-MF,,,531c2ff3-db93-4b09-928b-bc4a75803569
school_holiday,FR,France,Summer Holidays,2024-07-07,2024-09-01,False,,FR-GE|FR-PL|FR-NO|FR-IF|FR-ZA|FR-BT|FR-HF|FR-OC|FR-BF|FR-ZC|FR-ZB|FR-AR|FR-CV|FR-NA|FR-PC,,,7caa5418-c8ec-44c4-ab8e-b1aede561fb7
school_holiday,FR,France,Summer Holidays,2024-07-07,2024-09-02,False,,FR-CO,,,7fa4ab88-b3d9-4c21-9bfc-a0042ec75062
school_holiday,FR,France,Southern winter holidays,2024-07-07,2024-08-18,False,,FR-RU,,,93ac23ea-6f70-4f5c-b5cc-2cf6b6d09933
school_holiday,FR,France,Summer Holidays,2024-07-07,2024-08-25,False,,FR-YT,,,cb7f795e-871d-49f1-a4f6-fc55fba9e576
school_holiday,FR,France,Summer Holidays,2024-07-07,2024-09-01,False,,FR-SP,,,eff61132-1a75-4c5b-bda0-14913ef3bedc
school_holiday,FR,France,Holidays after first period,2024-10-13,2024-10-27,False,,FR-RU,,,6b697092-3061-49b8-b98f-4afa7c4b2a10
school_holiday,FR,France,All Saints Holidays,2024-10-13,2024-10-27,False,,FR-YT,,,cf12bc2e-776e-43de-a982-9d2d9040f426
school_holiday,FR,France,All Saints Holidays,2024-10-20,2024-11-03,False,,FR-GY,,,1e2f449c-f73a-422e-bbc0-29a3d9184f0d
school_holiday,FR,France,All Saints Holidays,2024-10-20,2024-11-03,False,,FR-GE|FR-PL|FR-NO|FR-IF|FR-ZA|FR-BT|FR-HF|FR-OC|FR-BF|FR-ZC|FR-ZB|FR-AR|FR-CV|FR-NA|FR-PC,,,b6125167-254b-4e8f-9a99-985a63b46cfb
school_holiday,FR,France,All Saints Holidays,2024-10-20,2024-11-03,False,,FR-CO,,,ef26435b-8690-4216-913a-04fa33f68cc3
school_holiday,FR,France,All Saints Holidays,2024-10-20,2024-11-03,False,,FR-SP,,,f7f9a462-d8d6-4dc9-9f9d-7cc00d1a0478
school_holiday,FR,France,All Saints Holidays,2024-10-20,2024-11-03,False,,FR-MQ,,,ff735516-113b-427b-b389-3076369e7ec5
school_holiday,FR,France,All Saints Holidays,2024-10-23,2024-11-03,False,,FR-GP|FR-BL|FR-MF,,,4cb53c43-7c3d-42e0-b151-0ef98ec40857
school_holiday,FR,France,All Saints Holidays,2024-10-23,2024-11-03,False,,FR-SP,,,7d647acb-e9c5-4ae6-bef7-dc67048056fb
school_holiday,FR,France,Christmas Holidays,2024-12-15,2025-01-12,False,,FR-YT,,,95485d46-f79c-4c7b-8307-a6f4f6b304e2
school_holiday,FR,France,Southern summer holidays,2024-12-20,2025-01-20,False,,FR-RU,,,8c406693-b4d0-4cf2-8949-165eeb20ce08
school_holiday,FR,France,Christmas Holidays,2024-12-22,2025-01-05,False,,FR-GE|FR-PL|FR-NO|FR-IF|FR-ZA|FR-BT|FR-HF|FR-OC|FR-BF|FR-ZC|FR-ZB|FR-AR|FR-CV|FR-NA|FR-PC,,,37673317-e59e-48e9-baa1-d33cea33c080
school_holiday,FR,France,Christmas Holidays,2024-12-22,2025-01-05,False,,FR-MQ,,,6e78f943-41e5-4bdf-8d41-ce50ec87191a
school_holiday,FR,France,Christmas Holidays,2024-12-22,2025-01-05,False,,FR-GY,,,6ebd98de-d268-444a-aa0b-095126667231
school_holiday,FR,France,Christmas Holidays,2024-12-22,2025-01-05,False,,FR-GP|FR-BL|FR-MF,,,82a12ca2-02e5-40ac-92cd-56797f558fdc
school_holiday,FR,France,Christmas Holidays,2024-12-22,2025-01-05,False,,FR-CO,,,c4bacd58-c53b-43db-b031-bbb9568bc21b
school_holiday,FR,France,Christmas Holidays,2024-12-22,2025-01-05,False,,FR-SP,,,fdbb72ad-b428-48db-a25e-e15aa835932f
school_holiday,FR,France,Winter Holidays,2025-02-09,2025-02-23,False,,FR-GE|FR-PL|FR-NO|FR-BT|FR-HF|FR-ZB|FR-CV|FR-PC,,,d6a63874-54ab-44e0-9296-e3011ef1b63c
school_holiday,FR,France,Winter Holidays,2025-02-16,2025-03-02,False,,FR-IF|FR-OC|FR-ZC,,,78f214c4-b062-4165-a98d-886ffe050592
school_holiday,FR,France,Winter Holidays,2025-02-16,2025-03-02,False,,FR-CO,,,fce65bc7-9c6c-4729-a6d8-2ed05a280674
school_holiday,FR,France,Carnival holidays,2025-02-23,2025-03-09,False,,FR-GP|FR-BL|FR-MF,,,2bd91fd2-1e02-497c-85c2-db027be3fbca
school_holiday,FR,France,Winter Holidays,2025-02-23,2025-03-09,False,,FR-ZA|FR-BF|FR-AR|FR-NA,,,8fb2bcb3-39f7-4dcf-8381-e7f671cb15c0
school_holiday,FR,France,Winter Holidays,2025-02-23,2025-03-09,False,,FR-SP,,,dd461155-50ef-4ecc-b06e-7139371247f6
school_holiday,FR,France,Carnival holidays,2025-02-23,2025-03-09,False,,FR-MQ,,,eef3a6e2-ad73-47e4-b081-0a44dbfe4732
school_holiday,FR,France,Carnival holidays,2025-02-23,2025-03-09,False,,FR-GY,,,f1933413-51eb-46c2-b830-32898d506128
school_holiday,FR,France,February holidays,2025-03-02,2025-03-16,False,,FR-YT,,,a7b4ef2f-1d81-44b3-9af6-1bc1a8ed3df1
school_holiday,FR,France,Holidays after third period,2025-03-02,2025-03-16,False,,FR-RU,,,ef89017c-ed6a-410d-a522-e52aa4a9b213
school_holiday,FR,France,Spring Holidays,2025-04-06,2025-04-21,False,,FR-GE|FR-PL|FR-NO|FR-BT|FR-HF|FR-ZB|FR-CV|FR-PC,,,f1211d65-d6cd-4c9f-a1d1-62010eaccd02
school_holiday,FR,France,Spring Holidays,2025-04-13,2025-04-27,False,,FR-CO,,,2bfb94b2-89de-4f75-90e6-72276aa5bb66
school_holiday,FR,France,Easter holidays,2025-04-13,2025-04-27,False,,FR-MQ,,,2dce2c1c-821d-4d7b-90e1-7a55b004b4a8
school_holiday,FR,France,Spring Holidays,2025-04-13,2025-04-27,False,,FR-IF|FR-OC|FR-ZC,,,cd69d675-cb23-4b4d-9146-0b3a856df3d4
school_holiday,FR,France,Easter holidays,2025-04-18,2025-05-04,False,,FR-GP|FR-BL|FR-MF,,,4380320b-84b4-4580-b9f0-047614a6a551
school_holiday,FR,France,Easter holidays,2025-04-18,2025-05-04,False,,FR-GY,,,728b1ba8-12d1-4401-b86b-aae4fcd9d68e
school_holiday,FR,France,Spring Holidays,2025-04-19,2025-05-04,False,,FR-SP,,,9e27a1b2-0784-4c23-9c51-630494a91ccd
school_holiday,FR,France,Spring Holidays,2025-04-20,2025-05-04,False,,FR-ZA|FR-BF|FR-AR|FR-NA,,,7cabe16f-10ed-4327-8130-f8defb5dad56
school_holiday,FR,France,Easter holidays,2025-04-27,2025-05-11,False,,FR-YT,,,ff199182-1f48-4c05-9e69-c154ec2ba106
school_holiday,FR,France,Holidays after fourth period,2025-05-04,2025-05-18,False,,FR-RU,,,134b983c-bb4c-42ce-93d4-ef5422671b5d
school_holiday,FR,France,Week in May,2025-05-26,2025-05-26,False,,FR-GP|FR-BL,,,7a3dbfb6-07c7-4278-b207-88b3e8668179
school_holiday,FR,France,Week in May,2025-05-26,2025-05-26,False,,FR-GP|FR-BL|FR-MF,,,f921f99e-8395-476b-83d5-267fdaa927bf
school_holiday,FR,France,Week in May,2025-05-27,2025-05-27,False,,FR-MF,,,e245d0b7-ebd9-4942-889e-f1cddcc6c8f0
school_holiday,FR,France,Ascension Bridge,2025-05-28,2025-06-01,False,,FR-SP,,,343322e8-317e-4e65-aff7-d1750a239703
school_holiday,FR,France,Week in May,2025-05-28,2025-05-28,False,,FR-GP|FR-BL,,,e4bc6b44-57ef-4e56-8f0a-add6932fc8de
school_holiday,FR,France,Week in May,2025-05-29,2025-05-29,False,,FR-MF,,,91a62428-ccf2-4da1-ae3e-dc97a5a95178
school_holiday,FR,France,No lessons,2025-05-30,2025-05-31,False,,FR-MQ,,,0b2caf95-f3c2-42b8-856f-98a2919d9674
school_holiday,FR,France,Ascension Bridge,2025-05-30,2025-05-31,False,,FR-GY,,,b407111d-8734-4869-bae3-0f22599b3a21
school_holiday,FR,France,Week in May,2025-05-30,2025-05-31,False,,FR-GP|FR-BL|FR-MF,,,c06ac335-87bb-4f74-89d7-3fc0d4869b07
school_holiday,FR,France,Summer Holidays,2025-07-05,2025-08-22,False,,FR-YT,,,2e2ee846-61b0-4311-aa6a-45d5b489b88d
school_holiday,FR,France,Summer Holidays,2025-07-06,2025-08-31,False,,FR-GE|FR-PL|FR-NO|FR-IF|FR-ZA|FR-BT|FR-HF|FR-OC|FR-BF|FR-ZC|FR-ZB|FR-AR|FR-CV|FR-NA|FR-PC,,,1a3ba895-36f5-4825-ba90-87b2949441d2
school_holiday,FR,France,Southern winter holidays,2025-07-06,2025-08-18,False,,FR-RU,,,2f984301-2fc8-4218-8420-12e63ea5e0c6
school_holiday,FR,France,Summer Holidays,2025-07-06,2025-08-31,False,,FR-MQ,,,5de65749-9ceb-47cc-a81e-f3f34e9d5fc1
school_holiday,FR,France,Summer Holidays,2025-07-06,2025-08-31,False,,FR-GP|FR-BL|FR-MF,,,635a2266-f7cf-4c97-ad56-03a8e0a70a5d
school_holiday,FR,France,Summer Holidays,2025-07-06,2025-08-31,False,,FR-GY,,,75e30d12-727f-4bac-81dc-4cb842e388be
school_holiday,FR,France,Summer Holidays,2025-07-06,2025-08-31,False,,FR-SP,,,a1d577ff-5cac-4218-8cb8-cf10acdb65c9
school_holiday,FR,France,Summer Holidays,2025-07-06,2025-08-31,False,,FR-CO,,,ca9f0e61-fc06-4a3c-9e2b-224b6aacf28c
school_holiday,FR,France,Holidays after first period,2025-10-12,2025-10-26,False,,FR-RU,,,95d738f1-5a53-4314-98a8-083d8804cb9b
school_holiday,FR,France,All Saints Holidays,2025-10-12,2025-10-26,False,,FR-YT,,,e22bff2d-da48-409d-a6ec-43695629a462
school_holiday,FR,France,All Saints Holidays,2025-10-19,2025-11-02,False,,FR-MQ,,,082d5002-6ee8-48b6-8d85-f9d3cecf6aa0
school_holiday,FR,France,All Saints Holidays,2025-10-19,2025-11-02,False,,FR-GY,,,1a64bd88-d519-456c-9f1a-34f27edaa726
school_holiday,FR,France,All Saints Holidays,2025-10-19,2025-11-02,False,,FR-GP|FR-BL|FR-MF,,,2827b8ee-2354-45f6-bddf-338a5b87f901
school_holiday,FR,France,All Saints Holidays,2025-10-19,2025-11-02,False,,FR-CO,,,2afcd323-f1f6-4916-bdba-31e7feedf52d
school_holiday,FR,France,All Saints Holidays,2025-10-19,2025-11-02,False,,FR-SP,,,9471216a-b4be-4b8c-94b8-3a9d8fe50d62
school_holiday,FR,France,All Saints Holidays,2025-10-19,2025-11-02,False,,FR-GE|FR-PL|FR-NO|FR-IF|FR-ZA|FR-BT|FR-HF|FR-OC|FR-BF|FR-ZC|FR-ZB|FR-AR|FR-CV|FR-NA|FR-PC,,,9efd88bb-e41b-4021-afc6-f5c1f493e3c8
school_holiday,FR,France,Christmas Holidays,2025-12-14,2026-01-11,False,,FR-YT,,,14519e02-3406-4016-923f-0bb6bf111198
school_holiday,FR,France,Southern summer holidays,2025-12-20,2026-01-20,False,,FR-RU,,,4a79d5b8-d25c-4f5d-aa84-9753f814b895
school_holiday,FR,France,Christmas Holidays,2025-12-21,2026-01-04,False,,FR-GP|FR-BL|FR-MF,,,0783d5cf-5e4b-4511-8ada-1400c4e8c2c0
school_holiday,FR,France,Christmas Holidays,2025-12-21,2026-01-04,False,,FR-GY,,,0ba23aaf-90ac-40af-a9ec-63fd5adf86bb
school_holiday,FR,France,Christmas Holidays,2025-12-21,2026-01-04,False,,FR-GE|FR-PL|FR-NO|FR-IF|FR-ZA|FR-BT|FR-HF|FR-OC|FR-BF|FR-ZC|FR-ZB|FR-AR|FR-CV|FR-NA|FR-PC,,,361a6fd9-8773-4d99-9c19-f481fec94476
school_holiday,FR,France,Christmas Holidays,2025-12-21,2026-01-04,False,,FR-CO,,,9d79f489-0199-41d8-955b-1d8633a42a18
school_holiday,FR,France,Christmas Holidays,2025-12-21,2026-01-04,False,,FR-MQ,,,bf2b0730-ee31-41f2-a85f-44e1dac61cc3
school_holiday,FR,France,Christmas Holidays,2025-12-21,2026-01-04,False,,FR-SP,,,dce0accd-6c11-4341-9ad9-00d24ed2a9c7
public_holiday,FR,France,New Year's Day,2026-01-01,2026-01-01,True,,,,,404bff19-7158-41ae-bbab-bcebe58394fe
public_holiday,FR,France,Good Friday,2026-04-03,2026-04-03,False,,FR-GE-BR|FR-GE-MO|FR-GE-HR,,,1d72e24a-0bfb-4261-81ca-d75f5e885df9
public_holiday,FR,France,Easter Monday,2026-04-06,2026-04-06,True,,,,,ebe2aaf5-cdb4-4d96-ba43-9f100da69eda
public_holiday,FR,France,Abolition of slavery,2026-04-27,2026-04-27,False,,FR-YT,,,584b0723-23b0-49e8-ab38-415f685348cc
public_holiday,FR,France,Labour Day,2026-05-01,2026-05-01,True,,,,,fc010d41-f92e-46c8-a1ff-dd15c7d41c51
public_holiday,FR,France,Victory Day,2026-05-08,2026-05-08,True,,,,,10584455-8720-452a-ad5f-76b1a1d15d71
public_holiday,FR,France,Ascension Day,2026-05-14,2026-05-14,True,,,,,bbe1977e-5f60-41f7-9c99-9527a9283cb6
public_holiday,FR,France,Abolition of slavery,2026-05-22,2026-05-22,False,,FR-MQ,,,4b7041da-aed4-4ed7-9619-4f08d0d12f76
public_holiday,FR,France,Pentecost Monday,2026-05-25,2026-05-25,True,,,,,3e9b1361-ebd9-4e4a-8542-862f533415cd
public_holiday,FR,France,Abolition of slavery,2026-05-27,2026-05-27,False,,FR-GP|FR-MF,,,bf91d47d-680e-4469-99ab-bd9b157671da
public_holiday,FR,France,Abolition of slavery,2026-06-10,2026-06-10,False,,FR-GY,,,3a6d576b-9f46-4278-a82b-d06b0c170697
public_holiday,FR,France,National Day,2026-07-14,2026-07-14,True,,,,,3f4b1afa-67be-4c07-8203-21e03013584d
public_holiday,FR,France,Assumption Day,2026-08-15,2026-08-15,True,,,,,108706fb-87fc-47db-b187-44f324c30106
public_holiday,FR,France,Abolition of slavery,2026-10-09,2026-10-09,False,,FR-BL,,,b3d8f616-2e48-4679-866c-dcfbabfde2dd
public_holiday,FR,France,All Saints Day,2026-11-01,2026-11-01,True,,,,,4671b54a-31a7-4f37-a77c-6ce7eae1aa5c
public_holiday,FR,France,Armistice Day,2026-11-11,2026-11-11,True,,,,,93a82153-d7ba-4be1-818f-a97996aa27ef
public_holiday,FR,France,Abolition of slavery,2026-12-20,2026-12-20,False,,FR-RU,,,07cb6c6f-9202-42d3-9e9f-bc34a1e1e3c5
public_holiday,FR,France,Christmas Day,2026-12-25,2026-12-25,True,,,,,8fa33274-271d-4f62-a3bc-bcf991245bb3
public_holiday,FR,France,2nd day of Christmas,2026-12-26,2026-12-26,False,,FR-GE-BR|FR-GE-MO|FR-GE-HR,,,2217e34a-91d9-4ad5-94f3-3bd8a735a3d6
public_holiday,FR,France,New Year's Day,2027-01-01,2027-01-01,True,,,,,4109f291-07bf-4779-a855-d015dbece3bc
public_holiday,FR,France,Good Friday,2027-03-26,2027-03-26,False,,FR-GE-BR|FR-GE-MO|FR-GE-HR,,,d8f9f972-3caf-4fd5-aa6a-b619e778c566
public_holiday,FR,France,Easter Monday,2027-03-29,2027-03-29,True,,,,,f3fb9fba-a333-41a7-bf71-df309993a333
public_holiday,FR,France,Abolition of slavery,2027-04-27,2027-04-27,False,,FR-YT,,,140006d4-f811-4ad2-ba3d-530e17815b87
public_holiday,FR,France,Labour Day,2027-05-01,2027-05-01,True,,,,,1bd1f40b-17e4-4df0-97f3-508b1d2b92a6
public_holiday,FR,France,Ascension Day,2027-05-06,2027-05-06,True,,,,,370651c6-9d98-4189-9417-1fae1c464a72
public_holiday,FR,France,Victory Day,2027-05-08,2027-05-08,True,,,,,eb57f92b-dea4-44d0-ac76-990268c5bde1
public_holiday,FR,France,Pentecost Monday,2027-05-17,2027-05-17,True,,,,,6f3c633e-8e73-4619-b3df-b70fa1ad5416
public_holiday,FR,France,Abolition of slavery,2027-05-22,2027-05-22,False,,FR-MQ,,,3e4fcc06-4fba-4d49-89ee-7a1d20d436f7
public_holiday,FR,France,Abolition of slavery,2027-05-27,2027-05-27,False,,FR-GP|FR-MF,,,a943066f-c954-439a-a9e1-8bb5c6307093
public_holiday,FR,France,Abolition of slavery,2027-06-10,2027-06-10,False,,FR-GY,,,2f24b4a0-ee13-45ec-b37b-09694ed35c28
public_holiday,FR,France,National Day,2027-07-14,2027-07-14,True,,,,,5643849d-ead8-4345-9077-feb1098a394a
public_holiday,FR,France,Assumption Day,2027-08-15,2027-08-15,True,,,,,7072947e-7f66-466f-9f02-0e4314c2e377
public_holiday,FR,France,Abolition of slavery,2027-10-09,2027-10-09,False,,FR-BL,,,d69ad69b-cc7a-4289-8e43-1fe003697e84
public_holiday,FR,France,All Saints Day,2027-11-01,2027-11-01,True,,,,,f467e27a-8a26-484e-831f-1d2b8ad71f08
public_holiday,FR,France,Armistice Day,2027-11-11,2027-11-11,True,,,,,51ca6fa8-b5c5-4a62-86c0-6ec6c2da0299
public_holiday,FR,France,Abolition of slavery,2027-12-20,2027-12-20,False,,FR-RU,,,a778a8cc-a195-47e7-9d3a-634652eea6d8
public_holiday,FR,France,Christmas Day,2027-12-25,2027-12-25,True,,,,,08ab765c-f02f-48dc-9282-84accff9ec42
public_holiday,FR,France,2nd day of Christmas,2027-12-26,2027-12-26,False,,FR-GE-BR|FR-GE-MO|FR-GE-HR,,,a661b39c-1d18-4c53-a83b-92d099b03c0b
school_holiday,FR,France,Carnival holidays,2026-02-08,2026-02-22,False,,FR-MQ,,,2bec8cb2-b585-4106-8b02-6d5d6f3764ac
school_holiday,FR,France,Carnival holidays,2026-02-08,2026-02-22,False,,FR-GY,,,33ad2952-364a-48d4-977d-121c47c8eaec
school_holiday,FR,France,Winter Holidays,2026-02-08,2026-02-22,False,,FR-ZA|FR-BF|FR-AR|FR-NA,,,954e5aae-39fc-418a-8a93-e758a8a6bb67
school_holiday,FR,France,Carnival holidays,2026-02-08,2026-02-22,False,,FR-GP|FR-BL|FR-MF,,,cff561c5-f052-4d89-9f5a-cd38a410844f
school_holiday,FR,France,Winter Holidays,2026-02-15,2026-03-01,False,,FR-GE|FR-PL|FR-NO|FR-BT|FR-HF|FR-ZB|FR-CV|FR-PC,,,4039a322-b417-48e1-a751-a4bd133f2b06
school_holiday,FR,France,Winter Holidays,2026-02-15,2026-03-01,False,,FR-CO,,,86d4d58b-76cf-4258-992c-ea51cac6b971
school_holiday,FR,France,Winter Holidays,2026-02-22,2026-03-08,False,,FR-IF|FR-OC|FR-ZC,,,09ee863b-c982-4f62-9dea-0ca17c22b6f1
school_holiday,FR,France,Holidays after third period,2026-03-01,2026-03-15,False,,FR-RU,,,1cb0c52a-d24e-4954-bb31-7833daffebe8
school_holiday,FR,France,February holidays,2026-03-02,2026-03-08,False,,FR-YT,,,87e25729-a578-4d3c-af52-a8bc76f603cd
school_holiday,FR,France,Easter holidays,2026-03-28,2026-04-12,False,,FR-MQ,,,9c0b1813-6eb9-4dd1-b513-50968c8f52d1
school_holiday,FR,France,Easter holidays,2026-04-02,2026-04-15,False,,FR-GY,,,d9a5529c-fe98-458a-8dde-7aea67d4e16c
school_holiday,FR,France,Easter holidays,2026-04-03,2026-04-19,False,,FR-GP|FR-BL|FR-MF,,,280bc9e5-939e-4100-b35f-4ba1737c8ffe
school_holiday,FR,France,Spring Holidays,2026-04-05,2026-04-19,False,,FR-ZA|FR-BF|FR-AR|FR-NA,,,9353034c-7df8-4d95-902f-c51002bde552
school_holiday,FR,France,Spring Holidays,2026-04-12,2026-04-26,False,,FR-CO,,,717ae719-7db5-499c-a666-9bec72101f8f
school_holiday,FR,France,Spring Holidays,2026-04-12,2026-04-26,False,,FR-GE|FR-PL|FR-NO|FR-BT|FR-HF|FR-ZB|FR-CV|FR-PC,,,d9baa9e2-93dd-4b56-9e95-7658952ed1a1
school_holiday,FR,France,Easter holidays,2026-04-18,2026-05-04,False,,FR-GP|FR-BL|FR-MF,,,e0c1d64e-3010-4a5d-a489-1eb4cc8eea3d
school_holiday,FR,France,Spring Holidays,2026-04-19,2026-05-03,False,,FR-IF|FR-OC|FR-ZC,,,06ebc77d-02d3-4fed-bf01-2bf6b08ab31f
school_holiday,FR,France,Easter holidays,2026-04-26,2026-05-11,False,,FR-YT,,,0819ffc2-a68a-42df-8248-6be150bf6c0a
school_holiday,FR,France,Holidays after fourth period,2026-05-03,2026-05-17,False,,FR-RU,,,94845932-7265-4aad-952c-232ee2e8a002
school_holiday,FR,France,Week in May,2026-05-15,2026-05-16,False,,FR-GP|FR-BL,,,0d7bb68e-25d5-45ad-9af5-f858d2e87af6
school_holiday,FR,France,No lessons,2026-05-15,2026-05-16,False,,FR-MQ,,,4a773faf-5f53-416b-ac9d-589dfe0a77dc
school_holiday,FR,France,Week in May,2026-05-15,2026-05-16,False,,FR-GY,,,5c6013e0-7aa8-4338-9a77-0d13f44f16a7
school_holiday,FR,France,End of lessons,2026-07-04,2026-08-21,False,,FR-YT,,,2849ed9e-7dec-4fa9-ab9c-5388c6447ceb
school_holiday,FR,France,End of lessons,2026-07-04,2026-07-04,False,,FR-CO,,,34846635-8546-4a59-be73-5b2592d692ec
school_holiday,FR,France,End of lessons,2026-07-04,2026-07-04,False,,FR-MQ,,,3fd6d155-32ed-4130-9e8c-aed6a557789d
school_holiday,FR,France,End of lessons,2026-07-04,2026-07-04,False,,FR-GP|FR-BL|FR-MF,,,7bf2c413-c233-4103-8720-fdd4b8e29d7e
school_holiday,FR,France,End of lessons,2026-07-04,2026-07-04,False,,FR-GY,,,bf27aa8d-3acd-46e9-9d7d-413309472936
school_holiday,FR,France,End of lessons,2026-07-04,2026-07-04,False,,FR-SP,,,d83cefb2-7ba9-4498-8acd-d3924aea5b3b
school_holiday,FR,France,Summer Holidays,2026-07-05,2026-08-31,False,,FR-GE|FR-PL|FR-NO|FR-IF|FR-ZA|FR-BT|FR-HF|FR-OC|FR-BF|FR-ZC|FR-ZB|FR-AR|FR-CV|FR-NA|FR-PC,,,bb33e004-bbd1-498f-8ede-c16846238477
school_holiday,FR,France,Southern winter holidays,2026-07-05,2026-08-17,False,,FR-RU,,,e9114a8f-6f40-4925-bb49-1e87032dcef6
school_holiday,FR,France,Holidays after first period,2026-10-11,2026-10-24,False,,FR-RU,,,fe0139e3-dcc2-4a80-b0aa-025acbb97122
school_holiday,FR,France,All Saints Holidays,2026-10-18,2026-11-01,False,,FR-GE|FR-PL|FR-NO|FR-IF|FR-ZA|FR-BT|FR-HF|FR-OC|FR-BF|FR-ZC|FR-ZB|FR-AR|FR-CV|FR-NA|FR-PC,,,1eab9f70-49bf-47b9-89bd-2f428712b771
school_holiday,FR,France,Christmas Holidays,2026-12-20,2027-01-03,False,,FR-GE|FR-PL|FR-NO|FR-IF|FR-ZA|FR-BT|FR-HF|FR-OC|FR-BF|FR-ZC|FR-ZB|FR-AR|FR-CV|FR-NA|FR-PC,,,5d81c270-a6b1-4dbd-93b1-78d43c59732b
school_holiday,FR,France,Southern summer holidays,2026-12-20,2027-01-31,False,,FR-RU,,,68539219-fa49-4ff7-bff1-8e6b42604404
school_holiday,FR,France,Winter Holidays,2027-02-07,2027-02-21,False,,FR-IF|FR-ZC,,,4eff0ec8-9f93-455d-98fc-44738ffe59c3
school_holiday,FR,France,Winter Holidays,2027-02-14,2027-02-28,False,,FR-ZA|FR-BF|FR-AR|FR-NA,,,fc6714a0-5680-4869-ae78-6ab02a3d4ced
school_holiday,FR,France,Winter Holidays,2027-02-21,2027-03-07,False,,FR-GE|FR-PL|FR-NO|FR-BT|FR-HF|FR-ZB|FR-CV|FR-PC,,,12dec4c1-cfb1-49dc-837a-a18ba50283c9
school_holiday,FR,France,Holidays after third period,2027-03-17,2027-03-29,False,,FR-RU,,,9b4f2a21-8aae-4557-993c-4690ebda6f7b
school_holiday,FR,France,Spring Holidays,2027-04-04,2027-04-18,False,,FR-IF|FR-OC|FR-ZC,,,535af364-727e-49b7-8e5b-a465aa2e90aa
school_holiday,FR,France,Spring Holidays,2027-04-11,2027-04-25,False,,FR-ZA|FR-BF|FR-AR|FR-NA,,,7d0c13be-c980-44cf-8b64-356f3a77565e
school_holiday,FR,France,Spring Holidays,2027-04-18,2027-05-02,False,,FR-GE|FR-PL|FR-NO|FR-BT|FR-HF|FR-ZB|FR-CV|FR-PC,,,387330fc-6c9c-4912-8f14-a51656b00129
school_holiday,FR,France,Ascension Bridge,2027-05-06,2027-05-09,False,,FR-GE|FR-PL|FR-NO|FR-IF|FR-ZA|FR-BT|FR-HF|FR-OC|FR-BF|FR-ZC|FR-ZB|FR-AR|FR-CV|FR-NA|FR-PC,,,8f659095-bec1-4ba1-b63d-d05bf521bf3f
school_holiday,FR,France,Holidays after fourth period,2027-05-06,2027-05-18,False,,FR-RU,,,dd09a14c-14eb-4bba-bd0b-ec20f7980489
school_holiday,FR,France,End of lessons,2027-07-03,2027-07-03,False,,FR-GE|FR-PL|FR-NO|FR-IF|FR-ZA|FR-BT|FR-HF|FR-OC|FR-BF|FR-ZC|FR-ZB|FR-AR|FR-CV|FR-NA|FR-PC,,,c09411e8-4aeb-4010-af91-22813b88b2c6
school_holiday,FR,France,Southern winter holidays,2027-07-11,2027-08-15,False,,FR-RU,,,fd3e90b7-0739-488a-8d19-f5f3a1d8f48d
public_holiday,HR,Croatia,New Year's Day,2023-01-01,2023-01-01,True,,,,,1bf363af-3d04-43e4-a6ba-507605ba9364
public_holiday,HR,Croatia,Epiphany,2023-01-06,2023-01-06,True,,,,,a6424cb8-d132-424b-a85a-87a4a286a079
public_holiday,HR,Croatia,Easter Monday,2023-04-10,2023-04-10,True,,,,,c72ae593-70f1-482d-a892-b69ed97d8ebd
public_holiday,HR,Croatia,Labour Day,2023-05-01,2023-05-01,True,,,,,ab38b415-5d08-47b4-a16f-65c686786351
public_holiday,HR,Croatia,Statehood Day,2023-05-30,2023-05-30,True,,,,,c59f410a-ea53-453d-8f61-a870b2534f10
public_holiday,HR,Croatia,Corpus Christi,2023-06-08,2023-06-08,True,,,,,51b66812-1970-47c3-b9b1-3cb11ab0ea1e
public_holiday,HR,Croatia,Anti-Fascist Struggle Day,2023-06-22,2023-06-22,True,,,,,5bce1362-5f9f-49d4-873a-17f2067ecde4
public_holiday,HR,Croatia,Victory and Homeland Thanksgiving Day and the Day of Croatian Defenders,2023-08-05,2023-08-05,True,,,,,c80a1070-336d-4a1c-a62d-ae3ccaa1794e
public_holiday,HR,Croatia,Assumption Day,2023-08-15,2023-08-15,True,,,,,bf52f293-d7b0-4c6e-89a9-c82a29a89a09
public_holiday,HR,Croatia,All Saints' Day,2023-11-01,2023-11-01,True,,,,,d3d109bc-8940-4a7e-b683-d089dd46f98c
public_holiday,HR,Croatia,Remembrance Day,2023-11-18,2023-11-18,True,,,,,4ee302ee-9538-4f1e-aa1f-b7ccadf5aa8e
public_holiday,HR,Croatia,Christmas,2023-12-25,2023-12-25,True,,,,,284e745b-9bb6-4f5d-a7b6-9415b4684d6a
public_holiday,HR,Croatia,Christmas,2023-12-26,2023-12-26,True,,,,,b1807496-666e-4c22-9927-960c70108281
public_holiday,HR,Croatia,New Year's Day,2024-01-01,2024-01-01,True,,,,,5832121e-d195-4147-9e52-d3e16b04b2a1
public_holiday,HR,Croatia,Epiphany,2024-01-06,2024-01-06,True,,,,,5b319f77-1bf3-4403-ac8a-5e9123d615e0
public_holiday,HR,Croatia,Easter Monday,2024-04-01,2024-04-01,True,,,,,8045b258-ea3c-4453-a3eb-4a6406854959
public_holiday,HR,Croatia,Election Day,2024-04-17,2024-04-17,True,,,,,816f988a-b7b2-4ef8-9962-2d76a538c523
public_holiday,HR,Croatia,Labour Day,2024-05-01,2024-05-01,True,,,,,7c81e7f8-bc84-43b1-91f7-6e1804368f7f
public_holiday,HR,Croatia,Statehood Day,2024-05-30,2024-05-30,True,,,,,19897533-07e6-407a-808a-2b094cde2280
public_holiday,HR,Croatia,Corpus Christi,2024-05-30,2024-05-30,True,,,,,7ed0e5c6-e824-4bf7-a327-21c896261734
public_holiday,HR,Croatia,Anti-Fascist Struggle Day,2024-06-22,2024-06-22,True,,,,,26d65c55-21de-4c5b-aca5-b68956a9a8c0
public_holiday,HR,Croatia,Victory and Homeland Thanksgiving Day and the Day of Croatian Defenders,2024-08-05,2024-08-05,True,,,,,fe7cbda9-8d2a-461d-b63b-c6cc89be8056
public_holiday,HR,Croatia,Assumption Day,2024-08-15,2024-08-15,True,,,,,1f7606ef-db25-4b3d-9c11-75a25508efd6
public_holiday,HR,Croatia,All Saints' Day,2024-11-01,2024-11-01,True,,,,,8b0906d6-4ee9-4cc4-8332-74b37f9ca561
public_holiday,HR,Croatia,Remembrance Day,2024-11-18,2024-11-18,True,,,,,374bf4d5-45a3-4277-9942-80ab6082b30f
public_holiday,HR,Croatia,Christmas,2024-12-25,2024-12-25,True,,,,,d85697b3-470d-42bd-ad78-5be5c746b701
public_holiday,HR,Croatia,Christmas,2024-12-26,2024-12-26,True,,,,,95cc5876-575d-46e7-8c44-44c4108e95c1
public_holiday,HR,Croatia,New Year's Day,2025-01-01,2025-01-01,True,,,,,d3f5bd43-592c-40b1-9275-e2b318bacd04
public_holiday,HR,Croatia,Epiphany,2025-01-06,2025-01-06,True,,,,,cc71bd7c-b668-408a-8da1-fae79fc3bbc4
public_holiday,HR,Croatia,Easter Monday,2025-04-21,2025-04-21,True,,,,,86eeb902-6c28-4a6b-a9f7-8a4a700e0527
public_holiday,HR,Croatia,Labour Day,2025-05-01,2025-05-01,True,,,,,71f2f807-41cd-4692-bfb2-fa6e92192f2a
public_holiday,HR,Croatia,Statehood Day,2025-05-30,2025-05-30,True,,,,,2eaa211e-cbd8-424c-b55b-314b3e187300
public_holiday,HR,Croatia,Corpus Christi,2025-06-19,2025-06-19,True,,,,,42a3d92b-31a0-4d05-a612-0f466d34a696
public_holiday,HR,Croatia,Anti-Fascist Struggle Day,2025-06-22,2025-06-22,True,,,,,352d8c55-fe68-44c8-8291-b03b12cc61a9
public_holiday,HR,Croatia,Victory and Homeland Thanksgiving Day and the Day of Croatian Defenders,2025-08-05,2025-08-05,True,,,,,02d77a95-dc71-4d21-8af6-f4dae108a261
public_holiday,HR,Croatia,Assumption Day,2025-08-15,2025-08-15,True,,,,,9b9c890d-4967-4375-9470-edc4f186aa2f
public_holiday,HR,Croatia,All Saints' Day,2025-11-01,2025-11-01,True,,,,,84054ec6-25a5-4c85-ad99-2b3e14efd8ea
public_holiday,HR,Croatia,Remembrance Day,2025-11-18,2025-11-18,True,,,,,2aa0114a-2c1a-4c71-9d28-65ce33d62d93
public_holiday,HR,Croatia,Christmas,2025-12-25,2025-12-25,True,,,,,3a479031-cdc0-4620-8998-a204db9b8e46
public_holiday,HR,Croatia,Christmas,2025-12-26,2025-12-26,True,,,,,b08dfe44-8015-4bda-906b-7557abf07af5
school_holiday,HR,Croatia,Winter holidays (part 2),2022-12-27,2023-01-05,True,,,,,0ebd234f-1da8-4f83-abbd-088792073423
school_holiday,HR,Croatia,Winter holidays (part 2),2023-02-20,2023-02-24,True,,,,,093cbc08-02f3-45e3-ba2c-bcf143c418f5
school_holiday,HR,Croatia,Spring holidays,2023-04-06,2023-04-14,True,,,,,d5d12065-03ec-4a20-a743-8721b1fa7d50
school_holiday,HR,Croatia,Summer holidays,2023-06-23,2023-09-03,True,,,,,1b3a55c3-b0d3-4903-9b5e-f31f0cfa12b1
school_holiday,HR,Croatia,Autumn holidays,2023-10-30,2023-11-01,True,,,,,4e24de34-b24f-4c50-a35c-5566bd74f3d0
school_holiday,HR,Croatia,Winter holidays (part 2),2023-12-27,2024-01-05,True,,,,,218f18da-0bcc-4a24-a413-a4f3efce4895
school_holiday,HR,Croatia,Winter holidays (part 2),2024-02-19,2024-02-23,True,,,,,bb56c393-1536-4bb9-8d64-a39164015ca5
school_holiday,HR,Croatia,Spring holidays,2024-03-28,2024-04-05,True,,,,,f25a586d-3c70-4c95-8d91-9ff04e31452d
school_holiday,HR,Croatia,Summer holidays,2024-06-24,2024-09-01,True,,,,,68af71cf-d1df-4250-b90e-0e618c9aaef2
school_holiday,HR,Croatia,Autumn holidays,2024-10-31,2024-11-01,True,,,,,c24118ce-64bc-4514-b67f-fd5051a6feba
school_holiday,HR,Croatia,Winter holidays (part 2),2024-12-23,2025-01-06,True,,,,,eda431ee-3212-4dbe-8473-aecc2bd66d04
school_holiday,HR,Croatia,Winter holidays (part 2),2025-02-24,2025-02-28,True,,,,,b33ee7f1-bcf7-4a90-95e9-7bb6d2fe090c
school_holiday,HR,Croatia,Spring holidays,2025-04-17,2025-04-25,True,,,,,88df1262-9bd5-41c0-804f-b91fea1caaf8
school_holiday,HR,Croatia,Summer holidays,2025-06-19,2025-08-31,True,,,,,74931481-9e8c-4f0e-b94b-9e64ebae9d3a
school_holiday,HR,Croatia,Winter holidays,2025-12-24,2026-01-09,True,,,,,eaa42c45-7f8a-4a16-9f2b-0bf76e407f02
public_holiday,HR,Croatia,New Year's Day,2026-01-01,2026-01-01,True,,,,,aa5421c6-3ec3-4190-bc21-d9711767a74f
public_holiday,HR,Croatia,Epiphany,2026-01-06,2026-01-06,True,,,,,565bb356-dcc4-414d-8338-e9ddbe9edd75
public_holiday,HR,Croatia,Easter Monday,2026-04-06,2026-04-06,True,,,,,8ba4829e-8378-4e3f-bcdc-cc4992bccc8c
public_holiday,HR,Croatia,Labour Day,2026-05-01,2026-05-01,True,,,,,5a8bece7-73ad-43fa-8060-14a59b2732d0
public_holiday,HR,Croatia,Statehood Day,2026-05-30,2026-05-30,True,,,,,03c97229-2ead-4029-b8ee-f24134334e3f
public_holiday,HR,Croatia,Corpus Christi,2026-06-04,2026-06-04,True,,,,,bcb06cfd-f75a-4685-a7d7-c1103fc0d234
public_holiday,HR,Croatia,Anti-Fascist Struggle Day,2026-06-22,2026-06-22,True,,,,,f31b83cb-96a5-4ce3-891e-a352e1851eeb
public_holiday,HR,Croatia,Victory and Homeland Thanksgiving Day and the Day of Croatian Defenders,2026-08-05,2026-08-05,True,,,,,840fa7f9-5b3d-4c1a-8faf-a7098ff91a0c
public_holiday,HR,Croatia,Assumption Day,2026-08-15,2026-08-15,True,,,,,1e9faf6e-6af5-45a1-bd1d-1c7740fccdfc
public_holiday,HR,Croatia,All Saints' Day,2026-11-01,2026-11-01,True,,,,,4dca24c6-cc58-412d-9a33-d643f0e6cdce
public_holiday,HR,Croatia,Remembrance Day,2026-11-18,2026-11-18,True,,,,,e7e681c3-77f8-42f3-8e47-1ce63e3d7e36
public_holiday,HR,Croatia,Christmas,2026-12-25,2026-12-25,True,,,,,9130bfc1-745d-4555-9cad-a23de9261c25
public_holiday,HR,Croatia,Christmas,2026-12-26,2026-12-26,True,,,,,af07dc8d-4965-400e-b4bb-c5c51a8ed9a4
public_holiday,HR,Croatia,New Year's Day,2027-01-01,2027-01-01,True,,,,,fffe6a54-9a25-409a-bb8f-ba92caeb30e7
public_holiday,HR,Croatia,Epiphany,2027-01-06,2027-01-06,True,,,,,ab5b5e21-0d3d-43ce-8de9-d01d6b11cbf7
public_holiday,HR,Croatia,Easter Monday,2027-03-29,2027-03-29,True,,,,,4620a4c7-cfe4-4879-b61e-04225fefe666
public_holiday,HR,Croatia,Labour Day,2027-05-01,2027-05-01,True,,,,,ab422b56-14c2-4476-a5ec-c3d5a3522f8e
public_holiday,HR,Croatia,Corpus Christi,2027-05-27,2027-05-27,True,,,,,d4ec804e-88fb-4dcc-8c30-f17af80d6b96
public_holiday,HR,Croatia,Statehood Day,2027-05-30,2027-05-30,True,,,,,330dace4-6c79-4f64-a548-6c822f410721
public_holiday,HR,Croatia,Anti-Fascist Struggle Day,2027-06-22,2027-06-22,True,,,,,dd1533f4-5716-41bb-b903-dc80931c39f7
public_holiday,HR,Croatia,Victory and Homeland Thanksgiving Day and the Day of Croatian Defenders,2027-08-05,2027-08-05,True,,,,,caa9e274-bcd9-452a-b23c-9b6b14bd763a
public_holiday,HR,Croatia,Assumption Day,2027-08-15,2027-08-15,True,,,,,c0b99be3-3a8d-4c74-90ab-c138dceae4ff
public_holiday,HR,Croatia,All Saints' Day,2027-11-01,2027-11-01,True,,,,,3541a512-0215-4231-9f38-85c5ceb92783
public_holiday,HR,Croatia,Remembrance Day,2027-11-18,2027-11-18,True,,,,,17f1708e-a81f-4704-a81d-8d54cc989d35
public_holiday,HR,Croatia,Christmas,2027-12-25,2027-12-25,True,,,,,964a4ec6-5774-4077-854f-cb69a270d126
public_holiday,HR,Croatia,Christmas,2027-12-26,2027-12-26,True,,,,,0baf6543-2d13-4df7-a09d-ae256789face
school_holiday,HR,Croatia,Spring holidays,2026-03-30,2026-04-06,True,,,,,a7322c0a-5616-48fd-9e5e-1e86cf956506
school_holiday,HR,Croatia,Summer holidays,2026-06-15,2026-08-31,True,,,,,59c608ae-6510-4acf-bbe5-e91ea7e704a6
public_holiday,HU,Hungary,New Year's Day,2023-01-01,2023-01-01,True,,,,,cf215f1e-c19e-4a24-8c8f-7f7f31c56661
public_holiday,HU,Hungary,National Day,2023-03-15,2023-03-15,True,,,,,73338677-b5e2-449e-a569-a92942d1cb16
public_holiday,HU,Hungary,Good Friday,2023-04-07,2023-04-07,True,,,,,4f9b2462-02b3-46f7-ba36-e88045d1506f
public_holiday,HU,Hungary,Easter Monday,2023-04-10,2023-04-10,True,,,,,827f166a-1be4-4332-bbac-6b3578236b51
public_holiday,HU,Hungary,Labour Day,2023-05-01,2023-05-01,True,,,,,d0235a6b-dc85-488b-a1af-7c1b44d0b94b
public_holiday,HU,Hungary,Pentecost Monday,2023-05-29,2023-05-29,True,,,,,b3b6bb62-48a8-44c5-9a09-aa65cb0fa6fc
public_holiday,HU,Hungary,State Foundation Day,2023-08-20,2023-08-20,True,,,,,d404c430-a59c-4c24-a908-a5e143ab14de
public_holiday,HU,Hungary,National Day,2023-10-23,2023-10-23,True,,,,,ab31683d-34e0-417f-a69e-ef217652f114
public_holiday,HU,Hungary,All Saints' Day,2023-11-01,2023-11-01,True,,,,,ef556922-381b-4e71-972f-fde394fe199e
public_holiday,HU,Hungary,Christmas Day,2023-12-25,2023-12-25,True,,,,,d84cc8a2-24ff-47e4-af53-692c024f0e6c
public_holiday,HU,Hungary,Second Day of Christmas,2023-12-26,2023-12-26,True,,,,,c8eab005-0c92-485c-ae89-7a58b6ae998b
public_holiday,HU,Hungary,New Year's Day,2024-01-01,2024-01-01,True,,,,,ece73dc7-9539-4f98-87f3-090a2e53271a
public_holiday,HU,Hungary,National Day,2024-03-15,2024-03-15,True,,,,,b6c82c65-f46b-4e32-8739-dcfec1c6d8a7
public_holiday,HU,Hungary,Good Friday,2024-03-29,2024-03-29,True,,,,,0aa39543-c0cd-4e06-897c-c5f93332a36b
public_holiday,HU,Hungary,Easter Monday,2024-04-01,2024-04-01,True,,,,,ca85680a-8fb7-4519-9f60-f3546f04030e
public_holiday,HU,Hungary,Labour Day,2024-05-01,2024-05-01,True,,,,,5750ff25-01fb-49f3-920a-bd92b15748ee
public_holiday,HU,Hungary,Pentecost Monday,2024-05-20,2024-05-20,True,,,,,366ecad1-4eb3-4b95-baeb-09dffe71239c
public_holiday,HU,Hungary,State Foundation Day,2024-08-20,2024-08-20,True,,,,,3ce43022-314a-4067-9164-fe2365fcbc12
public_holiday,HU,Hungary,National Day,2024-10-23,2024-10-23,True,,,,,54a2f135-e48b-4874-a1f7-930c7dc65221
public_holiday,HU,Hungary,All Saints' Day,2024-11-01,2024-11-01,True,,,,,1a3bb421-e841-4be6-8d84-606eb42f1aa8
public_holiday,HU,Hungary,Christmas Day,2024-12-25,2024-12-25,True,,,,,6a1a3aef-cb75-43d2-8c37-d6185013ddd2
public_holiday,HU,Hungary,Second Day of Christmas,2024-12-26,2024-12-26,True,,,,,bd8777bc-4ed8-443c-a09d-4ad2c809bd8b
public_holiday,HU,Hungary,New Year's Day,2025-01-01,2025-01-01,True,,,,,808c01d4-2dd3-498a-bfe5-22a923f6d83c
public_holiday,HU,Hungary,National Day,2025-03-15,2025-03-15,True,,,,,a3924803-ee80-4135-9a5d-13f929bbbe17
public_holiday,HU,Hungary,Good Friday,2025-04-18,2025-04-18,True,,,,,7ececfdb-6877-4876-9aad-80f31e0d4ec7
public_holiday,HU,Hungary,Easter Monday,2025-04-21,2025-04-21,True,,,,,7375977a-5fc0-472c-b7b3-c65c418bb40f
public_holiday,HU,Hungary,Labour Day,2025-05-01,2025-05-01,True,,,,,b31104df-95d0-49d1-834a-e69a8c0afc30
public_holiday,HU,Hungary,Pentecost Monday,2025-06-09,2025-06-09,True,,,,,3280566d-b60d-4036-bd04-acd3558a07da
public_holiday,HU,Hungary,State Foundation Day,2025-08-20,2025-08-20,True,,,,,3859e748-fee4-4b17-a44b-a2c1e17626a9
public_holiday,HU,Hungary,National Day,2025-10-23,2025-10-23,True,,,,,076329c0-224f-48f9-a252-6611e665be8c
public_holiday,HU,Hungary,All Saints' Day,2025-11-01,2025-11-01,True,,,,,ca2f3de8-95a7-4e78-9624-e6ae95f0a2e3
public_holiday,HU,Hungary,Christmas Day,2025-12-25,2025-12-25,True,,,,,cf4c2e90-bc31-4662-a9e5-00af3f6b574c
public_holiday,HU,Hungary,Second Day of Christmas,2025-12-26,2025-12-26,True,,,,,5c7350b4-a22a-4b77-992e-1755cd6ee1a1
school_holiday,HU,Hungary,Winter holidays,2022-12-22,2023-01-08,True,,,,,36e18fd7-e083-4558-8aa5-829b22d2d71e
school_holiday,HU,Hungary,Spring holidays,2023-04-06,2023-04-11,True,,,,,d3463306-6579-497f-80b4-fb94f82b7d9f
school_holiday,HU,Hungary,Summer holidays,2023-06-16,2023-08-31,True,,,,,c174b9d2-a517-4802-a77d-47bfa5c1e2d7
school_holiday,HU,Hungary,Autumn holidays,2023-10-28,2023-11-05,True,,,,,bb228a39-6f8e-4e05-ad75-d4dee584f2fb
school_holiday,HU,Hungary,Winter holidays,2023-12-21,2024-01-07,True,,,,,a5fbd6d2-fc07-40c1-8cf0-46c53d760e72
school_holiday,HU,Hungary,Spring holidays,2024-03-29,2024-04-07,True,,,,,282a79a9-0f10-4fbd-8a4c-6fcf7a4f8438
school_holiday,HU,Hungary,Summer holidays,2024-06-16,2024-08-31,True,,,,,46c335dd-adbd-47f6-b072-552315f1e60c
school_holiday,HU,Hungary,Autumn holidays,2024-10-26,2024-11-03,True,,,,,50717e9c-550d-4cf6-9b57-0453b7ba7f4c
school_holiday,HU,Hungary,Winter holidays,2024-12-21,2025-01-05,True,,,,,daafd022-246e-4f72-a707-a6e009c18a2f
school_holiday,HU,Hungary,Spring holidays,2025-04-17,2025-04-27,True,,,,,61e6e409-d0b4-4904-9694-862e28b22f17
school_holiday,HU,Hungary,Summer holidays,2025-06-21,2025-08-31,True,,,,,fa783bdf-d5be-4a0a-bdab-98c3c4170225
school_holiday,HU,Hungary,Autumn holidays,2025-10-23,2025-11-02,True,,,,,be1b4f3d-3614-4ee3-8601-82938a8d41f9
school_holiday,HU,Hungary,Winter holidays,2025-12-20,2026-01-04,True,,,,,f6f67de8-b4fc-4192-a83b-14427287aa08
public_holiday,HU,Hungary,New Year's Day,2026-01-01,2026-01-01,True,,,,,534115e7-c91b-48b3-9e27-f28c3333da88
public_holiday,HU,Hungary,National Day,2026-03-15,2026-03-15,True,,,,,cb471908-cbec-459b-9d72-03cfe89a15aa
public_holiday,HU,Hungary,Good Friday,2026-04-03,2026-04-03,True,,,,,eb5c1046-9050-432c-ab93-ee66e7c800ed
public_holiday,HU,Hungary,Easter Monday,2026-04-06,2026-04-06,True,,,,,1a82d9b3-34ef-4a5f-871c-9cbfca15914c
public_holiday,HU,Hungary,Labour Day,2026-05-01,2026-05-01,True,,,,,27f33fbe-948a-4f83-b137-780b15275bbc
public_holiday,HU,Hungary,Pentecost Monday,2026-05-25,2026-05-25,True,,,,,2c401239-d722-4dd0-b54f-e22e6640eb6b
public_holiday,HU,Hungary,State Foundation Day,2026-08-20,2026-08-20,True,,,,,e12ef7f0-90cc-483b-a229-27a98ede0d1d
public_holiday,HU,Hungary,National Day,2026-10-23,2026-10-23,True,,,,,fb064528-2870-4934-ad6f-c5ee5464d9bd
public_holiday,HU,Hungary,All Saints' Day,2026-11-01,2026-11-01,True,,,,,a14c99df-7d7d-42d3-9e3a-9dbf27c8ad7b
public_holiday,HU,Hungary,Christmas Day,2026-12-25,2026-12-25,True,,,,,366252b4-573a-42ab-9b2d-c279c1916bc6
public_holiday,HU,Hungary,Second Day of Christmas,2026-12-26,2026-12-26,True,,,,,4f686a21-0053-434a-8421-0f70a576b62a
public_holiday,HU,Hungary,New Year's Day,2027-01-01,2027-01-01,True,,,,,5b10a2fb-3e48-43fd-95ea-160f0c30c7e9
public_holiday,HU,Hungary,National Day,2027-03-15,2027-03-15,True,,,,,7abf925b-67c8-4bde-8356-b0bdd3074f79
public_holiday,HU,Hungary,Good Friday,2027-03-26,2027-03-26,True,,,,,23d27951-e46e-47df-9284-d127180b130c
public_holiday,HU,Hungary,Easter Monday,2027-03-29,2027-03-29,True,,,,,3e138ce5-53a7-4e06-81dc-13d248e2ab5b
public_holiday,HU,Hungary,Labour Day,2027-05-01,2027-05-01,True,,,,,be8831fe-8af1-4ffe-90f2-4d252a2ef589
public_holiday,HU,Hungary,Pentecost Monday,2027-05-17,2027-05-17,True,,,,,13b69ab4-f56d-4a16-a6ea-f885c2927e49
public_holiday,HU,Hungary,State Foundation Day,2027-08-20,2027-08-20,True,,,,,599664ec-76f7-4a90-838e-c6c36662a299
public_holiday,HU,Hungary,National Day,2027-10-23,2027-10-23,True,,,,,a3e11bd5-0013-476e-9584-0094397d088c
public_holiday,HU,Hungary,All Saints' Day,2027-11-01,2027-11-01,True,,,,,fb618d3b-e9c2-4ba2-be92-20253745a62a
public_holiday,HU,Hungary,Christmas Day,2027-12-25,2027-12-25,True,,,,,8937a395-a8f1-47e9-ab39-b1e5df9efc40
public_holiday,HU,Hungary,Second Day of Christmas,2027-12-26,2027-12-26,True,,,,,8cdc1b3d-35d2-4e1d-90ae-3dc890a120ca
school_holiday,HU,Hungary,Spring holidays,2026-04-02,2026-04-12,True,,,,,8f8ebbd2-7c67-4073-a288-1b06f449dae0
school_holiday,HU,Hungary,Summer holidays,2026-06-20,2026-08-31,True,,,,,452e9fa6-aea5-43eb-8430-3f89995f2a65
public_holiday,IE,Ireland,New Year's Day,2023-01-01,2023-01-01,True,,,,,3e9c6944-7a9d-4915-a4ef-e6d1451211a0
public_holiday,IE,Ireland,Saint Brigid's Day,2023-02-06,2023-02-06,True,,,,,3b645d8c-b937-4975-a496-2b3aacb3f409
public_holiday,IE,Ireland,Saint Patrick's Day,2023-03-17,2023-03-17,True,,,,,cb9cd150-ce87-4a72-a351-9c152de3d363
public_holiday,IE,Ireland,Easter Monday,2023-04-10,2023-04-10,True,,,,,a217c3a5-28fb-4cf1-888d-58bf391304b0
public_holiday,IE,Ireland,May Day,2023-05-01,2023-05-01,True,,,,,95852ffc-d286-451d-a7f4-579e90ecf40f
public_holiday,IE,Ireland,June Holiday,2023-06-05,2023-06-05,True,,,,,8ad4eeed-e9c6-47d8-b5de-1d130c8d4ef2
public_holiday,IE,Ireland,August Holiday,2023-08-07,2023-08-07,True,,,,,fa9b9c35-364a-4514-8a7f-8a9ad1834c07
public_holiday,IE,Ireland,October Holiday,2023-10-30,2023-10-30,True,,,,,1d1c60dc-7ae2-494a-ba93-c0152f7eda01
public_holiday,IE,Ireland,Christmas Day,2023-12-25,2023-12-25,True,,,,,3f943b1e-9dd6-43a8-aa1b-ce9ab756b33e
public_holiday,IE,Ireland,St. Stephen's Day,2023-12-26,2023-12-26,True,,,,,76529eb4-b8d3-48df-818e-f2694e497024
public_holiday,IE,Ireland,New Year's Day,2024-01-01,2024-01-01,True,,,,,a52297b3-caf7-48b6-bc68-03f973a2e8ce
public_holiday,IE,Ireland,Saint Brigid's Day,2024-02-05,2024-02-05,True,,,,,09c316fe-6b3b-4f22-a988-dc2e6bb55e68
public_holiday,IE,Ireland,Saint Patrick's Day,2024-03-17,2024-03-17,True,,,,,45bca84d-02e9-41b3-bf97-53c4e4892b12
public_holiday,IE,Ireland,Easter Monday,2024-04-01,2024-04-01,True,,,,,a2c1df0c-e7e5-4c08-959e-24a4481b5ab1
public_holiday,IE,Ireland,May Day,2024-05-06,2024-05-06,True,,,,,b8d170c7-bf25-40e2-b1c0-b8d09becbada
public_holiday,IE,Ireland,June Holiday,2024-06-03,2024-06-03,True,,,,,00de428b-4ce6-4f92-8255-f19146f5f350
public_holiday,IE,Ireland,August Holiday,2024-08-05,2024-08-05,True,,,,,5a4552da-a853-44f6-8888-b17c9aeaf8ae
public_holiday,IE,Ireland,October Holiday,2024-10-28,2024-10-28,True,,,,,7216c182-bf6b-4d8f-9f5c-f8c25f7daa99
public_holiday,IE,Ireland,Christmas Day,2024-12-25,2024-12-25,True,,,,,b23550af-facc-4a03-8cd3-79160d2fcb48
public_holiday,IE,Ireland,St. Stephen's Day,2024-12-26,2024-12-26,True,,,,,063111cd-d759-44fa-805b-d67e7f6b4a66
public_holiday,IE,Ireland,New Year's Day,2025-01-01,2025-01-01,True,,,,,e40bb8d9-cf19-4d6b-926a-c32e5e8e1341
public_holiday,IE,Ireland,Saint Brigid's Day,2025-02-03,2025-02-03,True,,,,,e03efd67-8217-4218-8aa7-8c394f747515
public_holiday,IE,Ireland,Saint Patrick's Day,2025-03-17,2025-03-17,True,,,,,95711e65-1b84-4141-a6e5-b36ddb68cdbd
public_holiday,IE,Ireland,Easter Monday,2025-04-21,2025-04-21,True,,,,,9ad83b92-3815-4b3c-834f-728ab8923638
public_holiday,IE,Ireland,May Day,2025-05-05,2025-05-05,True,,,,,f4e294f5-fa5e-476f-b6ab-2f2d95500f50
public_holiday,IE,Ireland,June Holiday,2025-06-02,2025-06-02,True,,,,,cc69cdf9-ae6c-45d5-95f6-d7ee6beebe18
public_holiday,IE,Ireland,August Holiday,2025-08-04,2025-08-04,True,,,,,cb12d4f4-6b09-45b4-af13-4691b9f57e56
public_holiday,IE,Ireland,October Holiday,2025-10-27,2025-10-27,True,,,,,cc267df3-a046-4332-9f51-8f967f4d4541
public_holiday,IE,Ireland,Christmas Day,2025-12-25,2025-12-25,True,,,,,8332993f-238d-4d24-825b-c4de74e85304
public_holiday,IE,Ireland,St. Stephen's Day,2025-12-26,2025-12-26,True,,,,,6c67e9d7-f917-4223-b263-aac519844be3
school_holiday,IE,Ireland,Christmas,2022-12-21,2023-01-04,True,,,,,39f65739-987f-4232-a44a-9d8b6e0a61e8
school_holiday,IE,Ireland,February mid-term break,2023-02-13,2023-02-17,True,,,,"[{'language': 'EN', 'text': 'Post-primary schools'}]",c3239096-87d4-42f8-ab94-113a8349df11
school_holiday,IE,Ireland,February mid-term break,2023-02-16,2023-02-17,True,,,,"[{'language': 'EN', 'text': 'Primary schools'}]",8deff61b-4a28-4a88-90e1-bce5d680b38e
school_holiday,IE,Ireland,Easter,2023-03-31,2023-04-16,True,,,,,3eb22525-0182-4ecb-b6ef-113b61b0441a
school_holiday,IE,Ireland,October mid-term break,2023-10-30,2023-11-03,True,,,,,5d2afaf3-f8ba-4502-bfb6-83af4a955a64
school_holiday,IE,Ireland,Christmas,2023-12-22,2024-01-07,True,,,,,72b5a454-a040-49ca-8c5a-1cdfae2feb20
school_holiday,IE,Ireland,February mid-term break,2024-02-12,2024-02-16,True,,,,"[{'language': 'EN', 'text': 'Post-primary schools'}]",f215de65-b7d6-4b39-bf55-f572c38dba36
school_holiday,IE,Ireland,February mid-term break,2024-02-15,2024-02-16,True,,,,"[{'language': 'EN', 'text': 'Primary schools'}]",0294c616-f287-4a8e-92c1-9fae229a2f6d
school_holiday,IE,Ireland,Easter,2024-03-22,2024-04-07,True,,,,,94fe1740-9bac-485f-8f77-f2698e5cc6f9
school_holiday,IE,Ireland,October mid-term break,2024-10-28,2024-11-01,True,,,,,6df99745-94e3-4f64-96db-4c445de70760
school_holiday,IE,Ireland,Christmas,2024-12-20,2025-01-05,True,,,,,01201dfb-58ac-43e7-bcb3-5a591590514b
school_holiday,IE,Ireland,February mid-term break,2025-02-17,2025-02-21,True,,,,"[{'language': 'EN', 'text': 'Post-primary schools'}]",efde2939-36af-4576-a30f-3d32c533c1a8
school_holiday,IE,Ireland,February mid-term break,2025-02-20,2025-02-21,True,,,,"[{'language': 'EN', 'text': 'Primary schools'}]",c41a5bdb-45bf-479b-b56f-86f11db5ff8d
school_holiday,IE,Ireland,Easter,2025-04-11,2025-04-27,True,,,,,a7acb125-d301-4741-8056-5682fc8896a2
school_holiday,IE,Ireland,October mid-term break,2025-10-27,2025-10-31,True,,,,,c50eeaae-6c43-4f58-a1b6-8a6b25c3291f
school_holiday,IE,Ireland,Christmas,2025-12-19,2026-01-04,True,,,,,b177c314-588b-4faa-9d52-e09565e2e230
public_holiday,IE,Ireland,New Year's Day,2026-01-01,2026-01-01,True,,,,,f523f305-dfd7-4f82-bf0b-6c4746b225f1
public_holiday,IE,Ireland,Saint Brigid's Day,2026-02-02,2026-02-02,True,,,,,1303da05-486c-420d-932a-534f0a4d1b51
public_holiday,IE,Ireland,Saint Patrick's Day,2026-03-17,2026-03-17,True,,,,,6475b93c-540c-4204-ba76-21f24d537442
public_holiday,IE,Ireland,Easter Monday,2026-04-06,2026-04-06,True,,,,,190b72cd-c2d3-44e5-a42e-f98485372f4c
public_holiday,IE,Ireland,May Day,2026-05-04,2026-05-04,True,,,,,257045ce-aef2-497e-8b08-df89f5a48e2f
public_holiday,IE,Ireland,June Holiday,2026-06-01,2026-06-01,True,,,,,a3903553-da0d-418a-8550-f9d38318e843
public_holiday,IE,Ireland,August Holiday,2026-08-03,2026-08-03,True,,,,,d79eec81-fae5-46c6-b9ad-3d9be961ddc3
public_holiday,IE,Ireland,October Holiday,2026-10-26,2026-10-26,True,,,,,c5dca3fa-7aa5-41a0-bd17-616bb512c9f1
public_holiday,IE,Ireland,Christmas Day,2026-12-25,2026-12-25,True,,,,,c5bbcfd2-cc3f-4592-b684-15968257152c
public_holiday,IE,Ireland,St. Stephen's Day,2026-12-26,2026-12-26,True,,,,,9083162f-3bd6-4883-a336-7f4f64975f03
public_holiday,IE,Ireland,New Year's Day,2027-01-01,2027-01-01,True,,,,,b73ecd1d-2c34-4734-a372-0d28e6a47160
public_holiday,IE,Ireland,Saint Brigid's Day,2027-02-01,2027-02-01,True,,,,,160093c0-3146-4add-bdb8-1fe8daa2764a
public_holiday,IE,Ireland,Saint Patrick's Day,2027-03-17,2027-03-17,True,,,,,f33743cf-12d2-4b6f-a268-cdce3d51c44a
public_holiday,IE,Ireland,Easter Monday,2027-03-29,2027-03-29,True,,,,,863d848c-6858-4d13-8833-10b4999b49e5
public_holiday,IE,Ireland,May Day,2027-05-03,2027-05-03,True,,,,,97eb268c-3762-4c48-b4a2-faf728bfdee3
public_holiday,IE,Ireland,June Holiday,2027-06-04,2027-06-04,True,,,,,c23ad0c4-523c-47d4-83aa-2b6ce6bac568
public_holiday,IE,Ireland,August Holiday,2027-08-02,2027-08-02,True,,,,,422c11af-9d28-4646-b697-2b31c63e63fd
public_holiday,IE,Ireland,October Holiday,2027-10-25,2027-10-25,True,,,,,3da3456f-9891-452b-8e55-56f73081999e
public_holiday,IE,Ireland,Christmas Day,2027-12-25,2027-12-25,True,,,,,50fda45d-b6e2-48db-89c5-78d44bcdb273
public_holiday,IE,Ireland,St. Stephen's Day,2027-12-26,2027-12-26,True,,,,,2e3a11fc-538c-4b6d-a240-ff6559890a85
school_holiday,IE,Ireland,February mid-term break,2026-02-16,2026-02-20,True,,,,"[{'language': 'EN', 'text': 'Post-primary schools'}]",f0a366a4-7377-4837-b78c-b6290b611cb8
school_holiday,IE,Ireland,February mid-term break,2026-02-19,2026-02-20,True,,,,"[{'language': 'EN', 'text': 'Primary schools'}]",c876b04f-74c4-4210-8283-c57f9c38228f
school_holiday,IE,Ireland,Easter,2026-03-27,2026-04-12,True,,,,,803e90b4-d8b9-434b-84b9-94ce779d41f9
public_holiday,IT,Italy,New Year's Day,2023-01-01,2023-01-01,True,,,,,a66a8da0-3f8c-4a98-9d13-04db2900a239
public_holiday,IT,Italy,Epiphany,2023-01-06,2023-01-06,True,,,,,c317397a-0260-4b68-a55c-4347235cf6d4
public_holiday,IT,Italy,Easter Monday,2023-04-10,2023-04-10,True,,,,,28c7a527-c18a-4418-b5f0-ec57939d48ea
public_holiday,IT,Italy,Feast of St Mark,2023-04-25,2023-04-25,False,,IT-VE-VE,,,63bc7335-938b-44bc-b431-6df1bfb1d2cf
public_holiday,IT,Italy,Liberation Day,2023-04-25,2023-04-25,True,,,,,836b1be2-d0ac-4a8d-9e2e-6c1359f4ff7b
public_holiday,IT,Italy,Sardinia's Day,2023-04-28,2023-04-28,False,,IT-SA,,,b94d3c4a-e9c7-41d3-8217-a26d95a3c7f3
public_holiday,IT,Italy,Labour Day,2023-05-01,2023-05-01,True,,,,,7d304a2d-6927-47ae-9962-2c09cb3daea5
public_holiday,IT,Italy,Whit Monday,2023-05-29,2023-05-29,False,,IT-TR-BZ,,,a32a75ce-38fe-42b2-82fd-b61eab3ae3c1
public_holiday,IT,Italy,Republic Day,2023-06-02,2023-06-02,True,,,,,26e1d6cc-920e-4cf4-a5a6-15600ec4824e
public_holiday,IT,Italy,St. John the Baptist,2023-06-24,2023-06-24,False,,IT-PI-TO|IT-LI-GE|IT-TO-FI,,,cf392c4a-432d-4caf-b007-6190b7ba2787
public_holiday,IT,Italy,Saints Peter and Paul,2023-06-29,2023-06-29,False,,IT-LA-RM,,,a9018d7b-88ad-439b-bbba-e44f8d2859d4
public_holiday,IT,Italy,Saint Rosalia,2023-07-15,2023-07-15,False,,IT-SI-PA,,,0efd60ff-99a3-46d2-b9c3-8b0beae78316
public_holiday,IT,Italy,Assumption Day,2023-08-15,2023-08-15,True,,,,,a7e17d3c-cba9-4229-81bf-868f30ec8d94
public_holiday,IT,Italy,St. Januarius,2023-09-19,2023-09-19,False,,IT-CM-NA,,,bfb128ce-b07c-4b43-a6e9-fb6518cb9583
public_holiday,IT,Italy,St. Petronius,2023-10-04,2023-10-04,False,,IT-ER-BO,,,9b1fcc6b-9078-400f-8bae-475a03a1b12b
public_holiday,IT,Italy,St. Saturninus,2023-10-30,2023-10-30,False,,IT-SA-CA,,,88a03806-372b-4c1c-b957-6f3344299c00
public_holiday,IT,Italy,All Saints' Day,2023-11-01,2023-11-01,True,,,,,898114b9-7c6e-4c0b-ae05-027ff2881f2c
public_holiday,IT,Italy,St. Justus,2023-11-03,2023-11-03,False,,IT-FV-TS,,,c7ef9290-aa3c-47aa-a8be-5ea45f7a80c8
public_holiday,IT,Italy,St. Nicholas,2023-12-06,2023-12-06,False,,IT-PU-BA,,,19daefb1-51e5-467f-aeb8-af52ead57129
public_holiday,IT,Italy,St. Ambrose,2023-12-07,2023-12-07,False,,IT-LO-MI,,,eeaa1221-59c2-4a5a-b9be-0f2a2c087ba9
public_holiday,IT,Italy,Immaculate Conception,2023-12-08,2023-12-08,True,,,,,57702174-8610-49c9-946b-44c43345c779
public_holiday,IT,Italy,Christmas Day,2023-12-25,2023-12-25,True,,,,,db6aa11b-7acb-4a2a-a8a4-0a82912158ea
public_holiday,IT,Italy,St. Stephen's Day,2023-12-26,2023-12-26,True,,,,,d64be3be-a7aa-4fc0-9187-30a4479d7e15
public_holiday,IT,Italy,New Year's Day,2024-01-01,2024-01-01,True,,,,,f6a3656b-877f-40f7-95b6-af3d94338255
public_holiday,IT,Italy,Epiphany,2024-01-06,2024-01-06,True,,,,,088ff0ae-e88a-4d76-b82a-e3a014174ccc
public_holiday,IT,Italy,Easter Monday,2024-04-01,2024-04-01,True,,,,,d2e29e07-3dc7-416a-abd1-33cef26922bd
public_holiday,IT,Italy,Feast of St Mark,2024-04-25,2024-04-25,False,,IT-VE-VE,,,557a913e-14c7-4f0c-adc7-babcc7a0f023
public_holiday,IT,Italy,Liberation Day,2024-04-25,2024-04-25,True,,,,,7241ae6e-2e6c-4c0d-b09e-5c359f7c2bcf
public_holiday,IT,Italy,Sardinia's Day,2024-04-28,2024-04-28,False,,IT-SA,,,d48bdbc7-3e1e-4c55-83c8-2fdb6a85c2cb
public_holiday,IT,Italy,Labour Day,2024-05-01,2024-05-01,True,,,,,0942cb8e-1a39-4165-8aa0-d1bbf0871f61
public_holiday,IT,Italy,Whit Monday,2024-05-20,2024-05-20,False,,IT-TR-BZ,,,6f1bdbbd-7d35-4516-baa3-10559eed0848
public_holiday,IT,Italy,Republic Day,2024-06-02,2024-06-02,True,,,,,2f2817a7-1a4d-4674-8dd4-45def1d3d3e0
public_holiday,IT,Italy,St. John the Baptist,2024-06-24,2024-06-24,False,,IT-PI-TO|IT-LI-GE|IT-TO-FI,,,99b49ea2-3d39-41bd-a27e-2c126a65b2e3
public_holiday,IT,Italy,Saints Peter and Paul,2024-06-29,2024-06-29,False,,IT-LA-RM,,,4f93791a-bb85-49f6-aaee-cf76c99577a1
public_holiday,IT,Italy,Saint Rosalia,2024-07-15,2024-07-15,False,,IT-SI-PA,,,4c4418fa-15e6-4838-8df3-27cf52980691
public_holiday,IT,Italy,Assumption Day,2024-08-15,2024-08-15,True,,,,,08e1b2c3-9ef8-4be6-bf52-233766cc38cc
public_holiday,IT,Italy,St. Januarius,2024-09-19,2024-09-19,False,,IT-CM-NA,,,c359f5ae-34c6-4243-82ad-0138d03805ea
public_holiday,IT,Italy,St. Petronius,2024-10-04,2024-10-04,False,,IT-ER-BO,,,f6941630-08a1-4711-b386-35468ad8189a
public_holiday,IT,Italy,St. Saturninus,2024-10-30,2024-10-30,False,,IT-SA-CA,,,d95d6367-4e02-42f0-87fd-53222fe99800
public_holiday,IT,Italy,All Saints' Day,2024-11-01,2024-11-01,True,,,,,9de1527b-4ec9-458f-98bb-31881ea77345
public_holiday,IT,Italy,St. Justus,2024-11-03,2024-11-03,False,,IT-FV-TS,,,0ea925f1-4a73-4ede-aed0-4d3456e9166e
public_holiday,IT,Italy,St. Nicholas,2024-12-06,2024-12-06,False,,IT-PU-BA,,,81c2d260-02d2-4ef3-86ef-52a4e660fa4b
public_holiday,IT,Italy,St. Ambrose,2024-12-07,2024-12-07,False,,IT-LO-MI,,,5287ec46-879b-498b-badb-70c262ec8911
public_holiday,IT,Italy,Immaculate Conception,2024-12-08,2024-12-08,True,,,,,0f32c8bd-3215-478a-9eb8-ff7a4be47ed7
public_holiday,IT,Italy,Christmas Day,2024-12-25,2024-12-25,True,,,,,62285eee-2dcf-4ac2-8969-2ef409e01859
public_holiday,IT,Italy,St. Stephen's Day,2024-12-26,2024-12-26,True,,,,,8d09a34c-4458-4c22-a20f-9e91ddbaafd1
public_holiday,IT,Italy,New Year's Day,2025-01-01,2025-01-01,True,,,,,1d050a31-4d93-4fde-9ce6-551bed3db5a1
public_holiday,IT,Italy,Epiphany,2025-01-06,2025-01-06,True,,,,,28bfa1ac-e3e1-4592-a807-7d092432f9f9
public_holiday,IT,Italy,Easter Monday,2025-04-21,2025-04-21,True,,,,,9e3d16a4-a098-4527-9a31-969f07b3d03c
public_holiday,IT,Italy,Liberation Day,2025-04-25,2025-04-25,True,,,,,07bf3f21-4d9c-4dd2-bcd0-5eaf63ee197b
public_holiday,IT,Italy,Feast of St Mark,2025-04-25,2025-04-25,False,,IT-VE-VE,,,a377822a-9c21-4866-a2f9-7ebcd03f797a
public_holiday,IT,Italy,Sardinia's Day,2025-04-28,2025-04-28,False,,IT-SA,,,02d99d91-8972-44ee-8242-b27730a5ccbe
public_holiday,IT,Italy,Labour Day,2025-05-01,2025-05-01,True,,,,,093f8e7d-29ac-4af3-8a22-1769ea658cf3
public_holiday,IT,Italy,Republic Day,2025-06-02,2025-06-02,True,,,,,bd6fdd77-f0db-495e-83ce-633dbd6b9934
public_holiday,IT,Italy,Whit Monday,2025-06-09,2025-06-09,False,,IT-TR-BZ,,,19fae41e-1716-45ee-8b6e-5cd8887ccf9b
public_holiday,IT,Italy,St. John the Baptist,2025-06-24,2025-06-24,False,,IT-PI-TO|IT-LI-GE|IT-TO-FI,,,23be2980-586a-4772-ae66-9d91a82ca129
public_holiday,IT,Italy,Saints Peter and Paul,2025-06-29,2025-06-29,False,,IT-LA-RM,,,f5663de3-7a46-4271-8b07-89a2b3cb4ef6
public_holiday,IT,Italy,Saint Rosalia,2025-07-15,2025-07-15,False,,IT-SI-PA,,,44e9df04-c9de-48d0-9236-aa7ff453a932
public_holiday,IT,Italy,Assumption Day,2025-08-15,2025-08-15,True,,,,,1804e2ef-369e-4bc7-aeb9-230546a3496d
public_holiday,IT,Italy,St. Januarius,2025-09-19,2025-09-19,False,,IT-CM-NA,,,ed99206a-5c8d-4786-94cb-fe0a895ad8ca
public_holiday,IT,Italy,St. Petronius,2025-10-04,2025-10-04,False,,IT-ER-BO,,,53acfa7d-1c49-49b5-bad1-c2adcdc0446c
public_holiday,IT,Italy,St. Saturninus,2025-10-30,2025-10-30,False,,IT-SA-CA,,,1b127bbb-6a24-4050-9e6c-9255642db362
public_holiday,IT,Italy,All Saints' Day,2025-11-01,2025-11-01,True,,,,,ed89868f-ae42-4ce7-80bc-8207ba406612
public_holiday,IT,Italy,St. Justus,2025-11-03,2025-11-03,False,,IT-FV-TS,,,f2f59660-c735-4619-97c8-1b8223f3de3b
public_holiday,IT,Italy,St. Nicholas,2025-12-06,2025-12-06,False,,IT-PU-BA,,,8f1b4970-dc5c-437c-a85c-64f960dea8e5
public_holiday,IT,Italy,St. Ambrose,2025-12-07,2025-12-07,False,,IT-LO-MI,,,aca6b5c0-3b4f-431a-b928-946ba27ab339
public_holiday,IT,Italy,Immaculate Conception,2025-12-08,2025-12-08,True,,,,,1024b652-eda7-4baa-a4e2-0ab01de3392e
public_holiday,IT,Italy,Christmas Day,2025-12-25,2025-12-25,True,,,,,1b3e4f39-f296-4001-8bc3-b52c73a5e652
public_holiday,IT,Italy,St. Stephen's Day,2025-12-26,2025-12-26,True,,,,,7ae88dc5-a52c-47a6-906d-30ee5d5621f0
school_holiday,IT,Italy,Christmas holidays,2022-12-23,2023-01-07,False,,IT-UM|IT-MO|IT-SI|IT-PU|IT-CL|IT-LI,,,3bda45b4-76e0-4b26-8746-5a6952b8ea8f
school_holiday,IT,Italy,Christmas holidays,2022-12-23,2023-01-05,False,,IT-TR-TN|IT-SA|IT-CM|IT-LA|IT-LO,,,46500218-6446-498d-8473-c91b02e88416
school_holiday,IT,Italy,Christmas holidays,2022-12-24,2023-01-05,False,,IT-TO|IT-ER|IT-TR-BZ,,,cabca269-1a22-4e64-8d41-4f5674f3c8ec
school_holiday,IT,Italy,Christmas holidays,2022-12-24,2023-01-07,False,,IT-FV|IT-AB|IT-MA|IT-VA|IT-VE|IT-BA|IT-PI,,,e6950178-9ed7-4213-8481-6d25a07d5569
school_holiday,IT,Italy,floating holidays,2023-01-30,2023-01-31,False,,IT-VA,,,a37b3e64-7e6f-4aa5-ba0c-fd76c62420e9
school_holiday,IT,Italy,floating holiday,2023-02-18,2023-02-18,False,,IT-TR-BZ,,,2ebe6066-4dc5-410c-b637-a9625232dca8
school_holiday,IT,Italy,floating holiday,2023-02-20,2023-02-20,False,,IT-FV|IT-TR-TN|IT-AB|IT-CM|IT-VA|IT-VE|IT-BA|IT-TR-BZ|IT-PI,,,81ccd9b7-fc84-442b-8eac-91df0f6ea2c7
school_holiday,IT,Italy,floating holiday,2023-02-21,2023-02-21,False,,IT-FV|IT-TR-TN|IT-AB|IT-SA|IT-CM|IT-VA|IT-VE|IT-BA|IT-TR-BZ|IT-PI,,,87efec1e-d47d-463e-8673-ac0796e539fd
school_holiday,IT,Italy,floating holiday,2023-02-22,2023-02-22,False,,IT-FV|IT-MO|IT-VA|IT-VE|IT-TR-BZ,,,34b09376-b311-415f-b8db-cb70dd60d277
school_holiday,IT,Italy,floating holiday,2023-02-23,2023-02-23,False,,IT-TR-BZ,,,1c9f9a53-c548-4330-bfb2-6a77bc40d8ad
school_holiday,IT,Italy,floating holidays,2023-02-24,2023-02-25,False,,IT-TR-BZ,,,5ff0ac3e-7c61-4868-869e-22fd1fd71d6d
school_holiday,IT,Italy,floating holidays,2023-02-24,2023-02-25,False,,IT-LO,,"[{'language': 'EN', 'text': 'Ambrosian rite'}]",64d5943e-8b4d-4bdb-b531-74c4b703a7a5
school_holiday,IT,Italy,Easter holidays,2023-04-06,2023-04-08,False,,IT-VE,,,0890e06d-83da-4048-9b1e-cce2736df4dc
school_holiday,IT,Italy,Easter holidays,2023-04-06,2023-04-11,False,,IT-UM|IT-TO|IT-FV|IT-TR-TN|IT-MO|IT-SI|IT-PU|IT-AB|IT-SA|IT-CL|IT-LI|IT-MA|IT-CM|IT-VA|IT-BA|IT-LA|IT-ER|IT-LO|IT-TR-BZ|IT-PI,,,6992ea8d-e6a9-4c85-8b32-2f7b5c3280e3
school_holiday,IT,Italy,floating holiday,2023-04-24,2023-04-24,False,,IT-UM|IT-FV|IT-MO|IT-PU|IT-AB|IT-CL|IT-LI|IT-MA|IT-CM|IT-VA|IT-VE|IT-BA|IT-PI,,,9f0bb986-d3b4-48eb-b357-edb7d1cc38dd
school_holiday,IT,Italy,floating holiday,2023-04-28,2023-04-28,False,,IT-SA,,,dc9bc21c-2f7b-47d8-92c8-8599b1278d0c
school_holiday,IT,Italy,floating holiday,2023-05-29,2023-05-29,False,,IT-TR-BZ,,,7dc41337-0a7b-4807-abd4-6122e1cf777f
school_holiday,IT,Italy,floating holiday,2023-06-03,2023-06-03,False,,IT-UM|IT-MO|IT-PU|IT-CL|IT-MA|IT-VE|IT-BA,,,cdd45975-427f-44ea-a355-256de03956eb
school_holiday,IT,Italy,summer holidays,2023-06-08,2023-09-14,False,,IT-ER,,,41f03ed4-5bdb-4c92-aef7-5bb2a38eff26
school_holiday,IT,Italy,summer holidays,2023-06-09,2023-09-11,False,,IT-LO,,,b8fb66aa-5bce-450b-96bc-fc686d04f493
school_holiday,IT,Italy,summer holidays,2023-06-09,2023-09-14,False,,IT-LA,,,e0761c80-1e7d-4ba5-9e20-c208d5ba50a1
school_holiday,IT,Italy,summer holidays,2023-06-10,2023-09-10,False,,IT-TR-TN,,,a771a52b-57c6-48cd-88e2-0db615bfe60b
school_holiday,IT,Italy,summer holidays,2023-06-11,2023-09-12,False,,IT-UM|IT-FV|IT-SI|IT-AB|IT-MA|IT-CM|IT-VE|IT-BA,,,116b8425-6c96-484b-b1e5-3a302856de36
school_holiday,IT,Italy,summer holidays,2023-06-11,2023-09-14,False,,IT-TO,,,94f78bff-993e-4e2a-80f7-9e257d8cd3f0
school_holiday,IT,Italy,summer holidays,2023-06-11,2023-09-13,False,,IT-MO|IT-PU|IT-SA|IT-CL|IT-LI,,,a5cf625d-73b5-4cf6-b1e6-ce60391f90cb
school_holiday,IT,Italy,summer holidays,2023-06-11,2023-09-10,False,,IT-PI,,,ec1a444f-4cd4-4d4b-8a18-242cff3ddd1e
school_holiday,IT,Italy,summer holidays,2023-06-16,2023-09-10,False,,IT-VA,,,d6c1e912-028f-4ad4-b908-22c2c02379b5
school_holiday,IT,Italy,summer holidays,2023-06-17,2023-09-04,False,,IT-TR-BZ,,,dbdbeb8d-1d15-4736-8345-28b403317af8
school_holiday,IT,Italy,floating holidays,2023-10-30,2023-10-31,False,,IT-TR-BZ,,,f279a848-02f6-4635-95f9-2b377bc026b1
school_holiday,IT,Italy,floating holidays,2023-11-01,2023-11-03,False,,IT-MA|IT-TR-BZ,,,3865e1eb-b756-436d-92ad-c5bcde646a83
school_holiday,IT,Italy,floating holiday,2023-11-02,2023-11-02,False,,IT-UM|IT-MO|IT-SI|IT-SA|IT-CL|IT-CM|IT-BA|IT-ER,,,5c40ae1c-4f95-449b-aecb-09058e5a4089
school_holiday,IT,Italy,floating holiday,2023-12-09,2023-12-09,False,,IT-UM|IT-TR-TN|IT-MO|IT-PU|IT-AB|IT-CL|IT-MA|IT-CM|IT-VA|IT-VE|IT-BA|IT-PI,,,d1b6d264-24d3-41fc-9b57-776f052efe4e
school_holiday,IT,Italy,Christmas holidays,2023-12-22,2024-01-05,False,,IT-UM,,,fb821f3b-1b07-4f7e-bbf2-a7cdcaa7e6f2
school_holiday,IT,Italy,Christmas holidays,2023-12-23,2024-01-05,False,,IT-TR-TN|IT-MO|IT-SI|IT-PU|IT-AB|IT-SA|IT-CL|IT-CM|IT-VE|IT-BA|IT-LA|IT-LO|IT-PI,,,fa9864c0-ab5d-45e9-992c-1422719729f3
school_holiday,IT,Italy,Christmas holidays,2023-12-24,2024-01-07,False,,IT-VA,,,d30dd07c-8783-4198-a21b-6f17da2e2edc
school_holiday,IT,Italy,Christmas holidays,2023-12-24,2024-01-05,False,,IT-TO|IT-ER,,,e2eadeec-142a-4dd9-b52e-ed1c41c9fb55
school_holiday,IT,Italy,Christmas holidays,2023-12-24,2024-01-06,False,,IT-MA,,,f095175b-fc38-4e27-8b68-aa4aa9e237f5
school_holiday,IT,Italy,Christmas holidays,2023-12-27,2024-01-05,False,,IT-FV|IT-LI|IT-TR-BZ,,,f1386777-0754-4ecf-bc77-fd0a907d833f
school_holiday,IT,Italy,floating holidays,2024-01-30,2024-01-31,False,,IT-VA|IT-TR-BZ,,,20c004a7-670a-445e-94d8-e15908a24f45
school_holiday,IT,Italy,floating holidays,2024-02-08,2024-02-13,False,,IT-TR-TN,,,28f28cda-1eb1-4ce6-be3b-0968f254321a
school_holiday,IT,Italy,floating holidays,2024-02-10,2024-02-13,False,,IT-PI,,,fcdde897-a894-418d-842c-0388ac4e58b7
school_holiday,IT,Italy,floating holidays,2024-02-12,2024-02-13,False,,IT-PU|IT-CL|IT-CM|IT-BA|IT-LO,,,18965958-6be1-47e6-b031-9068cac6d670
school_holiday,IT,Italy,floating holidays,2024-02-12,2024-02-16,False,,IT-TR-BZ,,,49a25a50-9680-4037-bbbd-64fc64897b17
school_holiday,IT,Italy,floating holidays,2024-02-12,2024-02-14,False,,IT-FV|IT-MO|IT-VA|IT-VE,,,f2b30d21-79c9-4ae9-a7e7-914b388f8bd9
school_holiday,IT,Italy,floating holidays,2024-02-13,2024-02-13,False,,IT-SA,,,bee7fd4b-8041-46bc-9373-89cf80da690d
school_holiday,IT,Italy,Easter holidays,2024-03-28,2024-04-01,False,,IT-VA,,,a98bc399-7fb1-481a-b678-8ab574324bea
school_holiday,IT,Italy,Easter holidays,2024-03-28,2024-04-02,False,,IT-UM|IT-TO|IT-FV|IT-TR-TN|IT-MO|IT-SI|IT-PU|IT-AB|IT-SA|IT-CL|IT-LI|IT-MA|IT-CM|IT-VE|IT-BA|IT-LA|IT-ER|IT-LO|IT-TR-BZ|IT-PI,,,b496ca5c-c218-4a39-be9b-c23e6babd8e4
school_holiday,IT,Italy,floating holidays,2024-04-25,2024-04-26,False,,IT-TR-BZ,,,a7bbe51c-83e9-45bd-b3a5-3e6f934e4c1a
school_holiday,IT,Italy,floating holidays,2024-04-26,2024-04-27,False,,IT-CL|IT-MA|IT-VA|IT-VE|IT-BA|IT-PI,,,d17f649a-3eb3-4f60-bf34-46275cc7646e
school_holiday,IT,Italy,floating holidays,2024-04-29,2024-04-30,False,,IT-MO|IT-LI,,,eb82439b-6f6a-42bc-8a5d-b6b811f5db47
school_holiday,IT,Italy,floating holiday,2024-05-20,2024-05-20,False,,IT-TR-BZ,,,2dd82953-3270-44c2-8669-e0e5f2047988
school_holiday,IT,Italy,summer holidays,2024-06-06,2024-09-15,False,,IT-MA|IT-VA|IT-ER,,,8025d67f-2e61-4cfd-94f7-dcc06f88ffe1
school_holiday,IT,Italy,summer holidays,2024-06-07,2024-09-15,False,,IT-PU|IT-SA,,,63ccd22f-3240-4bbe-949b-ac97a772335f
school_holiday,IT,Italy,summer holidays,2024-06-08,2024-09-15,False,,IT-UM|IT-FV|IT-MO|IT-SI|IT-AB|IT-CL|IT-LI|IT-CM|IT-VE|IT-BA|IT-LA|IT-LO|IT-PI,,,a78d413e-4f9c-4be6-b7b9-d7dea9302a5a
school_holiday,IT,Italy,summer holidays,2024-06-10,2024-09-15,False,,IT-TO,,,bd1aa0d9-38a3-4c40-98a4-f8425c9de045
school_holiday,IT,Italy,summer holidays,2024-06-11,2024-09-08,False,,IT-TR-TN,,,362c71b5-9b1e-427d-b5d3-7c585d502a46
school_holiday,IT,Italy,summer holidays,2024-06-14,2024-09-04,False,,IT-TR-BZ,,,26a9357d-a76e-455c-9ca7-0014183e75ea
school_holiday,IT,Italy,floating holidays,2024-10-26,2024-11-03,False,,IT-TR-BZ,,,d91e3b38-f47d-41ca-aad2-5be414ac7848
school_holiday,IT,Italy,floating holiday,2024-10-31,2024-10-31,False,,IT-TR-TN,,,045f321c-40b0-422d-835d-c80c8243cfe4
school_holiday,IT,Italy,floating holiday,2024-11-02,2024-11-02,False,,IT-UM|IT-FV|IT-TR-TN|IT-MO|IT-SI|IT-AB|IT-SA|IT-CL|IT-MA|IT-CM|IT-VA|IT-VE|IT-BA|IT-ER|IT-PI,,,9545ce00-3ade-49d5-ad07-e0eade2e45b9
school_holiday,IT,Italy,floating holiday,2024-12-07,2024-12-07,False,,IT-MO,,,db0fc52d-79aa-464e-8f74-3d74d5884c68
school_holiday,IT,Italy,Christmas holidays,2024-12-23,2025-01-06,False,,IT-UM|IT-FV|IT-TR-TN|IT-MO|IT-SI|IT-PU|IT-AB|IT-SA|IT-CL|IT-LI|IT-MA|IT-CM|IT-VA|IT-VE|IT-BA|IT-LA|IT-LO|IT-PI,,,6b5d47c9-550c-4d36-8eea-32ccbc6a817c
school_holiday,IT,Italy,Christmas holidays,2024-12-24,2025-01-06,False,,IT-TO|IT-ER|IT-TR-BZ,,,d5aeb249-576b-4297-a34f-71161f1c8dc0
school_holiday,IT,Italy,floating holidays,2025-01-30,2025-01-31,False,,IT-VA,,,f96b623a-f157-4282-8f87-700fa607fcf0
school_holiday,IT,Italy,floating holidays,2025-02-03,2025-02-05,False,,IT-MO|IT-VA,,,8107b737-0e61-45e1-abf3-c46bfc096ffc
school_holiday,IT,Italy,floating holiday,2025-03-01,2025-03-01,False,,IT-PI,,,3fd2938a-a4bb-47a7-9c1b-b5b2addfe844
school_holiday,IT,Italy,floating holidays,2025-03-01,2025-03-09,False,,IT-TR-BZ,,,ef315ae9-be83-46c7-afbe-e152760c499f
school_holiday,IT,Italy,floating holidays,2025-03-03,2025-03-04,False,,IT-SA|IT-CM|IT-BA|IT-LO|IT-PI,,,871fb1d9-1745-48ae-96b6-7c4ab4530351
school_holiday,IT,Italy,floating holidays,2025-03-03,2025-03-05,False,,IT-FV|IT-TR-TN|IT-VE,,,fa14bec9-3f9e-4fb2-bf8c-e8a149612625
school_holiday,IT,Italy,Easter holidays,2025-04-17,2025-04-22,False,,IT-UM|IT-TO|IT-FV|IT-MO|IT-SI|IT-PU|IT-AB|IT-SA|IT-CL|IT-MA|IT-CM|IT-BA|IT-LA|IT-ER|IT-TR-BZ|IT-PI,,,53679018-e03e-42fd-a1a4-eec31eaa7fd9
school_holiday,IT,Italy,Easter holidays,2025-04-17,2025-04-21,False,,IT-LI|IT-VA|IT-LO,,,65dddc80-38ef-493f-9ee5-e242d90d011b
school_holiday,IT,Italy,Easter holidays,2025-04-17,2025-04-19,False,,IT-VE,,,dfdcddcf-c47e-4d1c-8962-dd3a119539c3
school_holiday,IT,Italy,Easter holidays,2025-04-18,2025-04-26,False,,IT-TR-TN,,,e05242ef-da5a-4024-996e-1f2e489ef20e
school_holiday,IT,Italy,floating holiday,2025-04-26,2025-04-26,False,,IT-UM|IT-FV|IT-MO|IT-PU|IT-AB|IT-CL|IT-MA|IT-CM|IT-VA|IT-VE|IT-BA,,,77ea9017-3d51-46a0-ad26-458d0718caba
school_holiday,IT,Italy,floating holiday,2025-04-28,2025-04-28,False,,IT-SA,,,daa29ff9-b5db-49b8-ab9c-be2b0d6dbb91
school_holiday,IT,Italy,floating holidays,2025-05-01,2025-05-03,False,,IT-TR-TN,,,19c86c85-f244-4170-8c13-67bd109a6aee
school_holiday,IT,Italy,floating holidays,2025-05-02,2025-05-03,False,,IT-MO|IT-CL|IT-LI|IT-MA|IT-CM|IT-VA|IT-VE|IT-PI,,,a89f898e-fb3a-4530-9300-caed581d1e46
school_holiday,IT,Italy,floating holiday,2025-05-02,2025-05-02,False,,IT-TR-BZ,,,bf7034e5-62fa-4d71-8701-ad150d3c0aa8
school_holiday,IT,Italy,summer holidays,2025-06-07,2025-09-14,False,,IT-ER,,,931d1f69-8284-4976-882a-ab8cf3db57e1
school_holiday,IT,Italy,summer holidays,2025-06-08,2025-09-10,False,,IT-FV,,,11dab55c-f09d-4df8-8e52-4ab3f99859ce
school_holiday,IT,Italy,summer holidays,2025-06-08,2025-09-15,False,,IT-PU|IT-CL,,,35ccf659-8b7f-4e76-8882-16a1008da07c
school_holiday,IT,Italy,summer holidays,2025-06-08,2025-09-14,False,,IT-UM|IT-MO|IT-SI|IT-AB|IT-SA|IT-MA|IT-CM|IT-LA,,,3b8504f4-3bf4-42b1-9d1e-182b4962380e
school_holiday,IT,Italy,summer holidays,2025-06-08,2025-09-09,False,,IT-VE|IT-PI,,,8eac6eec-b147-4763-b7b8-a4e4b63f9104
school_holiday,IT,Italy,summer holidays,2025-06-08,2025-09-11,False,,IT-LO,,,a8827f22-07ac-4f12-a137-7aa354d92f73
school_holiday,IT,Italy,floating holiday,2025-06-09,2025-06-09,False,,IT-TR-BZ,,,a09776ff-09f4-47c2-903b-d04bb5099803
school_holiday,IT,Italy,summer holidays,2025-06-11,2025-09-14,False,,IT-TO|IT-LI|IT-BA,,,52a81aab-6784-4bf7-b3b7-42b5a88e1002
school_holiday,IT,Italy,summer holidays,2025-06-11,2025-09-09,False,,IT-VA,,,5b40db5a-ae7c-4a15-b68b-e745a3433079
school_holiday,IT,Italy,summer holidays,2025-06-13,2025-09-09,False,,IT-TR-TN,,,e2cce9dc-2e73-4298-8289-35654fdfd8fa
school_holiday,IT,Italy,summer holidays,2025-06-14,2025-09-07,False,,IT-TR-BZ,,,23304a2a-9bba-4940-87c1-491c4df9677e
school_holiday,IT,Italy,Christmas holidays,2025-12-22,2026-01-06,False,,IT-UM|IT-TR-TN|IT-MO|IT-PU|IT-AB|IT-LI|IT-BA|IT-PI,,,d639e3c6-087b-412d-b2fe-cb04aac0c588
school_holiday,IT,Italy,Christmas holidays,2025-12-23,2026-01-06,False,,IT-FV|IT-SI|IT-SA|IT-CL|IT-MA|IT-CM|IT-LA|IT-LO,,,936aacdf-e53d-4258-b5c7-9a53e2370cfa
school_holiday,IT,Italy,Christmas holidays,2025-12-24,2026-01-06,False,,IT-TO|IT-VA|IT-VE|IT-ER|IT-TR-BZ,,,3bd44f06-90f1-48bb-99e8-3403faa35cac
public_holiday,IT,Italy,New Year's Day,2026-01-01,2026-01-01,True,,,,,fee5c451-899a-4625-b1be-b1bac0d82430
public_holiday,IT,Italy,Epiphany,2026-01-06,2026-01-06,True,,,,,83cf417b-7e57-4bd5-92fa-157c68952497
public_holiday,IT,Italy,Easter Monday,2026-04-06,2026-04-06,True,,,,,517e67e4-aa44-4bdd-84d7-311a8906c3cb
public_holiday,IT,Italy,Liberation Day,2026-04-25,2026-04-25,True,,,,,930c4838-8dbc-4048-8023-358af432c5b4
public_holiday,IT,Italy,Feast of St Mark,2026-04-25,2026-04-25,False,,IT-VE-VE,,,c365d0b2-c7df-46dc-be7d-f2b281942771
public_holiday,IT,Italy,Sardinia's Day,2026-04-28,2026-04-28,False,,IT-SA,,,feb31a97-787e-42a9-8091-5cb7f5689f0a
public_holiday,IT,Italy,Labour Day,2026-05-01,2026-05-01,True,,,,,4ea07c49-760e-4a67-a7c0-535419242731
public_holiday,IT,Italy,Whit Monday,2026-05-25,2026-05-25,False,,IT-TR-BZ,,,ab709f55-dcb4-4229-9904-cb1eba81964c
public_holiday,IT,Italy,Republic Day,2026-06-02,2026-06-02,True,,,,,14c66d52-7947-4be3-ba43-0f643da1c1bc
public_holiday,IT,Italy,St. John the Baptist,2026-06-24,2026-06-24,False,,IT-PI-TO|IT-LI-GE|IT-TO-FI,,,1fd6569c-92ab-491a-a289-2e5d5b640b8f
public_holiday,IT,Italy,Saints Peter and Paul,2026-06-29,2026-06-29,False,,IT-LA-RM,,,bae5e410-9aaa-43d6-a6b3-dc0f86f322af
public_holiday,IT,Italy,Saint Rosalia,2026-07-15,2026-07-15,False,,IT-SI-PA,,,8716adac-bcf8-42bf-af08-7a7a74376824
public_holiday,IT,Italy,Assumption Day,2026-08-15,2026-08-15,True,,,,,34c014c6-66a5-4bfb-8180-8f49eb9a9a07
public_holiday,IT,Italy,St. Januarius,2026-09-19,2026-09-19,False,,IT-CM-NA,,,64f4cb4b-8282-4761-9287-26d8a401dc53
public_holiday,IT,Italy,St. Petronius,2026-10-04,2026-10-04,False,,IT-ER-BO,,,d11fd0c6-6a8b-4609-bf9c-a9e7945d8b02
public_holiday,IT,Italy,St. Saturninus,2026-10-30,2026-10-30,False,,IT-SA-CA,,,7fba0a5a-77f9-44bd-ac6c-62d411bb200c
public_holiday,IT,Italy,All Saints' Day,2026-11-01,2026-11-01,True,,,,,a018e103-9ab6-4b0f-a512-765eb7040119
public_holiday,IT,Italy,St. Justus,2026-11-03,2026-11-03,False,,IT-FV-TS,,,0b5fc07e-1372-4ac9-b3fc-b3523507598b
public_holiday,IT,Italy,St. Nicholas,2026-12-06,2026-12-06,False,,IT-PU-BA,,,1fd2a591-de2a-429d-900c-ce2ab17a32ba
public_holiday,IT,Italy,St. Ambrose,2026-12-07,2026-12-07,False,,IT-LO-MI,,,1739b399-0767-4324-b63d-17170cb50057
public_holiday,IT,Italy,Immaculate Conception,2026-12-08,2026-12-08,True,,,,,5933bb73-2b06-49b8-89b2-12ff3bbc7ad7
public_holiday,IT,Italy,Christmas Day,2026-12-25,2026-12-25,True,,,,,cef0fac0-00e5-4680-a86a-8792a3f5c08d
public_holiday,IT,Italy,St. Stephen's Day,2026-12-26,2026-12-26,True,,,,,b927b5ed-f874-455a-a8ea-4d3f13d774fe
public_holiday,IT,Italy,New Year's Day,2027-01-01,2027-01-01,True,,,,,ebd8b6f1-a6d8-4018-a9e8-d7b44e6e61e6
public_holiday,IT,Italy,Epiphany,2027-01-06,2027-01-06,True,,,,,a322f747-0d5d-44da-8791-e2d9a6699524
public_holiday,IT,Italy,Easter Monday,2027-03-29,2027-03-29,True,,,,,48dea4ee-3c20-4d1c-b05c-fca9d197100b
public_holiday,IT,Italy,Liberation Day,2027-04-25,2027-04-25,True,,,,,26b1c88c-c7b2-4295-a5a9-b60659f21716
public_holiday,IT,Italy,Feast of St Mark,2027-04-25,2027-04-25,False,,IT-VE-VE,,,7871d5a2-d4a1-4cc7-ba3c-5946f70249af
public_holiday,IT,Italy,Sardinia's Day,2027-04-28,2027-04-28,False,,IT-SA,,,d5c9f260-a8ac-4d81-8742-20bf841c41b7
public_holiday,IT,Italy,Labour Day,2027-05-01,2027-05-01,True,,,,,d6687f44-822d-4d35-9d69-52d5b3c90393
public_holiday,IT,Italy,Whit Monday,2027-05-17,2027-05-17,False,,IT-TR-BZ,,,903b10fb-ddc4-49ac-a872-ea457e97204a
public_holiday,IT,Italy,Republic Day,2027-06-02,2027-06-02,True,,,,,b0cb2c63-a10d-427c-b014-33ca541393a8
public_holiday,IT,Italy,St. John the Baptist,2027-06-24,2027-06-24,False,,IT-PI-TO|IT-LI-GE|IT-TO-FI,,,9fc4e666-d254-4c7d-acfe-6279adf60e9d
public_holiday,IT,Italy,Saints Peter and Paul,2027-06-29,2027-06-29,False,,IT-LA-RM,,,18d1ab1f-048c-4864-bea6-cca4d0c57868
public_holiday,IT,Italy,Saint Rosalia,2027-07-15,2027-07-15,False,,IT-SI-PA,,,9405c2fd-e095-41d5-a83f-9b1c3c535ad6
public_holiday,IT,Italy,Assumption Day,2027-08-15,2027-08-15,True,,,,,609bac7c-93ae-498f-a9e1-4b000b9a550b
public_holiday,IT,Italy,St. Januarius,2027-09-19,2027-09-19,False,,IT-CM-NA,,,bdec8a85-30fb-40af-8015-af337de461ed
public_holiday,IT,Italy,St. Petronius,2027-10-04,2027-10-04,False,,IT-ER-BO,,,b463d402-5973-488c-95af-da9e2cc44eca
public_holiday,IT,Italy,St. Saturninus,2027-10-30,2027-10-30,False,,IT-SA-CA,,,83495cda-dd75-498f-972f-2a3583469498
public_holiday,IT,Italy,All Saints' Day,2027-11-01,2027-11-01,True,,,,,2addbb40-b3c6-47aa-82c0-ef226d99a98a
public_holiday,IT,Italy,St. Justus,2027-11-03,2027-11-03,False,,IT-FV-TS,,,b214fb77-ce15-4dc3-8bb0-32fd870763cc
public_holiday,IT,Italy,St. Nicholas,2027-12-06,2027-12-06,False,,IT-PU-BA,,,8b2e3630-c5f1-46e6-9d83-d9df54b6a32c
public_holiday,IT,Italy,St. Ambrose,2027-12-07,2027-12-07,False,,IT-LO-MI,,,3a2e7d64-9f9c-43af-9b12-01459bf32626
public_holiday,IT,Italy,Immaculate Conception,2027-12-08,2027-12-08,True,,,,,2328e90f-9d40-4d3f-8404-35d10286d78c
public_holiday,IT,Italy,Christmas Day,2027-12-25,2027-12-25,True,,,,,2cdcb5e1-2b9e-4486-9be3-e4314c539fda
public_holiday,IT,Italy,St. Stephen's Day,2027-12-26,2027-12-26,True,,,,,2ad0edba-0153-4945-9ad9-c6f9de952bf9
school_holiday,IT,Italy,floating holidays,2026-02-14,2026-02-22,False,,IT-TR-BZ,,,4f19cdff-bf7a-4ccc-9aa6-bb53db8eb354
school_holiday,IT,Italy,floating holidays,2026-02-14,2026-02-17,False,,IT-PI,,,e20264c0-cdd6-4c0e-a3a2-f0a8f1d24280
school_holiday,IT,Italy,floating holidays,2026-02-16,2026-02-18,False,,IT-FV|IT-TR-TN|IT-VA|IT-VE,,,7dd2c6d4-eca2-4e8e-bb66-542bc09e25ca
school_holiday,IT,Italy,floating holidays,2026-02-16,2026-02-17,False,,IT-LI|IT-CM|IT-LO,,,d72492bd-bd6d-4e7a-8d5a-44558e256ec0
school_holiday,IT,Italy,floating holiday,2026-02-17,2026-02-17,False,,IT-SA,,,bc66e526-da60-41d6-afb9-188c86e22e41
school_holiday,IT,Italy,Easter holidays,2026-04-02,2026-04-08,False,,IT-TR-TN|IT-TR-BZ,,,581aabbd-4b82-4415-b16b-f01902380333
school_holiday,IT,Italy,Easter holidays,2026-04-02,2026-04-07,False,,IT-UM|IT-TO|IT-FV|IT-MO|IT-SI|IT-PU|IT-AB|IT-SA|IT-CL|IT-LI|IT-MA|IT-CM|IT-VA|IT-VE|IT-BA|IT-LA|IT-ER|IT-LO|IT-PI,,,7f1f6ced-7779-4059-8f2c-ac63dc1047ce
school_holiday,IT,Italy,floating holiday,2026-04-24,2026-04-24,False,,IT-TR-TN,,,9094543d-4b4c-4330-aa16-d9cbb8814dde
school_holiday,IT,Italy,floating holiday,2026-04-28,2026-04-28,False,,IT-SA,,,3d8a8f4f-f53d-4374-8501-db636553a620
school_holiday,IT,Italy,floating holiday,2026-05-02,2026-05-02,False,,IT-UM|IT-FV|IT-TR-TN|IT-MO|IT-PU|IT-AB|IT-SA|IT-CL|IT-MA|IT-VA|IT-VE|IT-BA|IT-PI,,,0e10acd9-7b64-4662-807b-f7cde62331d8
school_holiday,IT,Italy,floating holiday,2026-06-01,2026-06-01,False,,IT-UM|IT-FV|IT-TR-TN|IT-MO|IT-PU|IT-AB|IT-LI|IT-MA|IT-VA|IT-VE|IT-BA|IT-TR-BZ|IT-PI,,,80b15964-ce09-4f28-b6e9-a6aefe8f10c1
school_holiday,IT,Italy,End of lessons,2026-06-06,2026-06-06,False,,IT-MA|IT-CM|IT-VE|IT-ER,,,9fc6257a-d308-4be0-8347-911eeeb46e56
school_holiday,IT,Italy,End of lessons,2026-06-08,2026-06-08,False,,IT-SA|IT-CL|IT-LA|IT-LO,,,94c4353f-d88f-4757-814a-18ba09425329
school_holiday,IT,Italy,End of lessons,2026-06-09,2026-06-09,False,,IT-UM|IT-FV|IT-MO|IT-SI|IT-PU|IT-AB,,,5863d12a-d940-4d7e-be14-3eef17168b44
school_holiday,IT,Italy,End of lessons,2026-06-10,2026-06-10,False,,IT-TO|IT-TR-TN|IT-VA|IT-BA|IT-PI,,,75ab3e0f-8cb8-414c-8b86-411901761ee3
school_holiday,IT,Italy,End of lessons,2026-06-11,2026-06-11,False,,IT-LI,,,8438193a-c467-47ca-a1bb-8ef0d5b49bd7
school_holiday,IT,Italy,End of lessons,2026-06-16,2026-06-16,False,,IT-TR-BZ,,,02fec2c2-08e3-4673-a355-92879880fc43
public_holiday,LI,Liechtenstein,New Year's Day,2023-01-01,2023-01-01,True,,,,,4ea56549-0083-44da-a274-55a495de2219
public_holiday,LI,Liechtenstein,Epiphany,2023-01-06,2023-01-06,True,,,,,d90ad942-2dac-49fd-a462-bf93eea3d9ee
public_holiday,LI,Liechtenstein,Easter Monday,2023-04-10,2023-04-10,True,,,,,11de9809-1810-4193-9ab9-0845ce197d57
public_holiday,LI,Liechtenstein,Labour Day,2023-05-01,2023-05-01,True,,,,,a61dbd6e-9d64-4c57-8bfd-a5125d9d684c
public_holiday,LI,Liechtenstein,Ascension Day,2023-05-18,2023-05-18,True,,,,,63db91bb-fdfc-416a-b719-6f83bd6ddb3a
public_holiday,LI,Liechtenstein,Pentecost Monday,2023-05-29,2023-05-29,True,,,,,9c44193f-4d6a-4186-9c2b-1123c8129a2c
public_holiday,LI,Liechtenstein,Corpus Christi,2023-06-08,2023-06-08,True,,,,,0a13ab11-aa2a-4c19-991c-65c4a2bcd697
public_holiday,LI,Liechtenstein,National Day (Assumption),2023-08-15,2023-08-15,True,,,,,fd6c2649-eeec-41ff-974a-a3dd28471e29
public_holiday,LI,Liechtenstein,Nativity of Mary,2023-09-08,2023-09-08,True,,,,,57ed55b8-a597-46c1-bb84-bf2bf5ac1542
public_holiday,LI,Liechtenstein,All Saints' Day,2023-11-01,2023-11-01,True,,,,,b3f249b9-290e-4beb-b574-b637172a0fa8
public_holiday,LI,Liechtenstein,Immaculate Conception,2023-12-08,2023-12-08,True,,,,,997571ca-1496-4217-9f72-740a5f5c8845
public_holiday,LI,Liechtenstein,Christmas Day,2023-12-25,2023-12-25,True,,,,,d1b745b1-fff2-4e96-a16d-e60f2a3ed698
public_holiday,LI,Liechtenstein,St. Stephen's Day,2023-12-26,2023-12-26,True,,,,,920d06f3-b6df-4cb8-9644-e1eb6a00b5f5
public_holiday,LI,Liechtenstein,New Year's Day,2024-01-01,2024-01-01,True,,,,,22eb50a8-d4fa-4d28-a622-b8f79a13d2f3
public_holiday,LI,Liechtenstein,Epiphany,2024-01-06,2024-01-06,True,,,,,67f38978-c7ec-46fd-9bda-00a49ca74554
public_holiday,LI,Liechtenstein,Easter Monday,2024-04-01,2024-04-01,True,,,,,1d40e8e2-7dd1-4d14-b5e5-ec3814cb7a38
public_holiday,LI,Liechtenstein,Labour Day,2024-05-01,2024-05-01,True,,,,,1f1397c8-9a68-4b81-acdb-36523a5f5112
public_holiday,LI,Liechtenstein,Ascension Day,2024-05-09,2024-05-09,True,,,,,ff835a02-eeed-4e1e-9b4b-12c99fc0c02b
public_holiday,LI,Liechtenstein,Pentecost Monday,2024-05-20,2024-05-20,True,,,,,718d6ae4-6f73-4beb-919c-022a54c9fff2
public_holiday,LI,Liechtenstein,Corpus Christi,2024-05-30,2024-05-30,True,,,,,9abe0404-9158-4012-9333-c443ae9fafa5
public_holiday,LI,Liechtenstein,National Day (Assumption),2024-08-15,2024-08-15,True,,,,,50bc35e8-811f-4a00-8ba2-7b1a74a07274
public_holiday,LI,Liechtenstein,Nativity of Mary,2024-09-08,2024-09-08,True,,,,,371b6267-1f1f-42cd-a49a-6c8b70c655b9
public_holiday,LI,Liechtenstein,All Saints' Day,2024-11-01,2024-11-01,True,,,,,04257c5b-c215-4279-8e7a-88284fce5da2
public_holiday,LI,Liechtenstein,Immaculate Conception,2024-12-08,2024-12-08,True,,,,,b26c3adb-79b2-4514-ba76-504459de7153
public_holiday,LI,Liechtenstein,Christmas Day,2024-12-25,2024-12-25,True,,,,,a27298e3-ad29-4de9-a5e4-cb605e62af9f
public_holiday,LI,Liechtenstein,St. Stephen's Day,2024-12-26,2024-12-26,True,,,,,304d8355-8edc-432d-a227-cfe84401f109
public_holiday,LI,Liechtenstein,New Year's Day,2025-01-01,2025-01-01,True,,,,,44f7c401-eebb-42f8-8e7a-e29a73b95e47
public_holiday,LI,Liechtenstein,Epiphany,2025-01-06,2025-01-06,True,,,,,402c7178-a325-4327-b054-17bffb4b6bee
public_holiday,LI,Liechtenstein,Easter Monday,2025-04-21,2025-04-21,True,,,,,089a2e28-3792-4cd9-992e-1343820556cc
public_holiday,LI,Liechtenstein,Labour Day,2025-05-01,2025-05-01,True,,,,,903198f8-36a3-4c71-882f-cdef1c8ecbbc
public_holiday,LI,Liechtenstein,Ascension Day,2025-05-29,2025-05-29,True,,,,,50944ed8-f19d-4a4f-b3c3-5c246ba18b58
public_holiday,LI,Liechtenstein,Pentecost Monday,2025-06-09,2025-06-09,True,,,,,290bfd59-3f34-4af0-a683-a33f7137732e
public_holiday,LI,Liechtenstein,Corpus Christi,2025-06-19,2025-06-19,True,,,,,cebc5b96-0878-4047-9cb0-52e0a853ae5e
public_holiday,LI,Liechtenstein,National Day (Assumption),2025-08-15,2025-08-15,True,,,,,f0890872-ffce-4ed4-b50c-6fb5e0143be2
public_holiday,LI,Liechtenstein,Nativity of Mary,2025-09-08,2025-09-08,True,,,,,7fcd5af3-4a9f-4867-9425-7edac02330c9
public_holiday,LI,Liechtenstein,All Saints' Day,2025-11-01,2025-11-01,True,,,,,7f99beda-1454-413f-b696-80ab5275d832
public_holiday,LI,Liechtenstein,Immaculate Conception,2025-12-08,2025-12-08,True,,,,,f7495f9f-31ae-4d54-843b-fb4734b1cda3
public_holiday,LI,Liechtenstein,Christmas Day,2025-12-25,2025-12-25,True,,,,,4ede930f-f42a-4246-a64d-6c99230404e1
public_holiday,LI,Liechtenstein,St. Stephen's Day,2025-12-26,2025-12-26,True,,,,,e04e6b28-e3ed-4f87-958f-06eb4d018b1e
school_holiday,LI,Liechtenstein,Christmas holidays,2022-12-24,2023-01-08,True,,,,,84a2bc02-d252-4ce6-a24f-a2943b33bcba
school_holiday,LI,Liechtenstein,Sport holidays,2023-02-18,2023-02-26,True,,,,,d27020bf-8bf2-413a-90ea-a49be4fba75a
school_holiday,LI,Liechtenstein,No lessons,2023-04-06,2023-04-06,True,,,,"[{'language': 'EN', 'text': 'From noon'}]",65d5cddd-0b66-4cd3-80f9-508539a27b1c
school_holiday,LI,Liechtenstein,Spring holidays,2023-04-07,2023-04-23,True,,,,,b687ef4a-d984-4602-94cf-1a767884b456
school_holiday,LI,Liechtenstein,No lessons,2023-05-19,2023-05-19,True,,,,,8b5915fa-9061-4146-a1ce-6a8d35d314f6
school_holiday,LI,Liechtenstein,No lessons,2023-06-09,2023-06-09,True,,,,,97dc15fd-d1f9-47c6-8293-85ce770d846f
school_holiday,LI,Liechtenstein,Summer holidays,2023-07-08,2023-08-20,True,,,,,d593e2b2-3c1b-4d1b-9982-e34b37d8da56
school_holiday,LI,Liechtenstein,Autumn holidays,2023-10-07,2023-10-22,True,,,,,7cf5b5ae-14ee-4814-a3ae-a0f88df17e57
school_holiday,LI,Liechtenstein,Christmas holidays,2023-12-23,2024-01-07,True,,,,,7d51a6bb-516a-4aef-9c08-15de8a6dff66
school_holiday,LI,Liechtenstein,Sport holidays,2024-02-10,2024-02-18,True,,,,,1f1b81b9-be10-4044-aff3-adad6719634d
school_holiday,LI,Liechtenstein,No lessons,2024-03-28,2024-03-28,True,,,,"[{'language': 'EN', 'text': 'From noon'}]",f43ab627-4e7c-42af-9d31-1bbdc0eaea33
school_holiday,LI,Liechtenstein,Spring holidays,2024-03-29,2024-04-14,True,,,,,22f808e2-1605-44f4-969e-95a49eedc9a8
school_holiday,LI,Liechtenstein,No lessons,2024-05-10,2024-05-10,True,,,,,3dfacfa6-fa3a-4450-b8fb-03896a1e63bc
school_holiday,LI,Liechtenstein,No lessons,2024-05-31,2024-05-31,True,,,,,a454897e-1a49-40d9-82d1-c29234d4bdb1
school_holiday,LI,Liechtenstein,Summer holidays,2024-07-06,2024-08-18,True,,,,,16ee6ffb-6cd0-462a-8913-8654baf7a84f
school_holiday,LI,Liechtenstein,Autumn holidays,2024-10-05,2024-10-20,True,,,,,d3fb56c0-5719-4b1c-afae-608119b80797
school_holiday,LI,Liechtenstein,Christmas holidays,2024-12-21,2025-01-06,True,,,,,5da330c0-5482-4da2-84c3-85fd9e6f0755
school_holiday,LI,Liechtenstein,Sport holidays,2025-03-01,2025-03-09,True,,,,,c04e906c-d6a9-4d84-9590-13203a42267e
school_holiday,LI,Liechtenstein,No lessons,2025-04-17,2025-04-17,True,,,,"[{'language': 'EN', 'text': 'From noon'}]",b5fb75bd-3ecb-41af-9fd0-047d8fd86244
school_holiday,LI,Liechtenstein,Spring holidays,2025-04-18,2025-05-04,True,,,,,818bf33d-bbc1-4f09-b2e6-7d3cf73daae9
school_holiday,LI,Liechtenstein,No lessons,2025-05-30,2025-05-30,True,,,,,db855596-64bd-403e-a918-50dcc6a1c0c5
school_holiday,LI,Liechtenstein,No lessons,2025-06-20,2025-06-20,True,,,,,57b4e06e-bc7f-43a3-8e58-c96fe7e00f59
school_holiday,LI,Liechtenstein,Summer holidays,2025-07-05,2025-08-17,True,,,,,d8b7e06d-4fdc-420c-964e-2a7f2e7af0f8
school_holiday,LI,Liechtenstein,Autumn holidays,2025-10-04,2025-10-19,True,,,,,7511f309-09a5-43c3-8171-5866a5fb86e4
school_holiday,LI,Liechtenstein,Christmas holidays,2025-12-24,2026-01-06,True,,,,,9558cbb8-5c26-4223-956c-884ffa60dfcb
public_holiday,LI,Liechtenstein,New Year's Day,2026-01-01,2026-01-01,True,,,,,60db02a2-1849-4f5c-bbc4-a5de07647063
public_holiday,LI,Liechtenstein,Epiphany,2026-01-06,2026-01-06,True,,,,,101d3b65-e674-4a42-9607-6b2c883e68b7
public_holiday,LI,Liechtenstein,Easter Monday,2026-04-06,2026-04-06,True,,,,,c45517d9-dede-4f4a-8125-f87c400e2942
public_holiday,LI,Liechtenstein,Labour Day,2026-05-01,2026-05-01,True,,,,,d9a17283-4321-41d0-be0e-24ac6e7e3f6f
public_holiday,LI,Liechtenstein,Ascension Day,2026-05-14,2026-05-14,True,,,,,84c90277-e628-465f-963a-2738cd6c4cf1
public_holiday,LI,Liechtenstein,Pentecost Monday,2026-05-25,2026-05-25,True,,,,,2f322df2-3ba4-4b00-a8a5-80e02a58b5ef
public_holiday,LI,Liechtenstein,Corpus Christi,2026-06-04,2026-06-04,True,,,,,19f4a768-5341-437c-82e8-702050af95e0
public_holiday,LI,Liechtenstein,National Day (Assumption),2026-08-15,2026-08-15,True,,,,,6a86063c-c931-4dff-ada5-7194efe645cb
public_holiday,LI,Liechtenstein,Nativity of Mary,2026-09-08,2026-09-08,True,,,,,fdbc76ad-8bc7-4bbc-8318-e8d457890393
public_holiday,LI,Liechtenstein,All Saints' Day,2026-11-01,2026-11-01,True,,,,,d8cebc57-5464-4673-991d-e5997610f864
public_holiday,LI,Liechtenstein,Immaculate Conception,2026-12-08,2026-12-08,True,,,,,0a0f5e22-9dc3-4b6d-867b-0a4ebee3a70e
public_holiday,LI,Liechtenstein,Christmas Day,2026-12-25,2026-12-25,True,,,,,e9f1a040-7331-451d-bf7a-139ca963fb5c
public_holiday,LI,Liechtenstein,St. Stephen's Day,2026-12-26,2026-12-26,True,,,,,62c3ddec-e21f-446d-9a0e-fccef411cbdc
public_holiday,LI,Liechtenstein,New Year's Day,2027-01-01,2027-01-01,True,,,,,d413ea40-9d81-4a2a-86c6-adcba31f9954
public_holiday,LI,Liechtenstein,Epiphany,2027-01-06,2027-01-06,True,,,,,ec822322-a663-4f16-9b6a-5c4ae9d411ba
public_holiday,LI,Liechtenstein,Easter Monday,2027-03-29,2027-03-29,True,,,,,b9876dd5-add4-481a-b951-138d4cac36c5
public_holiday,LI,Liechtenstein,Labour Day,2027-05-01,2027-05-01,True,,,,,a041cef1-20a4-4876-b1d1-624f7e28b59d
public_holiday,LI,Liechtenstein,Ascension Day,2027-05-06,2027-05-06,True,,,,,c87ebc61-347d-4c11-96e4-15dd155ba538
public_holiday,LI,Liechtenstein,Pentecost Monday,2027-05-17,2027-05-17,True,,,,,838d6af3-1b26-4e1b-9fe8-7107c046cc7e
public_holiday,LI,Liechtenstein,Corpus Christi,2027-05-27,2027-05-27,True,,,,,9733ccc6-f8f0-4e77-884b-c073d1cfb48a
public_holiday,LI,Liechtenstein,National Day (Assumption),2027-08-15,2027-08-15,True,,,,,4bf9b47c-1d86-4d02-8229-65cae4246814
public_holiday,LI,Liechtenstein,Nativity of Mary,2027-09-08,2027-09-08,True,,,,,fd5d5c36-d9b9-439f-9953-69c19f958d6b
public_holiday,LI,Liechtenstein,All Saints' Day,2027-11-01,2027-11-01,True,,,,,6ded5860-19be-4053-9fa9-17e62eaec188
public_holiday,LI,Liechtenstein,Immaculate Conception,2027-12-08,2027-12-08,True,,,,,ecbb33b5-1307-450c-aa37-30d1a96af531
public_holiday,LI,Liechtenstein,Christmas Day,2027-12-25,2027-12-25,True,,,,,531ca731-b79f-4cec-a050-75b5c5a991c0
public_holiday,LI,Liechtenstein,St. Stephen's Day,2027-12-26,2027-12-26,True,,,,,b015f74a-7773-4ee0-b6c1-0c0ce1f47c9b
school_holiday,LI,Liechtenstein,Sport holidays,2026-02-14,2026-02-22,True,,,,,c712f440-69c8-4d8e-b5fa-09c58df6f5a5
school_holiday,LI,Liechtenstein,No lessons,2026-04-02,2026-04-02,True,,,,"[{'language': 'EN', 'text': 'From noon'}]",6a23cc8a-7d0a-410e-a878-debecd16c062
school_holiday,LI,Liechtenstein,Spring holidays,2026-04-03,2026-04-19,True,,,,,00eaf60b-71a1-4c4b-90ae-c61bf9f3fc36
school_holiday,LI,Liechtenstein,No lessons,2026-05-15,2026-05-15,True,,,,,8b94dde8-fc93-42bc-acaf-9fb345d28d38
school_holiday,LI,Liechtenstein,No lessons,2026-06-05,2026-06-05,True,,,,,6b5f770e-5c77-4e2d-b8c5-b96c086fde2c
school_holiday,LI,Liechtenstein,Summer holidays,2026-07-04,2026-08-16,True,,,,,a02124ab-48fb-4a08-bbba-b6c039f1e89d
school_holiday,LI,Liechtenstein,Autumn holidays,2026-10-03,2026-10-18,True,,,,,a3caba01-e3cc-4bfc-9f0c-2cc0ce6c7564
school_holiday,LI,Liechtenstein,Christmas holidays,2026-12-24,2027-01-06,True,,,,,cc5280b3-c921-481e-9574-73a01c211060
public_holiday,LT,Lithuania,New Year's Day,2023-01-01,2023-01-01,True,,,,,8b1565bc-cb08-492b-b69e-00550e1183dc
public_holiday,LT,Lithuania,Day of restoration of the Lithuanian state,2023-02-16,2023-02-16,True,,,,,044ef531-ac02-489f-be85-fabfb480e93c
public_holiday,LT,Lithuania,Day of Restoration of Independence of Lithuania,2023-03-11,2023-03-11,True,,,,,24378e33-6b1c-466b-8d13-a3401011b31c
public_holiday,LT,Lithuania,Easter Sunday,2023-04-09,2023-04-09,True,,,,,978e4511-f011-4cff-8200-4c04e520361a
public_holiday,LT,Lithuania,Easter Monday,2023-04-10,2023-04-10,True,,,,,3a481a69-a09e-41cf-8d31-116b85ede6f3
public_holiday,LT,Lithuania,Labour Day,2023-05-01,2023-05-01,True,,,,,3e384ed2-337c-43dc-9abd-e0adac2b7df5
public_holiday,LT,Lithuania,Midsummer Day,2023-06-24,2023-06-24,True,,,,,6f7bc7a2-82c0-4c16-85b3-4b4acfaf95c5
public_holiday,LT,Lithuania,National Day,2023-07-06,2023-07-06,True,,,,,d172ea27-bb8e-48f2-83a2-3823ef0670d3
public_holiday,LT,Lithuania,Assumption Day,2023-08-15,2023-08-15,True,,,,,6f3647e2-7e46-4942-938c-920ad72f38e4
public_holiday,LT,Lithuania,All Saints' Day,2023-11-01,2023-11-01,True,,,,,26a73fc2-b3f5-4727-9134-0528dc6fd2ff
public_holiday,LT,Lithuania,All Souls' Day,2023-11-02,2023-11-02,True,,,,,8218fe76-5eb4-41cc-b1d1-efe95bb6412c
public_holiday,LT,Lithuania,Christmas Eve,2023-12-24,2023-12-24,True,,,,,ff5e491c-4d82-4e6f-880c-5ddcf231e71f
public_holiday,LT,Lithuania,Christmas Day,2023-12-25,2023-12-25,True,,,,,e6969055-67e3-4ad4-b13c-524bd4f5469f
public_holiday,LT,Lithuania,2nd Day of Christmas,2023-12-26,2023-12-26,True,,,,,07cf4ad2-1412-406f-8ccb-fbbd5a7e625c
public_holiday,LT,Lithuania,New Year's Day,2024-01-01,2024-01-01,True,,,,,4a48cda6-7137-4f41-baa9-48901c5f92f2
public_holiday,LT,Lithuania,Day of restoration of the Lithuanian state,2024-02-16,2024-02-16,True,,,,,0d4c19f6-c2a8-4a47-93c9-af053fe0c816
public_holiday,LT,Lithuania,Day of Restoration of Independence of Lithuania,2024-03-11,2024-03-11,True,,,,,d446145a-1326-440c-879b-2b72fc680230
public_holiday,LT,Lithuania,Easter Sunday,2024-03-31,2024-03-31,True,,,,,43d5786f-69a0-4062-853a-5368ec74be8c
public_holiday,LT,Lithuania,Easter Monday,2024-04-01,2024-04-01,True,,,,,345d38af-ac06-4223-b96c-bc9fe553a5dc
public_holiday,LT,Lithuania,Labour Day,2024-05-01,2024-05-01,True,,,,,c8d5a90d-c9dd-48f9-bddb-4ffc6ce745f5
public_holiday,LT,Lithuania,Midsummer Day,2024-06-24,2024-06-24,True,,,,,a9080fca-21d3-4625-bf84-675461f29276
public_holiday,LT,Lithuania,National Day,2024-07-06,2024-07-06,True,,,,,d667ef9f-8591-470a-ad65-706b161a3058
public_holiday,LT,Lithuania,Assumption Day,2024-08-15,2024-08-15,True,,,,,6e44c07b-f763-4c1e-986d-6ee28598516c
public_holiday,LT,Lithuania,All Saints' Day,2024-11-01,2024-11-01,True,,,,,940c913d-2695-4f0b-ac4f-94b50ad4cd6a
public_holiday,LT,Lithuania,All Souls' Day,2024-11-02,2024-11-02,True,,,,,599da55c-e2f9-45da-957e-db5164e7c8d6
public_holiday,LT,Lithuania,Christmas Eve,2024-12-24,2024-12-24,True,,,,,05d9a10e-8276-455a-bb43-5e9bf6996f80
public_holiday,LT,Lithuania,Christmas Day,2024-12-25,2024-12-25,True,,,,,60d99570-af08-43c1-8a91-10174e616146
public_holiday,LT,Lithuania,2nd Day of Christmas,2024-12-26,2024-12-26,True,,,,,992ebaef-1d19-4d27-b751-9065e06fc0a5
public_holiday,LT,Lithuania,New Year's Day,2025-01-01,2025-01-01,True,,,,,83868e07-7270-45d6-bf98-49bfac0e35ca
public_holiday,LT,Lithuania,Day of restoration of the Lithuanian state,2025-02-16,2025-02-16,True,,,,,3d318069-a656-444e-8a92-2c2281280d99
public_holiday,LT,Lithuania,Day of Restoration of Independence of Lithuania,2025-03-11,2025-03-11,True,,,,,2645d2a0-b666-42c4-a501-322c93b65bd9
public_holiday,LT,Lithuania,Easter Sunday,2025-04-20,2025-04-20,True,,,,,093a32e0-6ae6-418c-a064-4f26404d94ba
public_holiday,LT,Lithuania,Easter Monday,2025-04-21,2025-04-21,True,,,,,1c4d7f17-042a-4496-b5ac-e340b37f4e40
public_holiday,LT,Lithuania,Labour Day,2025-05-01,2025-05-01,True,,,,,f3c5ee0d-c46f-4384-abcd-e06904273310
public_holiday,LT,Lithuania,Midsummer Day,2025-06-24,2025-06-24,True,,,,,a697ae71-f75e-4b4f-bb8b-84186579912e
public_holiday,LT,Lithuania,National Day,2025-07-06,2025-07-06,True,,,,,13869e26-df7c-49c3-8246-238cf4795763
public_holiday,LT,Lithuania,Assumption Day,2025-08-15,2025-08-15,True,,,,,87e54c3e-44db-48a5-8ec4-3278afcab6d0
public_holiday,LT,Lithuania,All Saints' Day,2025-11-01,2025-11-01,True,,,,,da505a52-3525-40a7-838f-92422820665b
public_holiday,LT,Lithuania,All Souls' Day,2025-11-02,2025-11-02,True,,,,,9815b9eb-b294-4b28-bfe6-b9ddbd02c32d
public_holiday,LT,Lithuania,Christmas Eve,2025-12-24,2025-12-24,True,,,,,e23e3a30-bdef-4540-9444-257cc2a0fdab
public_holiday,LT,Lithuania,Christmas Day,2025-12-25,2025-12-25,True,,,,,f506d9cb-0af4-4c3b-a3f5-a2775fbb1aff
public_holiday,LT,Lithuania,2nd Day of Christmas,2025-12-26,2025-12-26,True,,,,,864f84d3-3b4b-4b10-92cc-ef9ae5461f5c
school_holiday,LT,Lithuania,Christmas Holidays,2022-12-27,2023-01-06,True,,,,,93caf35c-b193-4231-87a1-0c8d6fbcc868
school_holiday,LT,Lithuania,Winter Holidays,2023-02-13,2023-02-17,True,,,,,8cb8fdb2-f00e-4bd2-b2c9-8a285ac83510
school_holiday,LT,Lithuania,Spring Holidays,2023-04-11,2023-04-14,True,,,,,31bd1d12-385b-456a-aa86-93a93545aa8a
school_holiday,LT,Lithuania,First Day of School,2023-09-01,2023-09-01,True,,,,,c25227e3-4e71-4f17-ad5f-841ba96cc374
school_holiday,LT,Lithuania,Autumn Holidays,2023-10-30,2023-11-03,True,,,,,aba184bf-533b-4832-80a2-cb2b2bbad561
school_holiday,LT,Lithuania,Christmas Holidays,2023-12-27,2024-01-05,True,,,,,626f320f-1a0e-428c-a8c1-23923e8ebf0f
school_holiday,LT,Lithuania,Winter Holidays,2024-02-19,2024-02-23,True,,,,,898eeb43-e7a2-42f8-8c05-d697b48ac427
school_holiday,LT,Lithuania,Spring Holidays,2024-04-02,2024-04-05,True,,,,,70cd2699-996b-4e9e-8e0c-d775f2f95d1c
school_holiday,LT,Lithuania,First Day of School,2024-09-01,2024-09-01,True,,,,,8fa9f57d-f19d-4313-820e-4f48288a2565
school_holiday,LT,Lithuania,Autumn Holidays,2024-10-28,2024-10-31,True,,,,,5b5ec1bb-3bcb-47e4-9094-b08162bf85b0
school_holiday,LT,Lithuania,Christmas Holidays,2024-12-27,2025-01-03,True,,,,,de459308-2b22-4259-ab79-92ca4089a904
school_holiday,LT,Lithuania,Winter Holidays,2025-02-17,2025-02-21,True,,,,,cda69b6d-e850-4d18-9f6c-ad801f96d67d
school_holiday,LT,Lithuania,Spring Holidays,2025-04-22,2025-04-25,True,,,,,81885fc0-e744-464c-af82-926805750fc4
school_holiday,LT,Lithuania,First Day of School,2025-09-01,2025-09-01,True,,,,,d2f7667f-8100-4fbd-be84-db7efbf72a8c
school_holiday,LT,Lithuania,Autumn Holidays,2025-11-03,2025-11-09,True,,,,,632a64f2-ab24-45db-bf24-462a962c3253
school_holiday,LT,Lithuania,Christmas Holidays,2025-12-24,2026-01-04,True,,,,,8b3f72d2-4880-43c2-bcc4-e1635756654c
public_holiday,LT,Lithuania,New Year's Day,2026-01-01,2026-01-01,True,,,,,8b25365f-4e42-4aec-a556-dbdda046f4e2
public_holiday,LT,Lithuania,Day of restoration of the Lithuanian state,2026-02-16,2026-02-16,True,,,,,5ef30eed-2266-48d4-97d3-8bc9b64ebfa3
public_holiday,LT,Lithuania,Day of Restoration of Independence of Lithuania,2026-03-11,2026-03-11,True,,,,,3481b4c7-ac26-4308-82e7-513730b83ffd
public_holiday,LT,Lithuania,Easter Sunday,2026-04-05,2026-04-05,True,,,,,e38f8505-1bbd-4df9-af71-fe64ef32c4cc
public_holiday,LT,Lithuania,Easter Monday,2026-04-06,2026-04-06,True,,,,,dfda1f3a-4218-4a38-841c-ca3c6e967083
public_holiday,LT,Lithuania,Labour Day,2026-05-01,2026-05-01,True,,,,,65ef7348-3488-46c9-a759-dbef43cf00d1
public_holiday,LT,Lithuania,Midsummer Day,2026-06-24,2026-06-24,True,,,,,87d4c47b-b968-4009-887c-e0aa2feb21bc
public_holiday,LT,Lithuania,National Day,2026-07-06,2026-07-06,True,,,,,2533feaf-df03-4ba6-8f7f-75780bd44277
public_holiday,LT,Lithuania,Assumption Day,2026-08-15,2026-08-15,True,,,,,6b846276-70de-4c27-8462-f181406127f0
public_holiday,LT,Lithuania,All Saints' Day,2026-11-01,2026-11-01,True,,,,,e951f294-48c3-47b9-aff8-2ab14def3f7d
public_holiday,LT,Lithuania,All Souls' Day,2026-11-02,2026-11-02,True,,,,,f2ec70ce-0d85-43ac-9540-ef7527231e98
public_holiday,LT,Lithuania,Christmas Eve,2026-12-24,2026-12-24,True,,,,,2ea64763-dbbc-4c08-b996-5a298c49f97a
public_holiday,LT,Lithuania,Christmas Day,2026-12-25,2026-12-25,True,,,,,770672ff-763f-44a8-b313-6abec685afb6
public_holiday,LT,Lithuania,2nd Day of Christmas,2026-12-26,2026-12-26,True,,,,,62b8be47-e265-45fa-9b16-8f2bcd307b44
public_holiday,LT,Lithuania,New Year's Day,2027-01-01,2027-01-01,True,,,,,ca3de4d7-fffe-4a45-92a4-c6c6e7f89fea
public_holiday,LT,Lithuania,Day of restoration of the Lithuanian state,2027-02-16,2027-02-16,True,,,,,6b1d8e32-4b30-4dc0-b453-29ac9b7168d2
public_holiday,LT,Lithuania,Day of Restoration of Independence of Lithuania,2027-03-11,2027-03-11,True,,,,,7bff0c35-6f07-4399-bda1-9c01ef84500e
public_holiday,LT,Lithuania,Easter Sunday,2027-03-28,2027-03-28,True,,,,,03637d0f-0c8d-492c-a944-0ff5e648613f
public_holiday,LT,Lithuania,Easter Monday,2027-03-29,2027-03-29,True,,,,,dc4db143-2eb6-4276-bed0-a80ce853e249
public_holiday,LT,Lithuania,Labour Day,2027-05-01,2027-05-01,True,,,,,f9c1e235-fcd9-4fc6-bafd-1a97a943cf14
public_holiday,LT,Lithuania,Midsummer Day,2027-06-24,2027-06-24,True,,,,,8c7a6f16-13e0-41c1-b920-9c87094e9f18
public_holiday,LT,Lithuania,National Day,2027-07-06,2027-07-06,True,,,,,90c5fa70-17e0-453f-991b-cd4dd8d37966
public_holiday,LT,Lithuania,Assumption Day,2027-08-15,2027-08-15,True,,,,,3a8d95fc-32ac-475f-886d-7345f2daa2a5
public_holiday,LT,Lithuania,All Saints' Day,2027-11-01,2027-11-01,True,,,,,8da3abad-e4e2-4b1d-95b6-1ba3bc342adb
public_holiday,LT,Lithuania,All Souls' Day,2027-11-02,2027-11-02,True,,,,,64985b7c-c17e-46b5-816d-9ecca49ee5aa
public_holiday,LT,Lithuania,Christmas Eve,2027-12-24,2027-12-24,True,,,,,a90efcf0-df8d-4912-8d16-7393e3318116
public_holiday,LT,Lithuania,Christmas Day,2027-12-25,2027-12-25,True,,,,,c528ad69-5775-41c4-bd1a-65b2f3f005f2
public_holiday,LT,Lithuania,2nd Day of Christmas,2027-12-26,2027-12-26,True,,,,,79343308-43fe-465e-ac07-0b2d4ab02363
school_holiday,LT,Lithuania,Winter Holidays,2026-02-16,2026-02-22,True,,,,,66fb8775-274e-4adf-a901-ecedde53c2e1
school_holiday,LT,Lithuania,Spring Holidays,2026-03-30,2026-05-05,True,,,,"[{'language': 'EN', 'text': 'Primary and secondary education'}]",628a6337-6659-451e-bd84-5f6d7ba3783d
school_holiday,LT,Lithuania,Spring Holidays,2026-04-06,2026-04-12,True,,,,"[{'language': 'EN', 'text': 'secondary school programme'}]",3ca6fef7-5ab2-4061-8eb2-63503fc075e2
school_holiday,LT,Lithuania,First Day of School,2026-09-01,2026-09-01,True,,,,,03c4994f-6241-4044-a883-e8465e9d1023
school_holiday,LT,Lithuania,Autumn Holidays,2026-11-02,2026-11-08,True,,,,,b3227eec-73a3-4933-9973-f85497550537
school_holiday,LT,Lithuania,Christmas Holidays,2026-12-23,2027-01-03,True,,,,,f19de28c-94f8-4732-b1fd-c75136a96796
school_holiday,LT,Lithuania,Winter Holidays,2027-02-15,2027-02-21,True,,,,,06c89792-ca1e-494b-a7ad-8193744d1930
school_holiday,LT,Lithuania,Spring Holidays,2027-03-22,2027-03-28,True,,,,"[{'language': 'EN', 'text': 'Primary and secondary education'}]",5516862e-8378-4844-818f-bb015293498b
school_holiday,LT,Lithuania,Spring Holidays,2027-03-29,2027-04-04,True,,,,"[{'language': 'EN', 'text': 'secondary school programme'}]",46502019-94aa-4e97-a652-941ad33d384f
school_holiday,LT,Lithuania,First Day of School,2027-09-01,2027-09-01,True,,,,,b02d55e7-47f1-44ab-831e-4ec841758102
public_holiday,LU,Luxembourg,New Year,2023-01-01,2023-01-01,True,,,,,f83f549c-a272-4033-84fc-b8f0ca30790c
public_holiday,LU,Luxembourg,Good Friday,2023-04-07,2023-04-07,True,,,,,43bc9d72-5d93-4dd1-b55e-5fe2ec7928d6
public_holiday,LU,Luxembourg,Easter Monday,2023-04-10,2023-04-10,True,,,,,08be88f3-06ef-4263-a1a2-f07b0eaf3e89
public_holiday,LU,Luxembourg,Mayday,2023-05-01,2023-05-01,True,,,,,53de0e5c-3a07-45a6-9bb0-0437b205a0d6
public_holiday,LU,Luxembourg,Europe Day,2023-05-09,2023-05-09,True,,,,,a38d12c1-0694-4d21-91f0-37f5f14675d6
public_holiday,LU,Luxembourg,Ascension Day,2023-05-18,2023-05-18,True,,,,,7ccb5b46-0412-4a69-93a5-8ed650a312d8
public_holiday,LU,Luxembourg,Whit Monday,2023-05-29,2023-05-29,True,,,,,ce32aafa-6a6c-46db-98c8-df30e1a4b2b4
public_holiday,LU,Luxembourg,Grand Duke's Birthday,2023-06-23,2023-06-23,True,,,,,53b95ec5-da3f-4c29-a963-f1c5c189dada
public_holiday,LU,Luxembourg,Assumption,2023-08-15,2023-08-15,True,,,,,70ccb6d7-bc91-465d-8a8a-656a33552fd3
public_holiday,LU,Luxembourg,All Saints,2023-11-01,2023-11-01,True,,,,,3d019394-95b1-498c-a6de-cb304c6985d9
public_holiday,LU,Luxembourg,Christmas Day,2023-12-25,2023-12-25,True,,,,,193d3e51-39d5-4ad9-9534-6eeb87f38123
public_holiday,LU,Luxembourg,Boxing Day,2023-12-26,2023-12-26,True,,,,,a67ac567-7fe9-4340-ba29-63e928771567
public_holiday,LU,Luxembourg,New Year,2024-01-01,2024-01-01,True,,,,,47956ca6-1304-46f8-84a1-830bb6effc9a
public_holiday,LU,Luxembourg,Good Friday,2024-03-29,2024-03-29,True,,,,,22866c62-c534-4b1b-8c73-c46bf026be12
public_holiday,LU,Luxembourg,Easter Monday,2024-04-01,2024-04-01,True,,,,,adb8add1-485d-4e8c-81a1-b0673bfede0b
public_holiday,LU,Luxembourg,Mayday,2024-05-01,2024-05-01,True,,,,,7201c8bf-f01e-44ba-9ca3-ab79576d88f4
public_holiday,LU,Luxembourg,Ascension Day,2024-05-09,2024-05-09,True,,,,,cddc4aae-11df-467a-8e8d-256c1f382d98
public_holiday,LU,Luxembourg,Europe Day,2024-05-09,2024-05-09,True,,,,,f91772d4-006e-4fec-ad1f-09cf4b04b1ec
public_holiday,LU,Luxembourg,Whit Monday,2024-05-20,2024-05-20,True,,,,,aa742d17-2c2c-4361-b9aa-80807ded6488
public_holiday,LU,Luxembourg,Grand Duke's Birthday,2024-06-23,2024-06-23,True,,,,,737f7bfb-1060-43c4-a781-ed669feb70b1
public_holiday,LU,Luxembourg,Assumption,2024-08-15,2024-08-15,True,,,,,e10cd1fb-3940-4411-8fc3-7649954adb7a
public_holiday,LU,Luxembourg,All Saints,2024-11-01,2024-11-01,True,,,,,81404ccc-b6dd-4c13-92c0-cb1954a2d391
public_holiday,LU,Luxembourg,Christmas Day,2024-12-25,2024-12-25,True,,,,,3ec8d57d-ea52-47e2-bcc9-b0bef53c6bf6
public_holiday,LU,Luxembourg,Boxing Day,2024-12-26,2024-12-26,True,,,,,feaddb3e-66f8-4d83-ac60-0c9ee5a6c824
public_holiday,LU,Luxembourg,New Year,2025-01-01,2025-01-01,True,,,,,d0e656b6-5b39-4471-97a1-b3264fabc907
public_holiday,LU,Luxembourg,Good Friday,2025-04-18,2025-04-18,True,,,,,129c64a2-512e-4129-851a-174216af626b
public_holiday,LU,Luxembourg,Easter Monday,2025-04-21,2025-04-21,True,,,,,b243d8ae-e4e1-48f4-9728-c08cdaf4eed6
public_holiday,LU,Luxembourg,Mayday,2025-05-01,2025-05-01,True,,,,,21728db3-b934-42f1-a716-1d25ae593102
public_holiday,LU,Luxembourg,Europe Day,2025-05-09,2025-05-09,True,,,,,a2f4faa4-80a3-45a9-9565-45a5df58d3d5
public_holiday,LU,Luxembourg,Ascension Day,2025-05-29,2025-05-29,True,,,,,edbed551-3dae-41ff-b24d-57b9e986427a
public_holiday,LU,Luxembourg,Whit Monday,2025-06-09,2025-06-09,True,,,,,437544e4-bd21-4620-b3cc-66fa396f8c76
public_holiday,LU,Luxembourg,Grand Duke's Birthday,2025-06-23,2025-06-23,True,,,,,9b1556d1-0dd5-46dc-95d2-ce18ac1c4b2e
public_holiday,LU,Luxembourg,Assumption,2025-08-15,2025-08-15,True,,,,,d5659ef0-2ba9-4956-b3e7-cd9719198543
public_holiday,LU,Luxembourg,All Saints,2025-11-01,2025-11-01,True,,,,,dffaa429-0eb8-448b-ac0c-bc82c3b63edb
public_holiday,LU,Luxembourg,Christmas Day,2025-12-25,2025-12-25,True,,,,,9070d806-9484-48f4-8f59-33fd2f8c9a51
public_holiday,LU,Luxembourg,Boxing Day,2025-12-26,2025-12-26,True,,,,,84d15e7c-7fa9-469c-b6eb-00262af4ffb9
school_holiday,LU,Luxembourg,Christmas Holidays,2022-12-24,2023-01-08,True,,,,,74c645b1-a15d-4499-a94f-09f964f56816
school_holiday,LU,Luxembourg,Carnival Holidays,2023-02-11,2023-02-19,True,,,,,0c378a80-7031-4212-941e-d90434485f25
school_holiday,LU,Luxembourg,Easter Holidays,2023-04-01,2023-04-16,True,,,,,915464c3-d336-4008-adf6-64ecc48d5c5c
school_holiday,LU,Luxembourg,Pentecost Holidays,2023-05-27,2023-06-04,True,,,,,7cb85b1a-3778-411a-86b3-d7ef0ed66347
school_holiday,LU,Luxembourg,Summer Holidays,2023-07-15,2023-09-14,True,,,,,04688238-fbd9-485f-94ca-66feffc7ecae
school_holiday,LU,Luxembourg,All Saints Day Holidays,2023-10-28,2023-11-05,True,,,,,122ec2f2-e17c-4ca5-9806-6cc55d0889a9
school_holiday,LU,Luxembourg,Christmas Holidays,2023-12-23,2024-01-07,True,,,,,bb90fca4-cb83-4ffa-979d-0c7f845a42ca
school_holiday,LU,Luxembourg,Carnival Holidays,2024-02-10,2024-02-18,True,,,,,681d267b-5e8d-461b-9fcf-0d07d7e30f84
school_holiday,LU,Luxembourg,Easter Holidays,2024-03-30,2024-04-14,True,,,,,faf888fd-cc58-416e-924e-070770d8aa96
school_holiday,LU,Luxembourg,Pentecost Holidays,2024-05-25,2024-06-02,True,,,,,f9a02fe0-abf1-4e39-bcf0-a42262da1d11
school_holiday,LU,Luxembourg,Summer Holidays,2024-07-16,2024-09-15,True,,,,,414f0bb4-4290-4b4c-a6ad-469b522da3f2
school_holiday,LU,Luxembourg,All Saints Day Holidays,2024-10-26,2024-11-03,True,,,,,0477a6ac-14a1-46e5-a7a7-2cc4b951e7b1
school_holiday,LU,Luxembourg,Christmas Holidays,2024-12-21,2025-01-05,True,,,,,94a439b6-3317-4325-9215-510374dc1c65
school_holiday,LU,Luxembourg,Carnival Holidays,2025-02-15,2025-02-23,True,,,,,7bb7beb4-9639-497a-8127-3d2f0f4c81b3
school_holiday,LU,Luxembourg,Easter Holidays,2025-04-05,2025-04-20,True,,,,,17e9602f-fefc-4fb7-89d9-e74ab014b0b2
school_holiday,LU,Luxembourg,Pentecost Holidays,2025-05-24,2025-06-01,True,,,,,456693a7-304b-4dba-bc92-b39a00d78dd9
school_holiday,LU,Luxembourg,Summer Holidays,2025-07-16,2025-09-14,True,,,,,3b28a683-ff65-4464-8879-437b6e887ec4
school_holiday,LU,Luxembourg,All Saints Day Holidays,2025-11-01,2025-11-09,True,,,,,eea87bc0-83f4-47bf-95be-bd87171a88e2
school_holiday,LU,Luxembourg,Christmas Holidays,2025-12-20,2026-01-04,True,,,,,364e6bc6-ad0b-4ddb-a1b0-cae7edb33c46
public_holiday,LU,Luxembourg,New Year,2026-01-01,2026-01-01,True,,,,,bf1e442b-0190-41fc-92dd-3171e1c9b218
public_holiday,LU,Luxembourg,Good Friday,2026-04-03,2026-04-03,True,,,,,573c2b77-1c05-4582-a204-176465b2c56b
public_holiday,LU,Luxembourg,Easter Monday,2026-04-06,2026-04-06,True,,,,,4396fb20-2c59-405d-9aef-360c7d2b53be
public_holiday,LU,Luxembourg,Mayday,2026-05-01,2026-05-01,True,,,,,24aa82ab-d7b7-4efc-b561-d2e90cfad4a8
public_holiday,LU,Luxembourg,Europe Day,2026-05-09,2026-05-09,True,,,,,f9f0df08-f515-40ad-8fd3-fe8dcc2c6765
public_holiday,LU,Luxembourg,Ascension Day,2026-05-14,2026-05-14,True,,,,,e2831117-848e-4dc6-b1d0-c8d08e6260a8
public_holiday,LU,Luxembourg,Whit Monday,2026-05-25,2026-05-25,True,,,,,176469e3-c8b8-4a1b-8edc-921eca15d404
public_holiday,LU,Luxembourg,Grand Duke's Birthday,2026-06-23,2026-06-23,True,,,,,475b86af-fd3a-43ad-9ed7-8bf887b2fc4b
public_holiday,LU,Luxembourg,Assumption,2026-08-15,2026-08-15,True,,,,,0255913f-7635-4bb3-b751-4519d5c259da
public_holiday,LU,Luxembourg,All Saints,2026-11-01,2026-11-01,True,,,,,d4a773f9-fe64-4df4-a07a-af59860ee1b4
public_holiday,LU,Luxembourg,Christmas Day,2026-12-25,2026-12-25,True,,,,,a3ed09af-36d2-4466-9049-413d49b7e0ea
public_holiday,LU,Luxembourg,Boxing Day,2026-12-26,2026-12-26,True,,,,,18e26a66-01d2-41f2-b156-e2440f962265
public_holiday,LU,Luxembourg,New Year,2027-01-01,2027-01-01,True,,,,,7586ca18-6430-4be1-a5ff-1877d8e14a8b
public_holiday,LU,Luxembourg,Good Friday,2027-03-26,2027-03-26,True,,,,,adaac76e-95ba-4b6e-93cc-24efdd8bfa0d
public_holiday,LU,Luxembourg,Easter Monday,2027-03-29,2027-03-29,True,,,,,f9c15925-1dc6-4814-ad87-92ce61b66eaa
public_holiday,LU,Luxembourg,Mayday,2027-05-01,2027-05-01,True,,,,,312b3187-0a58-4772-8f17-674979754739
public_holiday,LU,Luxembourg,Ascension Day,2027-05-06,2027-05-06,True,,,,,dadcd5b1-cbdf-4adb-bfd8-54d7c0f12ad7
public_holiday,LU,Luxembourg,Europe Day,2027-05-09,2027-05-09,True,,,,,2dbc6d67-f5b6-457d-bd59-5e59e7369206
public_holiday,LU,Luxembourg,Whit Monday,2027-05-17,2027-05-17,True,,,,,5fdae20b-b4ee-49d1-bf74-e336f76b5d2b
public_holiday,LU,Luxembourg,Grand Duke's Birthday,2027-06-23,2027-06-23,True,,,,,76f0862d-f892-4471-9133-e05018f68411
public_holiday,LU,Luxembourg,Assumption,2027-08-15,2027-08-15,True,,,,,52b6e2b5-3432-4d23-ad5a-d0b8287c97c3
public_holiday,LU,Luxembourg,All Saints,2027-11-01,2027-11-01,True,,,,,fdc7fca7-ffe9-4f79-86ed-77517528ee9a
public_holiday,LU,Luxembourg,Christmas Day,2027-12-25,2027-12-25,True,,,,,2789865e-8a1a-42ad-98da-2c2eb17ad6fb
public_holiday,LU,Luxembourg,Boxing Day,2027-12-26,2027-12-26,True,,,,,77c2239f-975b-4292-8f94-af4c40b61fec
school_holiday,LU,Luxembourg,Carnival Holidays,2026-02-14,2026-02-22,True,,,,,a9416d19-87d9-4610-a101-c4f9f6ea21d8
school_holiday,LU,Luxembourg,Easter Holidays,2026-03-28,2026-04-12,True,,,,,4a313b71-0e0c-4a12-bc92-9b854069e319
school_holiday,LU,Luxembourg,Pentecost Holidays,2026-05-23,2026-05-31,True,,,,,f2c93ae1-14c8-460f-a694-598b2574e62a
school_holiday,LU,Luxembourg,Summer Holidays,2026-07-16,2026-09-14,True,,,,,471cedeb-bec6-4aa3-8ab7-64119ed7a25c
school_holiday,LU,Luxembourg,All Saints Day Holidays,2026-10-31,2026-11-08,True,,,,,2fc0573c-2b47-4e67-80ff-f04b4a4714fb
school_holiday,LU,Luxembourg,Christmas Holidays,2026-12-19,2027-01-03,True,,,,,7518b09c-10d2-4291-aa01-37d09eb028c7
school_holiday,LU,Luxembourg,Carnival Holidays,2027-02-06,2027-02-14,True,,,,,b0c2e75e-1a9a-44fb-865c-ad55f1bab739
school_holiday,LU,Luxembourg,Easter Holidays,2027-03-27,2027-04-11,True,,,,,bed67dd3-fd43-4c8a-a737-1fab2dcad86b
school_holiday,LU,Luxembourg,Pentecost Holidays,2027-05-29,2027-06-06,True,,,,,c89c917c-c1eb-478d-955a-0cb25584fa2f
school_holiday,LU,Luxembourg,Summer Holidays,2027-07-16,2027-09-14,True,,,,,8673d187-f415-41d4-8f9a-8ae8bd48b446
public_holiday,LV,Latvia,New Year's Day,2023-01-01,2023-01-01,True,,,,,48b49b8a-fda3-4c27-8275-4179ccaf7d86
public_holiday,LV,Latvia,Good Friday,2023-04-07,2023-04-07,True,,,,,7d4182ba-2550-4119-b25a-ff726c10616a
public_holiday,LV,Latvia,Easter Sunday,2023-04-09,2023-04-09,True,,,,,53b8dcdb-6ccb-4aa8-8a44-751386b1a0f6
public_holiday,LV,Latvia,Easter Monday,2023-04-10,2023-04-10,True,,,,,5b2cb7bf-4103-4cbf-926d-28555760276d
public_holiday,LV,Latvia,Labour Day,2023-05-01,2023-05-01,True,,,,,fd9dcdd2-c2f2-46e4-9e46-633b79e79072
public_holiday,LV,Latvia,Day of the Restoration of Independence,2023-05-04,2023-05-04,True,,,,,eb0916a6-7fe1-4d88-ae06-60d375108852
public_holiday,LV,Latvia,Mother's Day,2023-05-14,2023-05-14,True,,,,,48f2e1c4-e32a-4c6c-ba3d-85b3d2cddf66
public_holiday,LV,Latvia,Pentecost,2023-05-28,2023-05-28,True,,,,,a1abd2a2-7cf6-4e5d-8240-df5eec265e57
public_holiday,LV,Latvia,Winning the bronze medal at the 2023 Ice Hockey World Championship,2023-05-29,2023-05-29,True,,,,,d3e9c4fb-db29-4ef6-ad03-834e852aea59
public_holiday,LV,Latvia,Midsummer's Eve,2023-06-23,2023-06-23,True,,,,,536e0884-cb19-4f40-956e-84537f44c5ba
public_holiday,LV,Latvia,Midsummer Day,2023-06-24,2023-06-24,True,,,,,2fc00b26-c110-44fd-8852-75a44e1583b3
public_holiday,LV,Latvia,Day of the Proclamation of the Republic of Latvia,2023-11-18,2023-11-18,True,,,,,d3142641-b531-45e6-9898-64604f5b69d8
public_holiday,LV,Latvia,Christmas Eve,2023-12-24,2023-12-24,True,,,,,63a982d5-d49d-4d0b-8e3a-4bba5ffb7c2d
public_holiday,LV,Latvia,Christmas Day,2023-12-25,2023-12-25,True,,,,,c9c1cb73-1ff7-4b7d-8cfa-3ddab1728814
public_holiday,LV,Latvia,2nd Day of Christmas,2023-12-26,2023-12-26,True,,,,,6430f091-e85c-4cbb-b39a-49e6ee47d442
public_holiday,LV,Latvia,New Year's Eve,2023-12-31,2023-12-31,True,,,,,95d8143a-e359-4034-afbd-699477a4517c
public_holiday,LV,Latvia,New Year's Day,2024-01-01,2024-01-01,True,,,,,bcd34ed8-6f13-4c25-af2f-d9b42435994b
public_holiday,LV,Latvia,Good Friday,2024-03-29,2024-03-29,True,,,,,00ffa0c8-6aea-422a-8737-79427e47fbbe
public_holiday,LV,Latvia,Easter Sunday,2024-03-31,2024-03-31,True,,,,,53f04480-328e-4ca6-b5b8-e34a70b68f20
public_holiday,LV,Latvia,Easter Monday,2024-04-01,2024-04-01,True,,,,,64fd7695-cfb9-4a5b-bdaa-07c1dc654e6a
public_holiday,LV,Latvia,Labour Day,2024-05-01,2024-05-01,True,,,,,d763a752-d5d6-416c-946e-c4a180a0c421
public_holiday,LV,Latvia,Day of the Restoration of Independence,2024-05-04,2024-05-04,True,,,,,bd244319-8274-47d8-8ce0-bad6f2cb2f1f
public_holiday,LV,Latvia,Mother's Day,2024-05-12,2024-05-12,True,,,,,49fe5b4f-dfad-4f5e-b658-aafc390bba50
public_holiday,LV,Latvia,Pentecost,2024-05-19,2024-05-19,True,,,,,9d514773-6cdb-45de-a7a0-b0d232c3e455
public_holiday,LV,Latvia,Midsummer's Eve,2024-06-23,2024-06-23,True,,,,,a74b94bc-71f7-474c-84f8-4d3c61ba18d7
public_holiday,LV,Latvia,Midsummer Day,2024-06-24,2024-06-24,True,,,,,820d55a5-7e47-47f6-bb24-75b3be6e59e8
public_holiday,LV,Latvia,Day of the Proclamation of the Republic of Latvia,2024-11-18,2024-11-18,True,,,,,f0f2a565-d4b3-46e1-bb11-70724aab6c2f
public_holiday,LV,Latvia,Christmas Eve,2024-12-24,2024-12-24,True,,,,,0c08957b-c38b-4484-81d9-0615e18e7da9
public_holiday,LV,Latvia,Christmas Day,2024-12-25,2024-12-25,True,,,,,35631cbb-ec8d-4933-97bf-eab64dd0ced2
public_holiday,LV,Latvia,2nd Day of Christmas,2024-12-26,2024-12-26,True,,,,,eb712222-47b6-4318-a7b8-6357261bf04a
public_holiday,LV,Latvia,New Year's Eve,2024-12-31,2024-12-31,True,,,,,f5688db4-c004-4375-882d-707317f3e4e6
public_holiday,LV,Latvia,New Year's Day,2025-01-01,2025-01-01,True,,,,,fbd2044d-de12-42f9-862e-4b0da04fca76
public_holiday,LV,Latvia,Good Friday,2025-04-18,2025-04-18,True,,,,,c24a44d2-4b84-400e-8fa6-30311e21ed17
public_holiday,LV,Latvia,Easter Sunday,2025-04-20,2025-04-20,True,,,,,9b970117-fb3d-4deb-9e08-8cd07446c1dd
public_holiday,LV,Latvia,Easter Monday,2025-04-21,2025-04-21,True,,,,,e76cb119-86a8-4535-aa91-3aed488dbf84
public_holiday,LV,Latvia,Labour Day,2025-05-01,2025-05-01,True,,,,,b7fba55c-ee77-4a56-92c7-42e4260bddc3
public_holiday,LV,Latvia,Day of the Restoration of Independence,2025-05-04,2025-05-04,True,,,,,48309ae2-d850-473a-af8d-4f15a7bc3020
public_holiday,LV,Latvia,Mother's Day,2025-05-11,2025-05-11,True,,,,,1307175c-fcf8-46d4-9302-8b5cba8b0994
public_holiday,LV,Latvia,Pentecost,2025-06-08,2025-06-08,True,,,,,f8dcc8a0-53e7-42c5-bb7d-1055d0f21058
public_holiday,LV,Latvia,Midsummer's Eve,2025-06-23,2025-06-23,True,,,,,fed50895-e80f-4252-ba04-d1a9ca97fcf2
public_holiday,LV,Latvia,Midsummer Day,2025-06-24,2025-06-24,True,,,,,ded4681f-00dd-47a5-bb08-8cf3e8a8a221
public_holiday,LV,Latvia,Day of the Proclamation of the Republic of Latvia,2025-11-18,2025-11-18,True,,,,,7ae2c6f3-d51d-485f-8ab5-06a6c7d6639d
public_holiday,LV,Latvia,Christmas Eve,2025-12-24,2025-12-24,True,,,,,1a31b37a-4dcf-4433-a4d2-98eb4392c780
public_holiday,LV,Latvia,Christmas Day,2025-12-25,2025-12-25,True,,,,,8fe682a5-186c-47f5-82af-92866f4cd7e3
public_holiday,LV,Latvia,2nd Day of Christmas,2025-12-26,2025-12-26,True,,,,,2596f707-1384-4ee1-9eeb-0725a2ee2147
public_holiday,LV,Latvia,New Year's Eve,2025-12-31,2025-12-31,True,,,,,c2039489-70fa-466d-88f1-7704d3e1f439
school_holiday,LV,Latvia,Winter Holidays,2022-12-26,2023-01-06,True,,,,,63d7daf2-5b52-4bc2-895d-1892bb2bfc52
school_holiday,LV,Latvia,Spring Holidays,2023-03-13,2023-03-17,True,,,,,bf5905f2-0496-4d66-acdd-ec270f9e29b9
school_holiday,LV,Latvia,Summer Holidays,2023-06-01,2023-08-31,True,,,,,6d873701-b6b4-43a0-830b-84bc1acd1b40
school_holiday,LV,Latvia,Autumn Holidays,2023-10-23,2023-10-27,True,,,,,348d5d97-c9d9-4d4a-8209-282ed59ed512
school_holiday,LV,Latvia,Winter Holidays,2023-12-25,2024-01-05,True,,,,,27105547-5c80-4d05-9c15-76264ec1cdcb
school_holiday,LV,Latvia,Spring Holidays,2024-03-11,2024-03-15,True,,,,,3637275d-6fd2-4973-931a-b016d8a9f1f0
school_holiday,LV,Latvia,Summer Holidays,2024-06-01,2024-08-31,True,,,,,ff5caf01-39ad-478a-8ded-5ecbbd49c326
school_holiday,LV,Latvia,Autumn Holidays,2024-10-21,2024-10-27,True,,,,,f36b5bab-b5e0-4283-80a1-3497c00fe079
school_holiday,LV,Latvia,Winter Holidays,2024-12-23,2025-01-05,True,,,,,5fc2398b-77ba-43ab-802f-bcd6a54fd979
school_holiday,LV,Latvia,Spring Holidays,2025-03-10,2025-03-16,True,,,,,6b9c832c-8ac0-4440-bb75-a5efa167ba4e
school_holiday,LV,Latvia,Summer Holidays,2025-05-31,2025-08-31,True,,,,,c501693b-e162-4749-86f4-37ab16972d06
public_holiday,LV,Latvia,New Year's Day,2026-01-01,2026-01-01,True,,,,,64d88e82-ba80-4f97-a2f5-2be087aee204
public_holiday,LV,Latvia,Good Friday,2026-04-03,2026-04-03,True,,,,,8a5399f9-f7bf-455d-81ca-45fac89a9d08
public_holiday,LV,Latvia,Easter Sunday,2026-04-05,2026-04-05,True,,,,,75e036a0-324a-4b32-a55f-b8de53b6f1a3
public_holiday,LV,Latvia,Easter Monday,2026-04-06,2026-04-06,True,,,,,1706274d-0e2f-43bb-9069-3b5b6b17bded
public_holiday,LV,Latvia,Labour Day,2026-05-01,2026-05-01,True,,,,,16f2fbad-6047-44ab-9190-95d98cbc36fb
public_holiday,LV,Latvia,Day of the Restoration of Independence,2026-05-04,2026-05-04,True,,,,,c4d4e812-6cb6-48a0-9070-073adee0a27d
public_holiday,LV,Latvia,Mother's Day,2026-05-10,2026-05-10,True,,,,,3fe0a187-b16b-4e7b-abcf-c147d480f3d1
public_holiday,LV,Latvia,Pentecost,2026-05-24,2026-05-24,True,,,,,ddfe2f91-439e-48bf-8d65-b357b0d86c51
public_holiday,LV,Latvia,Midsummer's Eve,2026-06-23,2026-06-23,True,,,,,10065060-31cb-473c-9cbb-b0ef3d159427
public_holiday,LV,Latvia,Midsummer Day,2026-06-24,2026-06-24,True,,,,,b8b9036b-085f-4ffe-a3ad-702ee036c957
public_holiday,LV,Latvia,Day of the Proclamation of the Republic of Latvia,2026-11-18,2026-11-18,True,,,,,4e54e238-9d59-4efd-991d-65f56d0453c4
public_holiday,LV,Latvia,Christmas Eve,2026-12-24,2026-12-24,True,,,,,889bee78-cf36-4091-994c-b8fbce982a89
public_holiday,LV,Latvia,Christmas Day,2026-12-25,2026-12-25,True,,,,,f8e1a602-0d03-48f8-bb33-6d1ec393dd9d
public_holiday,LV,Latvia,2nd Day of Christmas,2026-12-26,2026-12-26,True,,,,,30e614f5-1afc-437f-a889-6909d001ad20
public_holiday,LV,Latvia,New Year's Eve,2026-12-31,2026-12-31,True,,,,,aa30d829-4374-45da-ba28-353fba7a84f0
public_holiday,LV,Latvia,New Year's Day,2027-01-01,2027-01-01,True,,,,,66b5aea2-cd45-4ffe-8e1d-e9b96a0f0f38
public_holiday,LV,Latvia,Good Friday,2027-03-26,2027-03-26,True,,,,,58488a72-0a4b-415c-8e8e-33902ae15c44
public_holiday,LV,Latvia,Easter Sunday,2027-03-28,2027-03-28,True,,,,,92895b2e-f450-44db-8c7d-cf820f0680c6
public_holiday,LV,Latvia,Easter Monday,2027-03-29,2027-03-29,True,,,,,de45b6d5-0590-4515-ac2b-b28952fde9af
public_holiday,LV,Latvia,Labour Day,2027-05-01,2027-05-01,True,,,,,b578047b-ee8d-43af-ad59-7139701d1a95
public_holiday,LV,Latvia,Day of the Restoration of Independence,2027-05-04,2027-05-04,True,,,,,9fcca6e2-d4d2-4560-8902-0299922671bb
public_holiday,LV,Latvia,Mother's Day,2027-05-09,2027-05-09,True,,,,,0d1e531a-41ce-442d-9773-e6e49dcdafb1
public_holiday,LV,Latvia,Pentecost,2027-05-16,2027-05-16,True,,,,,049a6895-bcbc-42a0-8965-854b3c8f9b60
public_holiday,LV,Latvia,Midsummer's Eve,2027-06-23,2027-06-23,True,,,,,24cd55e3-b214-4ab5-9a9b-a8d8f2344ad6
public_holiday,LV,Latvia,Midsummer Day,2027-06-24,2027-06-24,True,,,,,e25cc8e5-dfde-469a-925c-e1056a54f69b
public_holiday,LV,Latvia,Day of the Proclamation of the Republic of Latvia,2027-11-18,2027-11-18,True,,,,,0ad7305d-fc42-46f2-8bda-fa6f3d4a4079
public_holiday,LV,Latvia,Christmas Eve,2027-12-24,2027-12-24,True,,,,,a54b3588-ece7-4487-9813-f2a71c78aa5f
public_holiday,LV,Latvia,Christmas Day,2027-12-25,2027-12-25,True,,,,,4053869c-5533-4c53-b241-358f98642f82
public_holiday,LV,Latvia,2nd Day of Christmas,2027-12-26,2027-12-26,True,,,,,0c4c9b01-ea66-4054-999a-5460873466e7
public_holiday,LV,Latvia,New Year's Eve,2027-12-31,2027-12-31,True,,,,,4ca8de40-39b6-43e1-9730-c17ce60335af
public_holiday,MC,Monaco,New Year's Day,2023-01-01,2023-01-01,True,,,,,a98a2d64-9e8e-4302-8579-cc11c3b7a42d
public_holiday,MC,Monaco,Saint Dévote's Day,2023-01-27,2023-01-27,True,,,,,7398ee65-d55a-455e-889a-d99c6bc28180
public_holiday,MC,Monaco,Easter Monday,2023-04-10,2023-04-10,True,,,,,efeebcf1-806b-4fe2-81e2-9165043a264b
public_holiday,MC,Monaco,Labour Day,2023-05-01,2023-05-01,True,,,,,917cefc0-c286-4846-ba5d-805a4b7a5a67
public_holiday,MC,Monaco,Ascension's Day,2023-05-18,2023-05-18,True,,,,,8ecad333-6b2f-4d84-97e7-e1725ca55be1
public_holiday,MC,Monaco,Whit Monday,2023-05-29,2023-05-29,True,,,,,96938ad1-a842-4942-a919-ebddd8c87594
public_holiday,MC,Monaco,Corpus Christi,2023-06-08,2023-06-08,True,,,,,1018f2a6-0710-4c65-af64-32514687a87d
public_holiday,MC,Monaco,Assumption's Day,2023-08-15,2023-08-15,True,,,,,107331a5-0779-43e5-b85f-695243ef53fc
public_holiday,MC,Monaco,All Saints' Day,2023-11-01,2023-11-01,True,,,,,3101b23f-bf95-47b9-9746-7dc6f6246e56
public_holiday,MC,Monaco,Prince's Day,2023-11-20,2023-11-20,True,,,,,cb678761-bc6a-4538-ae48-25d4d0e189ad
public_holiday,MC,Monaco,Immaculate Conception's Day,2023-12-08,2023-12-08,True,,,,,aa85b07d-38fc-44d2-86cf-15188ee2e81e
public_holiday,MC,Monaco,Christmas Day,2023-12-25,2023-12-25,True,,,,,06923c19-7ef9-4a22-9374-bf9bb50474d1
public_holiday,MC,Monaco,New Year's Day,2024-01-01,2024-01-01,True,,,,,258bfc49-fff5-4cba-a276-45db00dae0a6
public_holiday,MC,Monaco,Saint Dévote's Day,2024-01-27,2024-01-27,True,,,,,0bd39259-acb7-4d7c-a32c-eecb1a326090
public_holiday,MC,Monaco,Easter Monday,2024-04-01,2024-04-01,True,,,,,0e13efa9-00f9-40b2-a88b-b7cafa1eb366
public_holiday,MC,Monaco,Labour Day,2024-05-01,2024-05-01,True,,,,,39b3e609-2077-41e6-a02f-f47244ef74b3
public_holiday,MC,Monaco,Ascension's Day,2024-05-09,2024-05-09,True,,,,,03068213-434c-40e3-bc44-c49349c15176
public_holiday,MC,Monaco,Whit Monday,2024-05-20,2024-05-20,True,,,,,2ace0543-e160-484b-ad6b-ca2a3576aea4
public_holiday,MC,Monaco,Corpus Christi,2024-05-30,2024-05-30,True,,,,,c575d891-15fa-4866-bea8-2406630a8abd
public_holiday,MC,Monaco,Assumption's Day,2024-08-15,2024-08-15,True,,,,,85d3c5fe-e1aa-46a0-86bd-63b7bfa818f2
public_holiday,MC,Monaco,All Saints' Day,2024-11-01,2024-11-01,True,,,,,450292ff-61ac-4e48-a16d-361d43771d75
public_holiday,MC,Monaco,Prince's Day,2024-11-19,2024-11-19,True,,,,,58bcf7a7-97d1-4d8b-883a-f9527ca7f1c6
public_holiday,MC,Monaco,Immaculate Conception's Day,2024-12-08,2024-12-08,True,,,,,5eb93a80-2cde-4463-a247-0fca387e5aaf
public_holiday,MC,Monaco,Christmas Day,2024-12-25,2024-12-25,True,,,,,01fec15a-3c9f-47a5-912d-ee76c3361302
public_holiday,MC,Monaco,New Year's Day,2025-01-01,2025-01-01,True,,,,,161dc24f-fab1-4b5d-8ae0-9cdd7cffa6f6
public_holiday,MC,Monaco,Saint Dévote's Day,2025-01-27,2025-01-27,True,,,,,9f305176-1e81-46bf-b332-9cc249d4e05a
public_holiday,MC,Monaco,Easter Monday,2025-04-21,2025-04-21,True,,,,,2dba3bf7-f0e7-445c-b587-47ec003b0c23
public_holiday,MC,Monaco,Labour Day,2025-05-01,2025-05-01,True,,,,,d1ca6634-6976-4002-8b8a-05086e5ce065
public_holiday,MC,Monaco,Ascension's Day,2025-05-29,2025-05-29,True,,,,,22437eec-3fc8-4f94-bf73-c4651b4447cf
public_holiday,MC,Monaco,Whit Monday,2025-06-09,2025-06-09,True,,,,,f19b1684-4a70-44db-becd-96ab4c680896
public_holiday,MC,Monaco,Corpus Christi,2025-06-19,2025-06-19,True,,,,,ac8702bf-56ef-4bc4-abb5-36209c463a1f
public_holiday,MC,Monaco,Assumption's Day,2025-08-15,2025-08-15,True,,,,,583f859e-bf57-4745-ae80-5ad7ded4766e
public_holiday,MC,Monaco,All Saints' Day,2025-11-01,2025-11-01,True,,,,,71df041c-f5cf-4a75-abc2-6c95a32f66b9
public_holiday,MC,Monaco,Prince's Day,2025-11-19,2025-11-19,True,,,,,338fbc92-9cd5-47ed-bdc6-5c1fb95b9e43
public_holiday,MC,Monaco,Immaculate Conception's Day,2025-12-08,2025-12-08,True,,,,,1e486abf-9778-4b93-9ba4-f0274c98f1d7
public_holiday,MC,Monaco,Christmas Day,2025-12-25,2025-12-25,True,,,,,59f3aece-0ae6-4032-9805-3eb826c03e96
school_holiday,MC,Monaco,Christmas holidays,2022-12-17,2023-01-02,True,,,,,4c23fd02-8b11-495d-9ccb-750fde88d99d
school_holiday,MC,Monaco,Winter half-term-holidays,2023-02-11,2023-02-26,True,,,,,53006bf4-156d-4f4b-85ce-7b62da7fd7c9
school_holiday,MC,Monaco,Spring half-term-holidays,2023-04-15,2023-05-01,True,,,,,df9e00a3-c6d9-4ee9-9375-948a45f5bcf9
school_holiday,MC,Monaco,Grand Prix and Whit Monday,2023-05-25,2023-05-29,True,,,,,dd869316-3e02-4ebc-b38c-9f4ee9024321
school_holiday,MC,Monaco,Summer holidays,2023-07-01,2023-09-10,True,,,,,68845b09-9947-4340-9ff6-aab92df4ddbe
school_holiday,MC,Monaco,All Saint's Day holiday,2023-10-21,2023-11-01,True,,,,,110e20a4-bba2-434d-9f50-ac66d1e06f49
school_holiday,MC,Monaco,Christmas holidays,2023-12-23,2024-01-07,True,,,,,a830d46c-f8c8-41fd-b732-f5b127d74cd2
school_holiday,MC,Monaco,Winter half-term-holidays,2024-02-24,2024-03-10,True,,,,,c410ec60-6219-4934-8524-eb2315b3efe7
school_holiday,MC,Monaco,Spring half-term-holidays,2024-04-20,2024-05-05,True,,,,,9184daf9-395c-4a9f-917a-ae9b652bc368
school_holiday,MC,Monaco,Grand Prix and Whit Monday,2024-05-23,2024-05-26,True,,,,,52f8ea36-f55e-451b-8dc8-7b3e63f9de23
school_holiday,MC,Monaco,Summer holidays,2024-06-29,2024-09-08,True,,,,,6d71d7ae-62f1-4764-a849-f1ec0f8ab11e
school_holiday,MC,Monaco,All Saint's Day holiday,2024-10-24,2024-11-03,True,,,,,530ad86a-eac4-4ffb-91b0-b7ccd779dc15
school_holiday,MC,Monaco,Christmas holidays,2024-12-21,2025-01-05,True,,,,,0290330a-1b7c-4f5b-a366-6a0ec281643b
school_holiday,MC,Monaco,Winter half-term-holidays,2025-02-08,2025-02-23,True,,,,,a22fd357-6cfa-4560-bd98-69d4c2c4f18e
school_holiday,MC,Monaco,Spring half-term-holidays,2025-04-05,2025-04-21,True,,,,,ca107136-8472-49e7-af91-283c86e8628a
school_holiday,MC,Monaco,Grand Prix and Whit Monday,2025-05-22,2025-05-25,True,,,,,dc2176f9-726e-4507-965b-b5e39674c639
school_holiday,MC,Monaco,Summer holidays,2025-06-28,2025-09-07,True,,,,,58a0781e-646b-46f9-b2f2-ffc14e2b8f46
school_holiday,MC,Monaco,All Saint's Day holiday,2025-10-23,2025-11-02,True,,,,,03dd458c-f967-4d40-9125-ce0920fd90a6
school_holiday,MC,Monaco,Christmas holidays,2025-12-20,2026-01-04,True,,,,,60d3057c-daca-43e3-85b4-191515530ce2
public_holiday,MC,Monaco,New Year's Day,2026-01-01,2026-01-01,True,,,,,bd64de70-c3af-4ce6-811f-806814049eec
public_holiday,MC,Monaco,Saint Dévote's Day,2026-01-27,2026-01-27,True,,,,,0af89370-a8c2-47d7-b65a-7c2f7dc672c4
public_holiday,MC,Monaco,Easter Monday,2026-04-06,2026-04-06,True,,,,,e63eed19-6319-4243-8581-f85883eaf866
public_holiday,MC,Monaco,Labour Day,2026-05-01,2026-05-01,True,,,,,ab8c454b-d02b-41b4-95dc-a2b8e9e9bbc4
public_holiday,MC,Monaco,Ascension's Day,2026-05-14,2026-05-14,True,,,,,25ee2ef8-9682-4e6d-b8c4-73c48203b202
public_holiday,MC,Monaco,Whit Monday,2026-05-25,2026-05-25,True,,,,,3545c74c-6833-4148-b0b6-a319fc51398b
public_holiday,MC,Monaco,Corpus Christi,2026-06-04,2026-06-04,True,,,,,11e2056b-02ba-4135-b6f2-e23bd996a991
public_holiday,MC,Monaco,Assumption's Day,2026-08-15,2026-08-15,True,,,,,42c6f7f1-40e2-4dd0-ab14-5584d06016b1
public_holiday,MC,Monaco,All Saints' Day,2026-11-02,2026-11-02,True,,,,,be9cd20c-cf35-4944-bab7-47a29102f7a9
public_holiday,MC,Monaco,Prince's Day,2026-11-19,2026-11-19,True,,,,,c57339b9-6995-44fc-b5bb-e0a8767f962a
public_holiday,MC,Monaco,Immaculate Conception's Day,2026-12-08,2026-12-08,True,,,,,05d37105-166d-4809-a3ea-f7c9fb6c448e
public_holiday,MC,Monaco,Christmas Day,2026-12-25,2026-12-25,True,,,,,14dfb0c8-e363-4a53-8f0c-07d0aa701541
public_holiday,MC,Monaco,New Year's Day,2027-01-01,2027-01-01,True,,,,,e6f228be-9c31-41b4-8cce-3130a82f6d58
public_holiday,MC,Monaco,Saint Dévote's Day,2027-01-27,2027-01-27,True,,,,,3c6bf1d3-e0cd-45b7-b45a-a23deb98c6ea
public_holiday,MC,Monaco,Easter Monday,2027-03-29,2027-03-29,True,,,,,c36a1b17-148b-4cf3-afab-ef8928089310
public_holiday,MC,Monaco,Labour Day,2027-05-01,2027-05-01,True,,,,,378c5db2-8fb2-401b-b121-b373199a80fb
public_holiday,MC,Monaco,Ascension's Day,2027-05-06,2027-05-06,True,,,,,3430ed90-0c5f-426e-84ee-db0065612a4f
public_holiday,MC,Monaco,Whit Monday,2027-05-17,2027-05-17,True,,,,,ed9083ce-84ab-46fb-a114-6e68082db9f1
public_holiday,MC,Monaco,Corpus Christi,2027-05-27,2027-05-27,True,,,,,f6f9e840-e0a4-46c7-8aea-690ec99d4e3f
public_holiday,MC,Monaco,Assumption's Day,2027-08-15,2027-08-15,True,,,,,cd32c455-7632-4cfe-8ae9-c72e4a0c2ead
public_holiday,MC,Monaco,All Saints' Day,2027-11-01,2027-11-01,True,,,,,ebac225a-49b7-4b25-87e0-04bbf63f1b5c
public_holiday,MC,Monaco,Prince's Day,2027-11-19,2027-11-19,True,,,,,a7a949d4-866f-436b-b5da-29636ffc0b99
public_holiday,MC,Monaco,Immaculate Conception's Day,2027-12-08,2027-12-08,True,,,,,1b94ba79-0a2d-48a7-bc65-f17530dba6e2
public_holiday,MC,Monaco,Christmas Day,2027-12-25,2027-12-25,True,,,,,1ac0f6d0-a669-46c7-8992-ac29b420855d
school_holiday,MC,Monaco,Winter half-term-holidays,2026-02-14,2026-03-01,True,,,,,198056e4-dfa9-4119-bf4f-2d447bbfedaa
school_holiday,MC,Monaco,Spring half-term-holidays,2026-04-11,2026-04-26,True,,,,,4bc8ab5c-27d6-4ae2-8606-d8642c263d25
school_holiday,MC,Monaco,Grand Prix and Whit Monday,2026-05-21,2026-05-25,True,,,,,f58d47c5-aa5e-4bfd-8b82-f07c14cbf8f3
school_holiday,MC,Monaco,Summer holidays,2026-06-27,2026-09-06,True,,,,,aac3eb71-f9a9-4bb9-bac2-b874b217de75
public_holiday,MD,Moldova,New Year,2023-01-01,2023-01-01,True,,,,,a42771b2-0666-430c-a353-7cced0e3322c
public_holiday,MD,Moldova,Birth of Jesus Christ (Christmas in the old style),2023-01-07,2023-01-08,True,,,,,9bf10840-9a76-4062-be99-749fe4a182cf
public_holiday,MD,Moldova,International Women's Day,2023-03-08,2023-03-08,True,,,,,b55a901f-dbe9-458f-80c0-e2bf6442ae86
public_holiday,MD,Moldova,Orthodox Easter Sunday,2023-04-16,2023-04-16,True,,,,,a84b0759-43da-4c57-ab1e-d55177d00a4d
public_holiday,MD,Moldova,Orthodox Easter Monday,2023-04-17,2023-04-17,True,,,,,4b9a6f0b-6b46-4336-bd80-8ac2dc2d5998
public_holiday,MD,Moldova,Commemoration Day (Radonitsa),2023-04-24,2023-04-24,True,,,,,a0dfd030-1dd6-4f66-8e6e-c709a10488d0
public_holiday,MD,Moldova,Labour Day,2023-05-01,2023-05-01,True,,,,,af99078a-d66d-43db-afcf-2063dfd7a512
public_holiday,MD,Moldova,Victory Day,2023-05-09,2023-05-09,True,,,,,28b84e82-f1b2-4956-9de4-1ad2569913fb
public_holiday,MD,Moldova,Europe Day,2023-05-09,2023-05-09,True,,,,,b2cb41f8-a278-4d55-9fa1-27fa5255dabb
public_holiday,MD,Moldova,Children's Day,2023-06-01,2023-06-01,True,,,,,904cdcb6-d85f-4d07-ace8-869e29e7f9bd
public_holiday,MD,Moldova,Independence Day of the Republic of Moldova,2023-08-27,2023-08-27,True,,,,,0fb3095d-1f6e-40a1-a5f4-778ad4701162
public_holiday,MD,Moldova,National Language Day,2023-08-31,2023-08-31,True,,,,,8186b1a7-1e4b-49a9-ac05-536e5ea47fb0
public_holiday,MD,Moldova,Birth of Jesus Christ (Christmas in a new style),2023-12-25,2023-12-25,True,,,,,fbade81f-9d66-4f83-8b6c-5f24d5b67e16
public_holiday,MD,Moldova,New Year,2024-01-01,2024-01-01,True,,,,,9a4cb224-725d-476c-9478-97e8b42b7ef8
public_holiday,MD,Moldova,Birth of Jesus Christ (Christmas in the old style),2024-01-07,2024-01-08,True,,,,,908b1963-0f77-4914-b52e-74f492bae3ca
public_holiday,MD,Moldova,International Women's Day,2024-03-08,2024-03-08,True,,,,,33c986dd-8aa3-40df-aa72-f9bdfd3f53e7
public_holiday,MD,Moldova,Labour Day,2024-05-01,2024-05-01,True,,,,,7e948ed5-69b3-4f61-b79a-b720f0e5d28b
public_holiday,MD,Moldova,Orthodox Easter Sunday,2024-05-05,2024-05-05,True,,,,,4536a890-d35e-4787-a5cc-c7b528e0ac49
public_holiday,MD,Moldova,Orthodox Easter Monday,2024-05-06,2024-05-06,True,,,,,105c6443-f064-47f8-9d69-864caf831f1e
public_holiday,MD,Moldova,Victory Day,2024-05-09,2024-05-09,True,,,,,c10bee9e-029c-4502-9ff1-1d9523cd9487
public_holiday,MD,Moldova,Europe Day,2024-05-09,2024-05-09,True,,,,,d5993ff6-9c5b-4822-8493-5b4ae037e61f
public_holiday,MD,Moldova,Commemoration Day (Radonitsa),2024-05-13,2024-05-13,True,,,,,7b419a33-3192-4ce6-ac09-ef702bda5d2b
public_holiday,MD,Moldova,Children's Day,2024-06-01,2024-06-01,True,,,,,ff4c9ce6-92dc-4fff-b8f7-b1d5dfd0374d
public_holiday,MD,Moldova,Independence Day of the Republic of Moldova,2024-08-27,2024-08-27,True,,,,,c3434b5e-3f6d-409c-a922-b60976f56d20
public_holiday,MD,Moldova,National Language Day,2024-08-31,2024-08-31,True,,,,,ee36d4d9-e633-4cbd-818b-6d144d57d1e9
public_holiday,MD,Moldova,Birth of Jesus Christ (Christmas in a new style),2024-12-25,2024-12-25,True,,,,,fc58d581-f576-4570-b4ca-a7007844176d
public_holiday,MD,Moldova,New Year,2025-01-01,2025-01-01,True,,,,,d23b95de-53ac-47fe-8b4f-81e8c4583d77
public_holiday,MD,Moldova,Birth of Jesus Christ (Christmas in the old style),2025-01-07,2025-01-08,True,,,,,5ee90955-7c1d-4fbe-ad6d-456fb6e0357e
public_holiday,MD,Moldova,International Women's Day,2025-03-08,2025-03-08,True,,,,,391c8c1e-0fd6-46f3-a8c1-2c0a46952ab8
public_holiday,MD,Moldova,Orthodox Easter Sunday,2025-04-20,2025-04-20,True,,,,,54f639a9-2d3a-4c38-9243-a1b0b78855fd
public_holiday,MD,Moldova,Orthodox Easter Monday,2025-04-21,2025-04-21,True,,,,,21696600-15e1-442b-8295-d10ebdcf0860
public_holiday,MD,Moldova,Commemoration Day (Radonitsa),2025-04-28,2025-04-28,True,,,,,d90efef1-41e5-4f11-bf7a-d84574f38b9b
public_holiday,MD,Moldova,Labour Day,2025-05-01,2025-05-01,True,,,,,91d577fe-83f7-4b55-b2ba-31248e4e5da4
public_holiday,MD,Moldova,Victory Day,2025-05-09,2025-05-09,True,,,,,7fa35414-036c-4953-949c-314438236f19
public_holiday,MD,Moldova,Europe Day,2025-05-09,2025-05-09,True,,,,,b8c73740-9b82-497d-8c91-b2b4f901bad3
public_holiday,MD,Moldova,Children's Day,2025-06-01,2025-06-01,True,,,,,7a37a57e-bf67-46cb-8b62-91c699c8ec6b
public_holiday,MD,Moldova,Independence Day of the Republic of Moldova,2025-08-27,2025-08-27,True,,,,,98144223-f305-4f40-8d68-e226d00a9de3
public_holiday,MD,Moldova,National Language Day,2025-08-31,2025-08-31,True,,,,,2717abf8-87ee-4cb6-a703-237d25383566
public_holiday,MD,Moldova,Birth of Jesus Christ (Christmas in a new style),2025-12-25,2025-12-25,True,,,,,32acf663-5ce4-43a7-8a2a-8f6ff8e3f2a3
school_holiday,MD,Moldova,Winter holidays,2022-12-24,2023-01-08,True,,,,,df7e5b00-a165-48c1-9b8b-3425070e1725
school_holiday,MD,Moldova,Spring holidays,2023-03-08,2023-03-12,True,,,,,07c0e819-fc55-419b-b42a-2277c3f18b54
school_holiday,MD,Moldova,Easter holidays,2023-04-15,2023-04-24,True,,,,,588ac2d3-9b4d-42b8-bbbe-d587a8aa4395
school_holiday,MD,Moldova,Summer holidays,2023-06-01,2023-08-31,True,,,,,63ef07eb-bd0d-40fc-9602-779142982279
school_holiday,MD,Moldova,Autumn holidays,2023-11-01,2023-11-05,True,,,,,54a04380-c4fa-4d18-b364-37e3503c4f84
school_holiday,MD,Moldova,Winter holidays,2023-12-23,2024-01-08,True,,,,,fe21e070-e691-44a9-8f2f-47a788f67974
school_holiday,MD,Moldova,Spring holidays,2024-03-08,2024-03-12,True,,,,,33fa9e06-0a85-4162-bb1a-8a368411affe
school_holiday,MD,Moldova,Easter holidays,2024-05-04,2024-05-13,True,,,,,ee59bb7a-40d0-42db-9894-5e820b7d270f
school_holiday,MD,Moldova,Summer holidays,2024-06-01,2024-08-31,True,,,,,311e6de8-c999-4676-8779-3a966f58c906
school_holiday,MD,Moldova,Autumn holidays,2024-10-28,2024-11-03,True,,,,,59b8182c-47fc-46a2-b058-ea98d54c9664
school_holiday,MD,Moldova,Winter holidays,2024-12-25,2025-01-08,True,,,,,328a9407-6299-4bc3-8b09-cd7636b7d515
school_holiday,MD,Moldova,Spring holidays,2025-03-03,2025-03-09,True,,,,,5c4ffaea-e86d-4c92-8f6e-9e34c8e67fc4
school_holiday,MD,Moldova,Easter holidays,2025-04-19,2025-04-28,True,,,,,d91e734a-3c28-4dda-b076-3f4a56239278
school_holiday,MD,Moldova,Summer holidays,2025-06-01,2025-08-31,True,,,,,487a286d-0a25-4014-8c13-f4aef102b62a
school_holiday,MD,Moldova,Autumn holidays,2025-10-27,2025-11-02,True,,,,,88844922-f3e7-46a9-92eb-c63e06f946ad
school_holiday,MD,Moldova,Winter holidays,2025-12-25,2026-01-08,True,,,,,4b259ad6-d358-4423-a25b-ef3821b25c04
public_holiday,MD,Moldova,New Year,2026-01-01,2026-01-01,True,,,,,fefa02b9-af6a-4514-8a7c-ba6f4bdc39ae
public_holiday,MD,Moldova,Birth of Jesus Christ (Christmas in the old style),2026-01-07,2026-01-08,True,,,,,660c6a45-b13c-4b9e-8fc1-797507b541b3
public_holiday,MD,Moldova,International Women's Day,2026-03-08,2026-03-08,True,,,,,f5044981-39e6-4845-a2f7-05cf58f08afa
public_holiday,MD,Moldova,Orthodox Easter Sunday,2026-04-12,2026-04-12,True,,,,,24db8278-ca39-4be0-9eea-f464fea9b3f2
public_holiday,MD,Moldova,Orthodox Easter Monday,2026-04-13,2026-04-13,True,,,,,2a868d02-3d59-4e11-b56c-d57d4bcf8ea6
public_holiday,MD,Moldova,Commemoration Day (Radonitsa),2026-04-20,2026-04-20,True,,,,,ef1059c1-6414-4570-86ad-0241362be88f
public_holiday,MD,Moldova,Labour Day,2026-05-01,2026-05-01,True,,,,,85629eae-2f66-4940-8e4a-70c60b07960a
public_holiday,MD,Moldova,Europe Day,2026-05-09,2026-05-09,True,,,,,43797d7f-ae6e-4f30-bf99-ce565ab88db5
public_holiday,MD,Moldova,Victory Day,2026-05-09,2026-05-09,True,,,,,974869be-0985-4667-a8df-e08d43456443
public_holiday,MD,Moldova,Children's Day,2026-06-01,2026-06-01,True,,,,,a1109dd9-d268-4edb-8068-77296810cd60
public_holiday,MD,Moldova,Independence Day of the Republic of Moldova,2026-08-27,2026-08-27,True,,,,,478a7eb8-fe83-48ff-8522-b49325e665f6
public_holiday,MD,Moldova,National Language Day,2026-08-31,2026-08-31,True,,,,,3366825e-face-4417-a61f-a2b69277c983
public_holiday,MD,Moldova,Birth of Jesus Christ (Christmas in a new style),2026-12-25,2026-12-25,True,,,,,9a97b007-9f77-44bb-b577-aa7827f2a49d
public_holiday,MD,Moldova,New Year,2027-01-01,2027-01-01,True,,,,,091f8ddb-fe35-496a-b9ed-abf9c36688cd
public_holiday,MD,Moldova,Birth of Jesus Christ (Christmas in the old style),2027-01-07,2027-01-08,True,,,,,e4d5bc45-641c-4772-9b9f-20c275674943
public_holiday,MD,Moldova,International Women's Day,2027-03-08,2027-03-08,True,,,,,4d387f8d-2467-43c9-b8ad-dea18746d73f
public_holiday,MD,Moldova,Labour Day,2027-05-01,2027-05-01,True,,,,,0a652ec9-1524-49cb-af53-379c3f3f81cd
public_holiday,MD,Moldova,Orthodox Easter Sunday,2027-05-02,2027-05-02,True,,,,,3b2abf5c-88b9-46b7-8f13-d4326f5ba65a
public_holiday,MD,Moldova,Orthodox Easter Monday,2027-05-03,2027-05-03,True,,,,,78ed9159-bb6a-413e-b1e0-bb2c8d8e15ec
public_holiday,MD,Moldova,Victory Day,2027-05-09,2027-05-09,True,,,,,43ab8527-069f-4226-a6c5-5bfac575f00b
public_holiday,MD,Moldova,Europe Day,2027-05-09,2027-05-09,True,,,,,5a3721ae-b032-4e0f-b3d1-fa618d62b57b
public_holiday,MD,Moldova,Commemoration Day (Radonitsa),2027-05-10,2027-05-10,True,,,,,54b2df4c-04b0-43a0-a989-ccb6555e01ca
public_holiday,MD,Moldova,Children's Day,2027-06-01,2027-06-01,True,,,,,321f53c6-0da9-4d41-b008-4db2fd3ed1af
public_holiday,MD,Moldova,Independence Day of the Republic of Moldova,2027-08-27,2027-08-27,True,,,,,42afcb4b-1536-40a2-b82b-7f8bce62b2f8
public_holiday,MD,Moldova,National Language Day,2027-08-31,2027-08-31,True,,,,,87d0ea21-2c14-45bb-80bc-2bd70d967a41
public_holiday,MD,Moldova,Birth of Jesus Christ (Christmas in a new style),2027-12-25,2027-12-25,True,,,,,54f3b54e-ba56-4144-9ddd-471c46391563
school_holiday,MD,Moldova,Spring holidays,2026-03-05,2026-03-08,True,,,,,747d2007-c79c-4c5a-a34e-ad2b567984c4
school_holiday,MD,Moldova,Easter holidays,2026-04-11,2026-04-20,True,,,,,f16c1765-6d92-4c2e-9dcb-0d1ba7ae8fb3
school_holiday,MD,Moldova,Summer holidays,2026-05-30,2026-08-31,True,,,,,0605a543-bd17-4b36-a76b-fff3a7149dfa
public_holiday,MT,Malta,New Year's Day,2023-01-01,2023-01-01,True,,,,,6f8ef88d-990d-4498-acf3-e562c0bc5199
public_holiday,MT,Malta,Feast of St. Paul's Shipwreck,2023-02-10,2023-02-10,True,,,,,fde798b5-b7d0-4164-9482-45d7c8a11c89
public_holiday,MT,Malta,Feast of St. Joseph,2023-03-19,2023-03-19,True,,,,,96211f84-4d65-4ea2-8996-679c900cf5f5
public_holiday,MT,Malta,Freedom Day,2023-03-31,2023-03-31,True,,,,,d3767ec2-84a5-4385-be33-bd37cd2d7479
public_holiday,MT,Malta,Good Friday,2023-04-07,2023-04-07,True,,,,,6c64f913-a595-4902-8964-0fe6791df6ab
public_holiday,MT,Malta,Worker's Day,2023-05-01,2023-05-01,True,,,,,0aed537b-3e64-4a7d-8663-bb1f8dfc3091
public_holiday,MT,Malta,​Sette Giugno,2023-06-07,2023-06-07,True,,,,,ad31ff7e-d795-4c10-b4b7-984444b71e16
public_holiday,MT,Malta,​​​Feast of St.Peter and St.Paul,2023-06-29,2023-06-29,True,,,,,51c1b651-5961-4ca4-8f78-622f0f3df0d0
public_holiday,MT,Malta,​​​Feast of the Assumption,2023-08-15,2023-08-15,True,,,,,59f6b119-e09e-403e-bdc4-c4b0b70fa32d
public_holiday,MT,Malta,​​​Feast of Our Lady of Victories,2023-09-08,2023-09-08,True,,,,,9c66f3a3-4822-4cf9-9103-0377553ec59e
public_holiday,MT,Malta,​​​Independence Day,2023-09-21,2023-09-21,True,,,,,7a15871d-c90b-4176-a668-db59e8635a70
public_holiday,MT,Malta,​Feast of the Immaculate Conception,2023-12-08,2023-12-08,True,,,,,87838851-3c80-4793-944a-0b95bd071eea
public_holiday,MT,Malta,​​​Republic Day,2023-12-13,2023-12-13,True,,,,,463cac0f-aa6b-4f11-961b-cc55108233b8
public_holiday,MT,Malta,​​​​Christmas Day,2023-12-25,2023-12-25,True,,,,,d5174243-d303-44f8-97bb-40618b12a1c9
public_holiday,MT,Malta,New Year's Day,2024-01-01,2024-01-01,True,,,,,4e72d24a-4bd4-43ef-a5fd-b638b15a62c9
public_holiday,MT,Malta,Feast of St. Paul's Shipwreck,2024-02-10,2024-02-10,True,,,,,c9eab4e9-ca09-445d-8d37-42d18cd2d99d
public_holiday,MT,Malta,Feast of St. Joseph,2024-03-19,2024-03-19,True,,,,,b0645aba-88fe-4abe-ad84-4505c77c3080
public_holiday,MT,Malta,Good Friday,2024-03-29,2024-03-29,True,,,,,d393b92b-364d-494b-abf2-d8f0942a374a
public_holiday,MT,Malta,Freedom Day,2024-03-31,2024-03-31,True,,,,,5a044ba2-33b1-4732-b664-e1e7849085a9
public_holiday,MT,Malta,Worker's Day,2024-05-01,2024-05-01,True,,,,,2f4bfd15-725f-4296-8f55-7a64a4a87ca6
public_holiday,MT,Malta,​Sette Giugno,2024-06-07,2024-06-07,True,,,,,13d0e21d-0958-416c-9ada-8f977312c12b
public_holiday,MT,Malta,​​​Feast of St.Peter and St.Paul,2024-06-29,2024-06-29,True,,,,,6739a737-1d89-4fca-9e80-37539d10cce9
public_holiday,MT,Malta,​​​Feast of the Assumption,2024-08-15,2024-08-15,True,,,,,a7a67976-3f47-4b09-8106-632e31297996
public_holiday,MT,Malta,​​​Feast of Our Lady of Victories,2024-09-08,2024-09-08,True,,,,,73895b0c-cd65-4206-a0b4-0ced547732f2
public_holiday,MT,Malta,​​​Independence Day,2024-09-21,2024-09-21,True,,,,,208e4aa8-c5e9-495c-9fc7-6ec2ef200880
public_holiday,MT,Malta,​Feast of the Immaculate Conception,2024-12-08,2024-12-08,True,,,,,ede2c72f-5603-4277-936f-3a4111c044cb
public_holiday,MT,Malta,​​​Republic Day,2024-12-13,2024-12-13,True,,,,,be517f97-7350-4e2e-ab7a-bae01aa44450
public_holiday,MT,Malta,​​​​Christmas Day,2024-12-25,2024-12-25,True,,,,,b5b7bbaf-57c0-4075-a790-db49502c6131
public_holiday,MT,Malta,New Year's Day,2025-01-01,2025-01-01,True,,,,,a2382949-30ae-4536-b4e8-0aa130dc1114
public_holiday,MT,Malta,Feast of St. Paul's Shipwreck,2025-02-10,2025-02-10,True,,,,,7e822dbb-90b6-4271-8fa7-27ac83ed2d9f
public_holiday,MT,Malta,Feast of St. Joseph,2025-03-19,2025-03-19,True,,,,,2b01068a-ecea-4d22-a5d8-5cbdf77170f3
public_holiday,MT,Malta,Freedom Day,2025-03-31,2025-03-31,True,,,,,1f706c2d-1b78-4f7b-82ca-87433093225f
public_holiday,MT,Malta,Good Friday,2025-04-18,2025-04-18,True,,,,,232f499c-6430-4b9e-b2b0-e3aa8e739b95
public_holiday,MT,Malta,Worker's Day,2025-05-01,2025-05-01,True,,,,,5ac3efc0-b5c8-4a4b-89ae-6afefff4dba6
public_holiday,MT,Malta,​Sette Giugno,2025-06-07,2025-06-07,True,,,,,af7de2c5-2e59-478d-8764-e97d859b8abe
public_holiday,MT,Malta,​​​Feast of St.Peter and St.Paul,2025-06-29,2025-06-29,True,,,,,e1e0ff2a-5db8-42b5-8e06-571e46d47651
public_holiday,MT,Malta,​​​Feast of the Assumption,2025-08-15,2025-08-15,True,,,,,4a56062d-fda8-4753-97b0-aff9bbbe0165
public_holiday,MT,Malta,​​​Feast of Our Lady of Victories,2025-09-08,2025-09-08,True,,,,,439019f2-f337-4757-8ba3-0d7cb223d0f5
public_holiday,MT,Malta,​​​Independence Day,2025-09-21,2025-09-21,True,,,,,84972219-33af-4765-9ece-ddd19bee94ad
public_holiday,MT,Malta,​Feast of the Immaculate Conception,2025-12-08,2025-12-08,True,,,,,b6c659b2-e879-49a2-93cf-9f28d3c16f69
public_holiday,MT,Malta,​​​Republic Day,2025-12-13,2025-12-13,True,,,,,b0f4745e-3210-45c2-982a-78e459568737
public_holiday,MT,Malta,​​​​Christmas Day,2025-12-25,2025-12-25,True,,,,,aab97b1f-3841-4b74-a6ca-d7066b2f88c8
school_holiday,MT,Malta,Christmas holidays,2022-12-23,2023-01-06,True,,,,,430edd02-2e55-4c93-9a5a-fd28d675818f
school_holiday,MT,Malta,Carnival holidays,2023-02-20,2023-02-21,True,,,,,ba5a1f42-2a87-4ffc-bb56-65601b18c70a
school_holiday,MT,Malta,Easter holidays,2023-04-05,2023-04-12,True,,,,,d7456af4-4f7c-4763-866e-7a350f1f8e09
school_holiday,MT,Malta,Compensation for holidays at weekends,2023-04-13,2023-04-14,True,,,,,5648edae-5253-4f7c-9a5e-140d72e74b98
school_holiday,MT,Malta,Summer holidays,2023-06-28,2023-09-26,True,,,,,945bbd13-05a9-440a-aada-b920367e2a82
school_holiday,MT,Malta,Mid-Term holidays,2023-11-01,2023-11-03,True,,,,,75fcb2e6-3fa6-4714-95c1-155e26415279
school_holiday,MT,Malta,Christmas holidays,2023-12-23,2024-01-06,True,,,,,3646f52b-3be1-43ba-83bb-f3071f9b60f6
school_holiday,MT,Malta,Carnival holidays,2024-02-12,2024-02-14,True,,,,,4bdd860c-2e8f-4842-8305-68ec270d1391
school_holiday,MT,Malta,Easter holidays,2024-03-27,2024-04-03,True,,,,,d6fc6962-1c1f-4594-af95-63b227800997
school_holiday,MT,Malta,Compensation for holidays at weekends,2024-04-04,2024-04-05,True,,,,,cdeabbf0-1433-4d0a-ba94-eed214710e0f
school_holiday,MT,Malta,Compensation for holidays at weekends,2024-05-31,2024-05-31,True,,,,,5433ab5e-b2f3-4b7c-ba79-9b46fd4d6349
school_holiday,MT,Malta,Summer holidays,2024-06-28,2024-09-24,True,,,,,e0d49f41-c75c-47a9-a6e9-ff7dede4984d
school_holiday,MT,Malta,Mid-Term holidays,2024-11-01,2024-11-05,True,,,,,961bbe60-2575-42b2-a93b-3d586d49f576
school_holiday,MT,Malta,Compensation for holidays at weekends,2024-11-06,2024-11-06,True,,,,,62cd4e5e-2273-470e-be12-b34220e5c1c4
school_holiday,MT,Malta,Compensation for holidays at weekends,2024-12-12,2024-12-12,True,,,,,702756e6-38c8-4274-a6ac-216c02574d43
school_holiday,MT,Malta,Christmas holidays,2024-12-23,2025-01-06,True,,,,,9ef87e2e-c15e-4689-8daa-3005beca505f
school_holiday,MT,Malta,Carnival holidays,2025-03-01,2025-03-04,True,,,,,1f2a2adc-1114-4480-95b6-205a8d46eaea
school_holiday,MT,Malta,Compensation for holidays at weekends,2025-03-05,2025-03-05,True,,,,,5561989f-ce00-4715-b2f9-42c295ef01ec
school_holiday,MT,Malta,Easter holidays,2025-04-16,2025-04-23,True,,,,,fc020370-ef1a-475e-8878-8fbc06b295a6
school_holiday,MT,Malta,Compensation for holidays at weekends,2025-04-24,2025-04-25,True,,,,,b51910ff-e3e4-47d7-95d9-e4aaad164b4c
school_holiday,MT,Malta,Compensation for holidays at weekends,2025-05-30,2025-05-30,True,,,,,f5843aa0-4c64-434a-a3ba-d3aacbb4b850
school_holiday,MT,Malta,Summer holidays,2025-06-27,2025-09-23,True,,,,,50fe06d0-6f43-4ccf-a2eb-0cc0ec5a384d
school_holiday,MT,Malta,Mid-Term holidays,2025-11-03,2025-11-05,True,,,,,77f56467-38d0-4fb9-97c8-788f4a3ac496
school_holiday,MT,Malta,Christmas holidays,2025-12-23,2026-01-06,True,,,,,39605d96-f652-403f-8846-6889fafc5584
public_holiday,MT,Malta,New Year's Day,2026-01-01,2026-01-01,True,,,,,196c0589-5eee-4367-a59b-92000dbbdc9e
public_holiday,MT,Malta,Feast of St. Paul's Shipwreck,2026-02-10,2026-02-10,True,,,,,ea1adb42-b2ae-473b-ad70-72e276796a5f
public_holiday,MT,Malta,Feast of St. Joseph,2026-03-19,2026-03-19,True,,,,,0dab3183-bf06-4596-a8b6-15ae10566397
public_holiday,MT,Malta,Freedom Day,2026-03-31,2026-03-31,True,,,,,8d5dd25e-aaac-4d1c-b0a3-84414ba95866
public_holiday,MT,Malta,Good Friday,2026-04-03,2026-04-03,True,,,,,7a29a163-0390-478d-a2eb-6b3e81175c77
public_holiday,MT,Malta,Worker's Day,2026-05-01,2026-05-01,True,,,,,ec89cdaa-b217-48f3-9c90-eeedb6c23d73
public_holiday,MT,Malta,​Sette Giugno,2026-06-07,2026-06-07,True,,,,,c136abb4-0d59-4a30-91a4-dad24e97df8a
public_holiday,MT,Malta,​​​Feast of St.Peter and St.Paul,2026-06-29,2026-06-29,True,,,,,617da209-6507-4970-8ad2-69739b345487
public_holiday,MT,Malta,​​​Feast of the Assumption,2026-08-15,2026-08-15,True,,,,,f88409a3-fcb4-463a-b24d-69d7cd39e748
public_holiday,MT,Malta,​​​Feast of Our Lady of Victories,2026-09-08,2026-09-08,True,,,,,10181e7c-6af9-4f5f-a0f5-8e8ee8f794fa
public_holiday,MT,Malta,​​​Independence Day,2026-09-21,2026-09-21,True,,,,,4033a5da-957f-433b-8008-81e76ba328f1
public_holiday,MT,Malta,​Feast of the Immaculate Conception,2026-12-08,2026-12-08,True,,,,,86379335-ffbc-4c2e-b78c-407acf1327de
public_holiday,MT,Malta,​​​Republic Day,2026-12-13,2026-12-13,True,,,,,c362d161-0a26-452b-a949-a265a22b4f63
public_holiday,MT,Malta,​​​​Christmas Day,2026-12-25,2026-12-25,True,,,,,70a132a8-9ccc-4388-8c8d-a85fd7cb1172
public_holiday,MT,Malta,New Year's Day,2027-01-01,2027-01-01,True,,,,,ce455e9f-7e55-42ef-bc75-94a875e00f51
public_holiday,MT,Malta,Feast of St. Paul's Shipwreck,2027-02-10,2027-02-10,True,,,,,b8185feb-9e7b-4ede-aa7c-906316d2c4f4
public_holiday,MT,Malta,Feast of St. Joseph,2027-03-19,2027-03-19,True,,,,,95b73eba-162b-4880-84b1-05a1da8c46f9
public_holiday,MT,Malta,Good Friday,2027-03-26,2027-03-26,True,,,,,98f79c87-4b1b-4420-94d9-82c267b080b7
public_holiday,MT,Malta,Freedom Day,2027-03-31,2027-03-31,True,,,,,ccdc1a66-bfb8-43b7-bd73-772faf22f91c
public_holiday,MT,Malta,Worker's Day,2027-05-01,2027-05-01,True,,,,,cd8a7e8a-82d0-4bb8-a56a-115c02ccfa0d
public_holiday,MT,Malta,​Sette Giugno,2027-06-07,2027-06-07,True,,,,,b5da78e6-5397-4131-ad47-7f844cdf7c05
public_holiday,MT,Malta,​​​Feast of St.Peter and St.Paul,2027-06-29,2027-06-29,True,,,,,f08918f5-c54c-4a5b-b4aa-c1b52426149c
public_holiday,MT,Malta,​​​Feast of the Assumption,2027-08-15,2027-08-15,True,,,,,8ae0619b-ee27-4d4b-aded-40d9ff9ee6e9
public_holiday,MT,Malta,​​​Feast of Our Lady of Victories,2027-09-08,2027-09-08,True,,,,,990e30a1-a6ec-4efa-880e-cda130af6d02
public_holiday,MT,Malta,​​​Independence Day,2027-09-21,2027-09-21,True,,,,,6c6d81cb-f816-412e-9467-0005f49f2f41
public_holiday,MT,Malta,​Feast of the Immaculate Conception,2027-12-08,2027-12-08,True,,,,,9b4f717e-5507-4bb3-966b-080ae96ddf82
public_holiday,MT,Malta,​​​Republic Day,2027-12-13,2027-12-13,True,,,,,4a50de9f-9ddb-4d77-8935-c2ec71acb310
public_holiday,MT,Malta,​​​​Christmas Day,2027-12-25,2027-12-25,True,,,,,b576af17-61f1-4ef4-9d1b-ea852b47a01e
school_holiday,MT,Malta,Carnival holidays,2026-02-16,2026-02-17,True,,,,,ce94e5ea-bbd3-4726-9dc1-a76e98d49ff8
school_holiday,MT,Malta,Compensation for holidays at weekends,2026-02-18,2026-02-18,True,,,,,0f551e4f-1fab-4a61-8937-9a6cebdfa90f
school_holiday,MT,Malta,Easter holidays,2026-04-01,2026-04-08,True,,,,,33014867-d4eb-4129-b6d4-9fb426d6482a
school_holiday,MT,Malta,Compensation for holidays at weekends,2026-04-09,2026-04-10,True,,,,,329b840c-98e0-4b66-8297-ac58a9e24738
school_holiday,MT,Malta,Summer holidays,2026-07-01,2026-09-29,True,,,,,2e4cc5be-d094-40ab-ba97-3b1f4804d701
public_holiday,MX,Mexico,New Year's Day,2023-01-01,2023-01-01,True,,,,,aa6a600b-2b16-4250-a41f-f71cdebe7a16
public_holiday,MX,Mexico,Constitution Day,2023-02-06,2023-02-06,True,,,,,7ef8117d-f06d-4dbf-b85c-f3594abd4a68
public_holiday,MX,Mexico,Benito Juárez's birthday,2023-03-20,2023-03-20,True,,,,,3b7927e8-a3ba-49b9-91e7-84fedb75b2e3
public_holiday,MX,Mexico,Labour Day,2023-05-01,2023-05-01,True,,,,,a78b6444-02a7-4909-9895-37ae66d06d57
public_holiday,MX,Mexico,Independence Day,2023-09-16,2023-09-16,True,,,,,5a5c47fe-40fd-472d-8557-746568956feb
public_holiday,MX,Mexico,Revolution Day,2023-11-20,2023-11-20,True,,,,,e839c783-efed-4b4a-a5f4-6d77d7d0892d
public_holiday,MX,Mexico,Christmas Day,2023-12-25,2023-12-25,True,,,,,82dbe53a-bb5c-4946-a094-100399d7dd29
public_holiday,MX,Mexico,New Year's Day,2024-01-01,2024-01-01,True,,,,,839011b6-cce9-45e5-aa6e-f9023a88373a
public_holiday,MX,Mexico,Constitution Day,2024-02-05,2024-02-05,True,,,,,f310860a-2956-4b75-9708-192c10b73aaa
public_holiday,MX,Mexico,Benito Juárez's birthday,2024-03-18,2024-03-18,True,,,,,fe167952-140e-416a-8025-c53ab090b323
public_holiday,MX,Mexico,Labour Day,2024-05-01,2024-05-01,True,,,,,d12892c8-1d80-4e70-b651-647b69be68e0
public_holiday,MX,Mexico,Independence Day,2024-09-16,2024-09-16,True,,,,,4a910f02-4d84-49c2-976b-d82ec5ed33d6
public_holiday,MX,Mexico,Inauguration Day,2024-10-01,2024-10-01,True,,,,,f9b54e93-f4cf-4f21-aec7-81a8a7091d2c
public_holiday,MX,Mexico,Revolution Day,2024-11-18,2024-11-18,True,,,,,bc4c0d9f-58a2-4a9e-9083-ed2c4e863ac3
public_holiday,MX,Mexico,Christmas Day,2024-12-25,2024-12-25,True,,,,,b1d58047-4025-4401-86c6-f723181c9152
public_holiday,MX,Mexico,New Year's Day,2025-01-01,2025-01-01,True,,,,,c0f7a24d-2303-4341-98b6-b3f30145ff33
public_holiday,MX,Mexico,Constitution Day,2025-02-03,2025-02-03,True,,,,,7fc7eec2-7fff-4c76-afca-4fdd41f05ec0
public_holiday,MX,Mexico,Benito Juárez's birthday,2025-03-17,2025-03-17,True,,,,,d17e398c-4e38-411e-8bcf-48754ea0eb53
public_holiday,MX,Mexico,Labour Day,2025-05-01,2025-05-01,True,,,,,cd247e34-280e-404c-957b-1830da44b9b4
public_holiday,MX,Mexico,Independence Day,2025-09-16,2025-09-16,True,,,,,fb6340c7-d7e2-4abe-ba46-2b3a4e077374
public_holiday,MX,Mexico,Revolution Day,2025-11-17,2025-11-17,True,,,,,d5d4d54d-cd4f-464d-8849-74cf3f707bf4
public_holiday,MX,Mexico,Christmas Day,2025-12-25,2025-12-25,True,,,,,3afad486-ca1b-4d95-ba5e-e4080e3b5aa7
school_holiday,MX,Mexico,Easter holidays,2023-04-03,2023-04-14,True,,,,,f78efe78-e07c-42dd-9fa4-1710fb4cf6b5
school_holiday,MX,Mexico,Summer holidays,2023-07-27,2023-08-27,True,,,,,803d9355-ad45-4c93-9353-2960f3bfb1fc
school_holiday,MX,Mexico,Christmas holidays,2023-12-18,2024-01-02,True,,,,,0d244a7f-f7b4-47bc-8326-995f9c363723
school_holiday,MX,Mexico,Easter holidays,2024-03-25,2024-04-05,True,,,,,64aced83-5a0c-4e89-8d49-85b04e1b685a
school_holiday,MX,Mexico,Summer holidays,2024-07-17,2024-08-25,True,,,,,9aeea617-e74c-481e-b20d-262670d5b268
school_holiday,MX,Mexico,Christmas holidays,2024-12-19,2025-01-03,True,,,,,6b7be09f-34c6-4580-8c00-2b95a98200af
school_holiday,MX,Mexico,Easter holidays,2025-04-14,2025-04-25,True,,,,,e6c14bfe-28ee-41d2-8016-ec6c77166005
school_holiday,MX,Mexico,Summer holidays,2025-07-16,2025-08-31,True,,,,,606377a1-8f53-44fe-b965-21ee53797ad3
school_holiday,MX,Mexico,Christmas holidays,2025-12-22,2026-01-06,True,,,,,3f1cf3fa-3a18-4c47-bc68-686a8ae7ddc1
public_holiday,MX,Mexico,New Year's Day,2026-01-01,2026-01-01,True,,,,,59dc3f8f-c869-48bb-a9ee-bbe4c0cb7fb0
public_holiday,MX,Mexico,Constitution Day,2026-02-02,2026-02-02,True,,,,,f7f1cb5d-b63a-4fdb-b816-7d1a9d637b74
public_holiday,MX,Mexico,Benito Juárez's birthday,2026-03-16,2026-03-16,True,,,,,d84a8bcf-604c-4cae-8168-12b5407ed4a1
public_holiday,MX,Mexico,Labour Day,2026-05-01,2026-05-01,True,,,,,4546f4ad-9e12-4c0f-919a-d5670fa1f765
public_holiday,MX,Mexico,Independence Day,2026-09-16,2026-09-16,True,,,,,fb8a927b-d67e-4f3a-8a6d-5030edc35ea5
public_holiday,MX,Mexico,Revolution Day,2026-11-16,2026-11-16,True,,,,,c7a3ba7d-dd72-4578-9267-4c6499a30ace
public_holiday,MX,Mexico,Christmas Day,2026-12-25,2026-12-25,True,,,,,a102328e-d20d-4ce0-97a3-d16eb0711eb8
public_holiday,MX,Mexico,New Year's Day,2027-01-01,2027-01-01,True,,,,,58ec9ea0-7b0d-49b5-8788-d1ea25073a15
public_holiday,MX,Mexico,Constitution Day,2027-02-01,2027-02-01,True,,,,,6168fed2-2c9a-4ad5-9d14-12bcf13eb7eb
public_holiday,MX,Mexico,Benito Juárez's birthday,2027-03-15,2027-03-15,True,,,,,d5323611-6cf6-4351-9c12-114d3c853c6c
public_holiday,MX,Mexico,Labour Day,2027-05-01,2027-05-01,True,,,,,dd032b74-0d18-4065-a5dc-33076bdb07e3
public_holiday,MX,Mexico,Independence Day,2027-09-16,2027-09-16,True,,,,,ec9f4490-faea-44b8-9c19-10c5b4c29431
public_holiday,MX,Mexico,Revolution Day,2027-11-15,2027-11-15,True,,,,,bf8d7978-f7a0-44d3-aed4-041a8e0ddf7e
public_holiday,MX,Mexico,Christmas Day,2027-12-25,2027-12-25,True,,,,,49a0ceca-ba09-4384-bdbb-cfd3065cd729
school_holiday,MX,Mexico,Easter holidays,2026-03-30,2026-04-10,True,,,,,340e1324-94c5-4578-a8ab-15942d06c698
school_holiday,MX,Mexico,End of lessons,2026-07-15,2026-07-15,True,,,,,3ef7e1d2-3b0d-491d-9309-88b556f7ff07
public_holiday,NL,Netherlands (the),New Year’s Day,2023-01-01,2023-01-01,True,,,,,0f688ea0-4c9f-40d5-b178-d042f2082ad1
public_holiday,NL,Netherlands (the),Good Friday,2023-04-07,2023-04-07,True,,,,,e5c04ebe-53c7-40da-9989-2edbb5167576
public_holiday,NL,Netherlands (the),Easter Sunday,2023-04-09,2023-04-09,True,,,,,83810d8f-c872-4bda-adf2-bbe73b7312c0
public_holiday,NL,Netherlands (the),Easter Monday,2023-04-10,2023-04-10,True,,,,,de3efefe-c395-4ac9-a1c8-8490b708a48b
public_holiday,NL,Netherlands (the),King’s Day,2023-04-27,2023-04-27,True,,,,,f6223c5c-31ad-44b5-8f93-28d12f11c216
public_holiday,NL,Netherlands (the),Liberation Day,2023-05-05,2023-05-05,True,,,,,dbed210a-3951-4979-9b0f-53d63649017b
public_holiday,NL,Netherlands (the),Ascension Day,2023-05-18,2023-05-18,True,,,,,7e61f006-6e14-4cf7-94cf-eefbe815c508
public_holiday,NL,Netherlands (the),Whit Sunday,2023-05-28,2023-05-28,True,,,,,f9b3ad3e-7324-41cf-b3d1-30e7466e3fb2
public_holiday,NL,Netherlands (the),Whit Monday,2023-05-29,2023-05-29,True,,,,,22ff9404-db54-4446-88da-b2b7f82d9387
public_holiday,NL,Netherlands (the),Christmas Day,2023-12-25,2023-12-25,True,,,,,0f0a7e03-7998-445e-8134-e2f3ee684893
public_holiday,NL,Netherlands (the),Boxing Day,2023-12-26,2023-12-26,True,,,,,ebbd522f-b627-4ca1-9e1b-223f23aaf676
public_holiday,NL,Netherlands (the),New Year’s Day,2024-01-01,2024-01-01,True,,,,,7dade415-a18e-4fab-aa1e-a2046bcedc92
public_holiday,NL,Netherlands (the),Good Friday,2024-03-29,2024-03-29,True,,,,,7cd324ea-df8c-471f-aeea-0572c400aa40
public_holiday,NL,Netherlands (the),Easter Sunday,2024-03-31,2024-03-31,True,,,,,2471f367-5a2f-4b01-ac59-d611108da31b
public_holiday,NL,Netherlands (the),Easter Monday,2024-04-01,2024-04-01,True,,,,,445eb90a-b5c8-4dcc-bba5-7b7512647d9e
public_holiday,NL,Netherlands (the),King’s Day,2024-04-27,2024-04-27,True,,,,,229b4863-d7fc-47ad-85a9-62bc30456737
public_holiday,NL,Netherlands (the),Liberation Day,2024-05-05,2024-05-05,True,,,,,1fd5d09e-1296-4192-8487-045fb74f094e
public_holiday,NL,Netherlands (the),Ascension Day,2024-05-09,2024-05-09,True,,,,,e2edb2f3-361e-4cc0-b1d7-f9510c5ab132
public_holiday,NL,Netherlands (the),Whit Sunday,2024-05-19,2024-05-19,True,,,,,eaf27e0b-af2e-4fb2-b87b-8c89d5772e83
public_holiday,NL,Netherlands (the),Whit Monday,2024-05-20,2024-05-20,True,,,,,e398ad77-97cb-4698-bd4a-0e7dfa375014
public_holiday,NL,Netherlands (the),Christmas Day,2024-12-25,2024-12-25,True,,,,,c1ceeb49-fc2a-4858-bb3e-bc30f174356b
public_holiday,NL,Netherlands (the),Boxing Day,2024-12-26,2024-12-26,True,,,,,b9f3a5d1-c2b6-47d7-9f4f-0d62a25d5f61
public_holiday,NL,Netherlands (the),New Year’s Day,2025-01-01,2025-01-01,True,,,,,c4ccb1c0-efc5-481a-b0ef-56d623d18f11
public_holiday,NL,Netherlands (the),Good Friday,2025-04-18,2025-04-18,True,,,,,16cb1b50-c254-41a1-a6ff-11661531e25f
public_holiday,NL,Netherlands (the),Easter Sunday,2025-04-20,2025-04-20,True,,,,,4d7d7345-528f-48d2-a51a-46e51470bd48
public_holiday,NL,Netherlands (the),Easter Monday,2025-04-21,2025-04-21,True,,,,,cf994daa-4503-45e0-ab52-bfc35d86405e
public_holiday,NL,Netherlands (the),King’s Day,2025-04-26,2025-04-26,True,,,,,31349587-ddaa-4fd0-9752-7fc786c25208
public_holiday,NL,Netherlands (the),Liberation Day,2025-05-05,2025-05-05,True,,,,,8be74455-5c9c-4143-9d6b-928ae2871183
public_holiday,NL,Netherlands (the),Ascension Day,2025-05-29,2025-05-29,True,,,,,3468ba32-0cf2-44f8-a061-8d37bde921bd
public_holiday,NL,Netherlands (the),Whit Sunday,2025-06-08,2025-06-08,True,,,,,2875d34f-1db6-4e65-8cbb-23120550d9f9
public_holiday,NL,Netherlands (the),Whit Monday,2025-06-09,2025-06-09,True,,,,,95d8d257-f623-481c-b2ba-28687627fd77
public_holiday,NL,Netherlands (the),Christmas Day,2025-12-25,2025-12-25,True,,,,,b69c396f-4ace-4126-bd64-f67fd9119c29
public_holiday,NL,Netherlands (the),Boxing Day,2025-12-26,2025-12-26,True,,,,,3d6aa3ba-23dd-4493-8a8a-70e9c984e26d
school_holiday,NL,Netherlands (the),Christmas Holidays,2022-12-24,2023-01-08,False,,NL-FR-OP|NL-FR-TI|NL-DR-DW|NL-NH-GO|NL-GR-HH|NL-FR-DA|NL-FR-HA|NL-FR-OO|NL-OV-OT|NL-FL-UR|NL-OV-AL|NL-GR-PE|NL-NH-UH|NL-DR-CO|NL-NH-WA|NL-OV-TU|NL-FR-SF|NL-NH-OO|NL-NH-ZS|NL-DR-BO|NL-NH-TE|NL-NH-ZD|NL-UT-EE|NL-NH-DI|NL-GR-VE|NL-DR-EM|NL-NH-UG|NL-NH-HL|NL-FR-WA|NL-GR|NL-NH-AD|NL-OV-HT|NL-FL-NO|NL-GE-HT|NL-OV-ZW|NL-NH-EN|NL-NH-LR|NL-NH-HT|NL-NH-HO|NL-OV-RI|NL-FL-AL|NL-DR-WE|NL-NH-AV|NL-NH-BL|NL-NH-CA|NL-GR-WK|NL-NH-DR|NL-NH-DW|NL-DR-MD|NL-NH-VL|NL-UT-DV|NL-FR-NF|NL-NH-BC|NL-GR-EE|NL-FL-DR|NL-DR-AH|NL-OV-DI|NL-OV-ZL|NL-OV-HN|NL-ZH-AK|NL-OV-OM|NL-GR-MG|NL-NH-DH|NL-NH-HE|NL-OV-WI|NL-NH-SB|NL-DR-NO|NL-OV-LO|NL-OV|NL-DR-AS|NL-GE|NL-DR-ME|NL-FR-LW|NL-OV-HL|NL-OV-RA|NL-OV-BO|NL-DR|NL-FR-HE|NL-FR-AM|NL-OV-KA|NL-DR-TY|NL-FL|NL-FL-LE|NL-NH-HA|NL-NH-ME|NL-OV-HD|NL-NH-PU|NL-NH-WO|NL-OV-DA|NL-NH-SN|NL-DR-HO|NL-NH-HK|NL-OV-OZ|NL-NH-OA|NL-FR-SM|NL-OV-TW|NL-OV-EN|NL-OV-SH|NL-NH-AA|NL-OV-HK|NL-NH-BG|NL-GR-OL|NL-GR-WV|NL-OV-SW|NL-FR-VL|NL-FR-TE|NL-FR|NL-FR-SC|NL-NH-HU|NL-NH-HI|NL-UT|NL-FR-DF|NL-NH-EV|NL-OV-DV|NL-GR-ST|NL-NH-LM|NL-NH-HS|NL-NH-WI|NL-NH-OP|NL-NH-KO|NL-FR-WE|NL-NH|NL-GR-GR|NL-FR-AC|NL-ZH|NL-NH-BV,NL-NO|NL-MI|NL-ZU,,8a9a7f0e-4153-417f-a829-06d7b401fa0c
school_holiday,NL,Netherlands (the),Spring Holidays,2023-02-18,2023-02-26,False,,NL-GE-LW|NL-NI-LE|NL-NB-VU|NL-NB-AC|NL-NB-RD|NL-ZE-MI|NL-NB-DE|NL-GE-ZV|NL-NB-VH|NL-NB-MI|NL-NB-LB|NL-NB-OR|NL-LI-ST|NL-ZE-GO|NL-ZE-NB|NL-LI-SG|NL-LI-BS|NL-NB-BG|NL-LI-SI|NL-ZE-VL|NL-GE-TI|NL-NB-MO|NL-NB-GE|NL-LI|NL-LI-KR|NL-NB-AS|NL-GE-DU|NL-LI-BR|NL-NB-ST|NL-NI-MA|NL-NB-LC|NL-GE-DR|NL-NB-WR|NL-NB-LZ|NL-GE-MO|NL-NB-GD|NL-NB-BO|NL-ZE-HU|NL-GE-WM|NL-NB-BH|NL-NB-RU|NL-GE-ZA|NL-NB-OS|NL-NB-DO|NL-GE-AR|NL-NB-HI|NL-GE-BE|NL-NB-HB|NL-LI-HM|NL-LI-VL|NL-NI-PM|NL-NB-CR|NL-LI-RD|NL-NB-SR|NL-ZE-KA|NL-NB-GO|NL-NB-VA|NL-NB-HS|NL-GE|NL-LI-EI|NL-NB-SB|NL-LI-BE|NL-LI-LA|NL-GE-WV|NL-NB-SH|NL-NB-GR|NL-LI-EC|NL-NB-GB|NL-NB-EE|NL-GE-OV|NL-GE-MA|NL-GE-NB|NL-NB-BN|NL-NB-BL|NL-NB-HL|NL-GE-RE|NL-LI-MA|NL-LI-WE|NL-NB-BS|NL-ZE|NL-ZE-SD|NL-GE-NM|NL-GE-BD|NL-NB-SM|NL-NB-RO|NL-ZH-RZ|NL-LI-HR|NL-GE-RH|NL-NB-EL|NL-LI-NE|NL-ZE-TE|NL-ZE-VE|NL-NB-NG|NL-LI-BG|NL-LI-GW|NL-NB-OW|NL-ZE-BO|NL-GE-DB|NL-ZE-SA|NL-LI-VG|NL-NB-EI|NL-LI-BK|NL-ZE-RE|NL-LI-RM|NL-NB-BR|NL-NB-OO|NL-NB-AL|NL-NB-MH|NL-ZE-TH|NL-NB-HM|NL-LI-MM|NL-LI-VA|NL-LI-VO|NL-NB-DR|NL-NB-BZ|NL-NB-WW|NL-NB-TI|NL-NB-WD|NL-GE-WC|NL-NB|NL-GE-HM|NL-LI-VR|NL-LI-GE|NL-LI-MS|NL-NB-ZU|NL-NB-BT|NL-ZH,NL-ZU,,43997580-01f4-4881-ab2d-9e25efaea6ea
school_holiday,NL,Netherlands (the),Spring Holidays,2023-02-25,2023-03-05,False,,NL-FR-OP|NL-FR-TI|NL-DR-DW|NL-NH-GO|NL-GR-HH|NL-FR-DA|NL-FR-HA|NL-FR-OO|NL-OV-OT|NL-FL-UR|NL-OV-AL|NL-GR-PE|NL-NH-UH|NL-DR-CO|NL-NH-WA|NL-OV-TU|NL-FR-SF|NL-NH-OO|NL-NH-ZS|NL-DR-BO|NL-NH-TE|NL-NH-ZD|NL-UT-EE|NL-NH-DI|NL-GR-VE|NL-DR-EM|NL-NH-UG|NL-NH-HL|NL-FR-WA|NL-GR|NL-NH-AD|NL-OV-HT|NL-FL-NO|NL-GE-HT|NL-OV-ZW|NL-NH-EN|NL-NH-LR|NL-NH-HT|NL-NH-HO|NL-OV-RI|NL-FL-AL|NL-DR-WE|NL-NH-AV|NL-NH-BL|NL-NH-CA|NL-GR-WK|NL-NH-DR|NL-NH-DW|NL-DR-MD|NL-NH-VL|NL-UT-DV|NL-FR-NF|NL-NH-BC|NL-GR-EE|NL-FL-DR|NL-DR-AH|NL-OV-DI|NL-OV-ZL|NL-OV-HN|NL-ZH-AK|NL-OV-OM|NL-GR-MG|NL-NH-DH|NL-NH-HE|NL-OV-WI|NL-NH-SB|NL-DR-NO|NL-OV-LO|NL-OV|NL-DR-AS|NL-GE|NL-DR-ME|NL-FR-LW|NL-OV-HL|NL-OV-RA|NL-OV-BO|NL-DR|NL-FR-HE|NL-FR-AM|NL-OV-KA|NL-DR-TY|NL-FL|NL-FL-LE|NL-NH-HA|NL-NH-ME|NL-OV-HD|NL-NH-PU|NL-NH-WO|NL-OV-DA|NL-NH-SN|NL-DR-HO|NL-NH-HK|NL-OV-OZ|NL-NH-OA|NL-FR-SM|NL-OV-TW|NL-OV-EN|NL-OV-SH|NL-NH-AA|NL-OV-HK|NL-NH-BG|NL-GR-OL|NL-GR-WV|NL-OV-SW|NL-FR-VL|NL-FR-TE|NL-FR|NL-FR-SC|NL-NH-HU|NL-NH-HI|NL-UT|NL-FR-DF|NL-NH-EV|NL-OV-DV|NL-GR-ST|NL-NH-LM|NL-NH-HS|NL-NH-WI|NL-NH-OP|NL-NH-KO|NL-FR-WE|NL-NH|NL-GR-GR|NL-FR-AC|NL-ZH|NL-NH-BV,NL-NO|NL-MI,,a577e713-3fd0-4834-9e03-637ee15accde
school_holiday,NL,Netherlands (the),May Holidays,2023-04-29,2023-05-07,False,,NL-FR-OP|NL-FR-TI|NL-DR-DW|NL-NH-GO|NL-GR-HH|NL-FR-DA|NL-FR-HA|NL-FR-OO|NL-OV-OT|NL-FL-UR|NL-OV-AL|NL-GR-PE|NL-NH-UH|NL-DR-CO|NL-NH-WA|NL-OV-TU|NL-FR-SF|NL-NH-OO|NL-NH-ZS|NL-DR-BO|NL-NH-TE|NL-NH-ZD|NL-UT-EE|NL-NH-DI|NL-GR-VE|NL-DR-EM|NL-NH-UG|NL-NH-HL|NL-FR-WA|NL-GR|NL-NH-AD|NL-OV-HT|NL-FL-NO|NL-GE-HT|NL-OV-ZW|NL-NH-EN|NL-NH-LR|NL-NH-HT|NL-NH-HO|NL-OV-RI|NL-FL-AL|NL-DR-WE|NL-NH-AV|NL-NH-BL|NL-NH-CA|NL-GR-WK|NL-NH-DR|NL-NH-DW|NL-DR-MD|NL-NH-VL|NL-UT-DV|NL-FR-NF|NL-NH-BC|NL-GR-EE|NL-FL-DR|NL-DR-AH|NL-OV-DI|NL-OV-ZL|NL-OV-HN|NL-ZH-AK|NL-OV-OM|NL-GR-MG|NL-NH-DH|NL-NH-HE|NL-OV-WI|NL-NH-SB|NL-DR-NO|NL-OV-LO|NL-OV|NL-DR-AS|NL-GE|NL-DR-ME|NL-FR-LW|NL-OV-HL|NL-OV-RA|NL-OV-BO|NL-DR|NL-FR-HE|NL-FR-AM|NL-OV-KA|NL-DR-TY|NL-FL|NL-FL-LE|NL-NH-HA|NL-NH-ME|NL-OV-HD|NL-NH-PU|NL-NH-WO|NL-OV-DA|NL-NH-SN|NL-DR-HO|NL-NH-HK|NL-OV-OZ|NL-NH-OA|NL-FR-SM|NL-OV-TW|NL-OV-EN|NL-OV-SH|NL-NH-AA|NL-OV-HK|NL-NH-BG|NL-GR-OL|NL-GR-WV|NL-OV-SW|NL-FR-VL|NL-FR-TE|NL-FR|NL-FR-SC|NL-NH-HU|NL-NH-HI|NL-UT|NL-FR-DF|NL-NH-EV|NL-OV-DV|NL-GR-ST|NL-NH-LM|NL-NH-HS|NL-NH-WI|NL-NH-OP|NL-NH-KO|NL-FR-WE|NL-NH|NL-GR-GR|NL-FR-AC|NL-ZH|NL-NH-BV,NL-NO|NL-MI|NL-ZU,,4860ddf8-6037-46d6-8683-9efb1af4205b
school_holiday,NL,Netherlands (the),Summer Holidays,2023-07-08,2023-08-20,False,,NL-GE-NI|NL-ZH-GR|NL-ZH-WE|NL-UT-AF|NL-UT-MO|NL-UT-RH|NL-ZH-GC|NL-ZH-VD|NL-ZH-RT|NL-ZH-ZW|NL-ZH-KA|NL-GE-HR|NL-UT-BA|NL-UT-ZE|NL-GE-HW|NL-UT-HO|NL-GE-LO|NL-UT-NI|NL-ZH-VS|NL-ZH-DE|NL-ZH-HG|NL-ZH-MS|NL-GE-CU|NL-ZH-LA|NL-ZH-RK|NL-GE-PU|NL-UT-LD|NL-GE-VS|NL-ZH-NI|NL-GE-MO|NL-ZH-DH|NL-UT-OU|NL-GE-ZU|NL-UT-UT|NL-FL-ZE|NL-GE-AP|NL-GE-ER|NL-UT-DV|NL-GE-SC|NL-ZH-CI|NL-ZH-DO|NL-UT-UH|NL-ZH-WS|NL-ZH-PI|NL-UT-WD|NL-GE-OL|NL-GE-AA|NL-ZH-KB|NL-UT-IJ|NL-ZH-AS|NL-ZH-VZ|NL-GE-DT|NL-GE|NL-UT-RE|NL-ZH-LS|NL-ZE-OO|NL-ZH-LD|NL-GE-BH|NL-ZH-SM|NL-GE-NB|NL-FL|NL-ZH-BA|NL-ZH-NK|NL-GE-BU|NL-UT-WR|NL-ZH-AR|NL-ZH-HI|NL-UT-DB|NL-ZH-SL|NL-UT-LP|NL-GE-WB|NL-ZH-ZD|NL-ZH-ZU|NL-ZH-RJ|NL-ZH-TE|NL-ZH-GO|NL-UT-SO|NL-UT-WB|NL-GE-BA|NL-ZH-MD|NL-ZH-HL|NL-ZH-BG|NL-GE-WG|NL-NB-AL|NL-ZH-WX|NL-GE-BR|NL-UT-BS|NL-ZH-MO|NL-UT-BK|NL-ZH-PA|NL-GE-WW|NL-ZH-LE|NL-UT-VE|NL-UT|NL-GE-EP|NL-GE-ED|NL-ZH-NW|NL-GE-NU|NL-ZH-AW|NL-GE-OI|NL-ZH-KR|NL-ZH-ZR|NL-UT-VI|NL-GE-EL|NL-ZH-OE|NL-NB|NL-GE-BL|NL-ZH-KI|NL-ZH-HW|NL-UT-SV|NL-ZH|NL-ZH-LP,NL-MI,,a9d18bf0-296b-4183-b6ae-7b0a6a1cfbf3
school_holiday,NL,Netherlands (the),Summer Holidays,2023-07-15,2023-08-27,False,,NL-GE-LW|NL-NI-LE|NL-NB-VU|NL-NB-AC|NL-NB-RD|NL-ZE-MI|NL-NB-DE|NL-GE-ZV|NL-NB-VH|NL-NB-MI|NL-NB-LB|NL-NB-OR|NL-LI-ST|NL-ZE-GO|NL-ZE-NB|NL-LI-SG|NL-LI-BS|NL-NB-BG|NL-LI-SI|NL-ZE-VL|NL-GE-TI|NL-NB-MO|NL-NB-GE|NL-LI|NL-LI-KR|NL-NB-AS|NL-GE-DU|NL-LI-BR|NL-NB-ST|NL-NI-MA|NL-NB-LC|NL-GE-DR|NL-NB-WR|NL-NB-LZ|NL-GE-MO|NL-NB-GD|NL-NB-BO|NL-ZE-HU|NL-GE-WM|NL-NB-BH|NL-NB-RU|NL-GE-ZA|NL-NB-OS|NL-NB-DO|NL-GE-AR|NL-NB-HI|NL-GE-BE|NL-NB-HB|NL-LI-HM|NL-LI-VL|NL-NI-PM|NL-NB-CR|NL-LI-RD|NL-NB-SR|NL-ZE-KA|NL-NB-GO|NL-NB-VA|NL-NB-HS|NL-GE|NL-LI-EI|NL-NB-SB|NL-LI-BE|NL-LI-LA|NL-GE-WV|NL-NB-SH|NL-NB-GR|NL-LI-EC|NL-NB-GB|NL-NB-EE|NL-GE-OV|NL-GE-MA|NL-GE-NB|NL-NB-BN|NL-NB-BL|NL-NB-HL|NL-GE-RE|NL-LI-MA|NL-LI-WE|NL-NB-BS|NL-ZE|NL-ZE-SD|NL-GE-NM|NL-GE-BD|NL-NB-SM|NL-NB-RO|NL-ZH-RZ|NL-LI-HR|NL-GE-RH|NL-NB-EL|NL-LI-NE|NL-ZE-TE|NL-ZE-VE|NL-NB-NG|NL-LI-BG|NL-LI-GW|NL-NB-OW|NL-ZE-BO|NL-GE-DB|NL-ZE-SA|NL-LI-VG|NL-NB-EI|NL-LI-BK|NL-ZE-RE|NL-LI-RM|NL-NB-BR|NL-NB-OO|NL-NB-AL|NL-NB-MH|NL-ZE-TH|NL-NB-HM|NL-LI-MM|NL-LI-VA|NL-LI-VO|NL-NB-DR|NL-NB-BZ|NL-NB-WW|NL-NB-TI|NL-NB-WD|NL-GE-WC|NL-NB|NL-GE-HM|NL-LI-VR|NL-LI-GE|NL-LI-MS|NL-NB-ZU|NL-NB-BT|NL-ZH,NL-ZU,,74411783-8fc2-4a24-9ffa-05978108e556
school_holiday,NL,Netherlands (the),Summer Holidays,2023-07-22,2023-09-03,False,,NL-FR-OP|NL-FR-TI|NL-DR-DW|NL-NH-GO|NL-GR-HH|NL-FR-DA|NL-FR-HA|NL-FR-OO|NL-OV-OT|NL-FL-UR|NL-OV-AL|NL-GR-PE|NL-NH-UH|NL-DR-CO|NL-NH-WA|NL-OV-TU|NL-FR-SF|NL-NH-OO|NL-NH-ZS|NL-DR-BO|NL-NH-TE|NL-NH-ZD|NL-UT-EE|NL-NH-DI|NL-GR-VE|NL-DR-EM|NL-NH-UG|NL-NH-HL|NL-FR-WA|NL-GR|NL-NH-AD|NL-OV-HT|NL-FL-NO|NL-GE-HT|NL-OV-ZW|NL-NH-EN|NL-NH-LR|NL-NH-HT|NL-NH-HO|NL-OV-RI|NL-FL-AL|NL-DR-WE|NL-NH-AV|NL-NH-BL|NL-NH-CA|NL-GR-WK|NL-NH-DR|NL-NH-DW|NL-DR-MD|NL-NH-VL|NL-UT-DV|NL-FR-NF|NL-NH-BC|NL-GR-EE|NL-FL-DR|NL-DR-AH|NL-OV-DI|NL-OV-ZL|NL-OV-HN|NL-ZH-AK|NL-OV-OM|NL-GR-MG|NL-NH-DH|NL-NH-HE|NL-OV-WI|NL-NH-SB|NL-DR-NO|NL-OV-LO|NL-OV|NL-DR-AS|NL-GE|NL-DR-ME|NL-FR-LW|NL-OV-HL|NL-OV-RA|NL-OV-BO|NL-DR|NL-FR-HE|NL-FR-AM|NL-OV-KA|NL-DR-TY|NL-FL|NL-FL-LE|NL-NH-HA|NL-NH-ME|NL-OV-HD|NL-NH-PU|NL-NH-WO|NL-OV-DA|NL-NH-SN|NL-DR-HO|NL-NH-HK|NL-OV-OZ|NL-NH-OA|NL-FR-SM|NL-OV-TW|NL-OV-EN|NL-OV-SH|NL-NH-AA|NL-OV-HK|NL-NH-BG|NL-GR-OL|NL-GR-WV|NL-OV-SW|NL-FR-VL|NL-FR-TE|NL-FR|NL-FR-SC|NL-NH-HU|NL-NH-HI|NL-UT|NL-FR-DF|NL-NH-EV|NL-OV-DV|NL-GR-ST|NL-NH-LM|NL-NH-HS|NL-NH-WI|NL-NH-OP|NL-NH-KO|NL-FR-WE|NL-NH|NL-GR-GR|NL-FR-AC|NL-ZH|NL-NH-BV,NL-NO,,03a665fc-7704-4d37-8afe-e9f6e93dfcbe
school_holiday,NL,Netherlands (the),Autumn Holidays,2023-10-14,2023-10-22,False,,NL-GE-NI|NL-ZH-GR|NL-ZH-WE|NL-UT-AF|NL-UT-MO|NL-UT-RH|NL-ZH-GC|NL-ZH-VD|NL-ZH-RT|NL-ZH-ZW|NL-ZH-KA|NL-GE-HR|NL-UT-BA|NL-UT-ZE|NL-GE-HW|NL-UT-HO|NL-GE-LO|NL-UT-NI|NL-ZH-VS|NL-ZH-DE|NL-ZH-HG|NL-ZH-MS|NL-GE-CU|NL-ZH-LA|NL-ZH-RK|NL-GE-PU|NL-UT-LD|NL-GE-VS|NL-ZH-NI|NL-GE-MO|NL-ZH-DH|NL-UT-OU|NL-GE-ZU|NL-UT-UT|NL-FL-ZE|NL-GE-AP|NL-GE-ER|NL-UT-DV|NL-GE-SC|NL-ZH-CI|NL-ZH-DO|NL-UT-UH|NL-ZH-WS|NL-ZH-PI|NL-UT-WD|NL-GE-OL|NL-GE-AA|NL-ZH-KB|NL-UT-IJ|NL-ZH-AS|NL-ZH-VZ|NL-GE-DT|NL-GE|NL-UT-RE|NL-ZH-LS|NL-ZE-OO|NL-ZH-LD|NL-GE-BH|NL-ZH-SM|NL-GE-NB|NL-FL|NL-ZH-BA|NL-ZH-NK|NL-GE-BU|NL-UT-WR|NL-ZH-AR|NL-ZH-HI|NL-UT-DB|NL-ZH-SL|NL-UT-LP|NL-GE-WB|NL-ZH-ZD|NL-ZH-ZU|NL-ZH-RJ|NL-ZH-TE|NL-ZH-GO|NL-UT-SO|NL-UT-WB|NL-GE-BA|NL-ZH-MD|NL-ZH-HL|NL-ZH-BG|NL-GE-WG|NL-NB-AL|NL-ZH-WX|NL-GE-BR|NL-UT-BS|NL-ZH-MO|NL-UT-BK|NL-ZH-PA|NL-GE-WW|NL-ZH-LE|NL-UT-VE|NL-UT|NL-GE-EP|NL-GE-ED|NL-ZH-NW|NL-GE-NU|NL-ZH-AW|NL-GE-OI|NL-ZH-KR|NL-ZH-ZR|NL-UT-VI|NL-GE-EL|NL-ZH-OE|NL-NB|NL-GE-BL|NL-ZH-KI|NL-ZH-HW|NL-UT-SV|NL-ZH|NL-ZH-LP,NL-MI|NL-ZU,,18181ea1-fabc-4e80-b5e4-16b3ef1a0a35
school_holiday,NL,Netherlands (the),Autumn Holidays,2023-10-21,2023-10-29,False,,NL-FR-OP|NL-FR-TI|NL-DR-DW|NL-NH-GO|NL-GR-HH|NL-FR-DA|NL-FR-HA|NL-FR-OO|NL-OV-OT|NL-FL-UR|NL-OV-AL|NL-GR-PE|NL-NH-UH|NL-DR-CO|NL-NH-WA|NL-OV-TU|NL-FR-SF|NL-NH-OO|NL-NH-ZS|NL-DR-BO|NL-NH-TE|NL-NH-ZD|NL-UT-EE|NL-NH-DI|NL-GR-VE|NL-DR-EM|NL-NH-UG|NL-NH-HL|NL-FR-WA|NL-GR|NL-NH-AD|NL-OV-HT|NL-FL-NO|NL-GE-HT|NL-OV-ZW|NL-NH-EN|NL-NH-LR|NL-NH-HT|NL-NH-HO|NL-OV-RI|NL-FL-AL|NL-DR-WE|NL-NH-AV|NL-NH-BL|NL-NH-CA|NL-GR-WK|NL-NH-DR|NL-NH-DW|NL-DR-MD|NL-NH-VL|NL-UT-DV|NL-FR-NF|NL-NH-BC|NL-GR-EE|NL-FL-DR|NL-DR-AH|NL-OV-DI|NL-OV-ZL|NL-OV-HN|NL-ZH-AK|NL-OV-OM|NL-GR-MG|NL-NH-DH|NL-NH-HE|NL-OV-WI|NL-NH-SB|NL-DR-NO|NL-OV-LO|NL-OV|NL-DR-AS|NL-GE|NL-DR-ME|NL-FR-LW|NL-OV-HL|NL-OV-RA|NL-OV-BO|NL-DR|NL-FR-HE|NL-FR-AM|NL-OV-KA|NL-DR-TY|NL-FL|NL-FL-LE|NL-NH-HA|NL-NH-ME|NL-OV-HD|NL-NH-PU|NL-NH-WO|NL-OV-DA|NL-NH-SN|NL-DR-HO|NL-NH-HK|NL-OV-OZ|NL-NH-OA|NL-FR-SM|NL-OV-TW|NL-OV-EN|NL-OV-SH|NL-NH-AA|NL-OV-HK|NL-NH-BG|NL-GR-OL|NL-GR-WV|NL-OV-SW|NL-FR-VL|NL-FR-TE|NL-FR|NL-FR-SC|NL-NH-HU|NL-NH-HI|NL-UT|NL-FR-DF|NL-NH-EV|NL-OV-DV|NL-GR-ST|NL-NH-LM|NL-NH-HS|NL-NH-WI|NL-NH-OP|NL-NH-KO|NL-FR-WE|NL-NH|NL-GR-GR|NL-FR-AC|NL-ZH|NL-NH-BV,NL-NO,,916a3720-b65f-44e8-970a-d9ca4c0a8f34
school_holiday,NL,Netherlands (the),Christmas Holidays,2023-12-23,2024-01-07,False,,NL-FR-OP|NL-FR-TI|NL-DR-DW|NL-NH-GO|NL-GR-HH|NL-FR-DA|NL-FR-HA|NL-FR-OO|NL-OV-OT|NL-FL-UR|NL-OV-AL|NL-GR-PE|NL-NH-UH|NL-DR-CO|NL-NH-WA|NL-OV-TU|NL-FR-SF|NL-NH-OO|NL-NH-ZS|NL-DR-BO|NL-NH-TE|NL-NH-ZD|NL-UT-EE|NL-NH-DI|NL-GR-VE|NL-DR-EM|NL-NH-UG|NL-NH-HL|NL-FR-WA|NL-GR|NL-NH-AD|NL-OV-HT|NL-FL-NO|NL-GE-HT|NL-OV-ZW|NL-NH-EN|NL-NH-LR|NL-NH-HT|NL-NH-HO|NL-OV-RI|NL-FL-AL|NL-DR-WE|NL-NH-AV|NL-NH-BL|NL-NH-CA|NL-GR-WK|NL-NH-DR|NL-NH-DW|NL-DR-MD|NL-NH-VL|NL-UT-DV|NL-FR-NF|NL-NH-BC|NL-GR-EE|NL-FL-DR|NL-DR-AH|NL-OV-DI|NL-OV-ZL|NL-OV-HN|NL-ZH-AK|NL-OV-OM|NL-GR-MG|NL-NH-DH|NL-NH-HE|NL-OV-WI|NL-NH-SB|NL-DR-NO|NL-OV-LO|NL-OV|NL-DR-AS|NL-GE|NL-DR-ME|NL-FR-LW|NL-OV-HL|NL-OV-RA|NL-OV-BO|NL-DR|NL-FR-HE|NL-FR-AM|NL-OV-KA|NL-DR-TY|NL-FL|NL-FL-LE|NL-NH-HA|NL-NH-ME|NL-OV-HD|NL-NH-PU|NL-NH-WO|NL-OV-DA|NL-NH-SN|NL-DR-HO|NL-NH-HK|NL-OV-OZ|NL-NH-OA|NL-FR-SM|NL-OV-TW|NL-OV-EN|NL-OV-SH|NL-NH-AA|NL-OV-HK|NL-NH-BG|NL-GR-OL|NL-GR-WV|NL-OV-SW|NL-FR-VL|NL-FR-TE|NL-FR|NL-FR-SC|NL-NH-HU|NL-NH-HI|NL-UT|NL-FR-DF|NL-NH-EV|NL-OV-DV|NL-GR-ST|NL-NH-LM|NL-NH-HS|NL-NH-WI|NL-NH-OP|NL-NH-KO|NL-FR-WE|NL-NH|NL-GR-GR|NL-FR-AC|NL-ZH|NL-NH-BV,NL-NO|NL-MI|NL-ZU,,d0a7b747-8ca5-42b7-b77e-bfa0d5e15006
school_holiday,NL,Netherlands (the),Spring Holidays,2024-02-10,2024-02-18,False,,NL-GE-LW|NL-NI-LE|NL-NB-VU|NL-NB-AC|NL-NB-RD|NL-ZE-MI|NL-NB-DE|NL-GE-ZV|NL-NB-VH|NL-NB-MI|NL-NB-LB|NL-NB-OR|NL-LI-ST|NL-ZE-GO|NL-ZE-NB|NL-LI-SG|NL-LI-BS|NL-NB-BG|NL-LI-SI|NL-ZE-VL|NL-GE-TI|NL-NB-MO|NL-NB-GE|NL-LI|NL-LI-KR|NL-NB-AS|NL-GE-DU|NL-LI-BR|NL-NB-ST|NL-NI-MA|NL-NB-LC|NL-GE-DR|NL-NB-WR|NL-NB-LZ|NL-GE-MO|NL-NB-GD|NL-NB-BO|NL-ZE-HU|NL-GE-WM|NL-NB-BH|NL-NB-RU|NL-GE-ZA|NL-NB-OS|NL-NB-DO|NL-GE-AR|NL-NB-HI|NL-GE-BE|NL-NB-HB|NL-LI-HM|NL-LI-VL|NL-NI-PM|NL-NB-CR|NL-LI-RD|NL-NB-SR|NL-ZE-KA|NL-NB-GO|NL-NB-VA|NL-NB-HS|NL-GE|NL-LI-EI|NL-NB-SB|NL-LI-BE|NL-LI-LA|NL-GE-WV|NL-NB-SH|NL-NB-GR|NL-LI-EC|NL-NB-GB|NL-NB-EE|NL-GE-OV|NL-GE-MA|NL-GE-NB|NL-NB-BN|NL-NB-BL|NL-NB-HL|NL-GE-RE|NL-LI-MA|NL-LI-WE|NL-NB-BS|NL-ZE|NL-ZE-SD|NL-GE-NM|NL-GE-BD|NL-NB-SM|NL-NB-RO|NL-ZH-RZ|NL-LI-HR|NL-GE-RH|NL-NB-EL|NL-LI-NE|NL-ZE-TE|NL-ZE-VE|NL-NB-NG|NL-LI-BG|NL-LI-GW|NL-NB-OW|NL-ZE-BO|NL-GE-DB|NL-ZE-SA|NL-LI-VG|NL-NB-EI|NL-LI-BK|NL-ZE-RE|NL-LI-RM|NL-NB-BR|NL-NB-OO|NL-NB-AL|NL-NB-MH|NL-ZE-TH|NL-NB-HM|NL-LI-MM|NL-LI-VA|NL-LI-VO|NL-NB-DR|NL-NB-BZ|NL-NB-WW|NL-NB-TI|NL-NB-WD|NL-GE-WC|NL-NB|NL-GE-HM|NL-LI-VR|NL-LI-GE|NL-LI-MS|NL-NB-ZU|NL-NB-BT|NL-ZH,NL-ZU,,6a730a65-d5f5-4fd4-936b-63f146a47349
school_holiday,NL,Netherlands (the),Spring Holidays,2024-02-17,2024-02-25,False,,NL-FR-OP|NL-FR-TI|NL-DR-DW|NL-NH-GO|NL-GR-HH|NL-FR-DA|NL-FR-HA|NL-FR-OO|NL-OV-OT|NL-FL-UR|NL-OV-AL|NL-GR-PE|NL-NH-UH|NL-DR-CO|NL-NH-WA|NL-OV-TU|NL-FR-SF|NL-NH-OO|NL-NH-ZS|NL-DR-BO|NL-NH-TE|NL-NH-ZD|NL-UT-EE|NL-NH-DI|NL-GR-VE|NL-DR-EM|NL-NH-UG|NL-NH-HL|NL-FR-WA|NL-GR|NL-NH-AD|NL-OV-HT|NL-FL-NO|NL-GE-HT|NL-OV-ZW|NL-NH-EN|NL-NH-LR|NL-NH-HT|NL-NH-HO|NL-OV-RI|NL-FL-AL|NL-DR-WE|NL-NH-AV|NL-NH-BL|NL-NH-CA|NL-GR-WK|NL-NH-DR|NL-NH-DW|NL-DR-MD|NL-NH-VL|NL-UT-DV|NL-FR-NF|NL-NH-BC|NL-GR-EE|NL-FL-DR|NL-DR-AH|NL-OV-DI|NL-OV-ZL|NL-OV-HN|NL-ZH-AK|NL-OV-OM|NL-GR-MG|NL-NH-DH|NL-NH-HE|NL-OV-WI|NL-NH-SB|NL-DR-NO|NL-OV-LO|NL-OV|NL-DR-AS|NL-GE|NL-DR-ME|NL-FR-LW|NL-OV-HL|NL-OV-RA|NL-OV-BO|NL-DR|NL-FR-HE|NL-FR-AM|NL-OV-KA|NL-DR-TY|NL-FL|NL-FL-LE|NL-NH-HA|NL-NH-ME|NL-OV-HD|NL-NH-PU|NL-NH-WO|NL-OV-DA|NL-NH-SN|NL-DR-HO|NL-NH-HK|NL-OV-OZ|NL-NH-OA|NL-FR-SM|NL-OV-TW|NL-OV-EN|NL-OV-SH|NL-NH-AA|NL-OV-HK|NL-NH-BG|NL-GR-OL|NL-GR-WV|NL-OV-SW|NL-FR-VL|NL-FR-TE|NL-FR|NL-FR-SC|NL-NH-HU|NL-NH-HI|NL-UT|NL-FR-DF|NL-NH-EV|NL-OV-DV|NL-GR-ST|NL-NH-LM|NL-NH-HS|NL-NH-WI|NL-NH-OP|NL-NH-KO|NL-FR-WE|NL-NH|NL-GR-GR|NL-FR-AC|NL-ZH|NL-NH-BV,NL-NO|NL-MI,,fbda451b-87d5-4e11-b9dd-c9f22646d2ae
school_holiday,NL,Netherlands (the),May Holidays,2024-04-27,2024-05-05,False,,NL-FR-OP|NL-FR-TI|NL-DR-DW|NL-NH-GO|NL-GR-HH|NL-FR-DA|NL-FR-HA|NL-FR-OO|NL-OV-OT|NL-FL-UR|NL-OV-AL|NL-GR-PE|NL-NH-UH|NL-DR-CO|NL-NH-WA|NL-OV-TU|NL-FR-SF|NL-NH-OO|NL-NH-ZS|NL-DR-BO|NL-NH-TE|NL-NH-ZD|NL-UT-EE|NL-NH-DI|NL-GR-VE|NL-DR-EM|NL-NH-UG|NL-NH-HL|NL-FR-WA|NL-GR|NL-NH-AD|NL-OV-HT|NL-FL-NO|NL-GE-HT|NL-OV-ZW|NL-NH-EN|NL-NH-LR|NL-NH-HT|NL-NH-HO|NL-OV-RI|NL-FL-AL|NL-DR-WE|NL-NH-AV|NL-NH-BL|NL-NH-CA|NL-GR-WK|NL-NH-DR|NL-NH-DW|NL-DR-MD|NL-NH-VL|NL-UT-DV|NL-FR-NF|NL-NH-BC|NL-GR-EE|NL-FL-DR|NL-DR-AH|NL-OV-DI|NL-OV-ZL|NL-OV-HN|NL-ZH-AK|NL-OV-OM|NL-GR-MG|NL-NH-DH|NL-NH-HE|NL-OV-WI|NL-NH-SB|NL-DR-NO|NL-OV-LO|NL-OV|NL-DR-AS|NL-GE|NL-DR-ME|NL-FR-LW|NL-OV-HL|NL-OV-RA|NL-OV-BO|NL-DR|NL-FR-HE|NL-FR-AM|NL-OV-KA|NL-DR-TY|NL-FL|NL-FL-LE|NL-NH-HA|NL-NH-ME|NL-OV-HD|NL-NH-PU|NL-NH-WO|NL-OV-DA|NL-NH-SN|NL-DR-HO|NL-NH-HK|NL-OV-OZ|NL-NH-OA|NL-FR-SM|NL-OV-TW|NL-OV-EN|NL-OV-SH|NL-NH-AA|NL-OV-HK|NL-NH-BG|NL-GR-OL|NL-GR-WV|NL-OV-SW|NL-FR-VL|NL-FR-TE|NL-FR|NL-FR-SC|NL-NH-HU|NL-NH-HI|NL-UT|NL-FR-DF|NL-NH-EV|NL-OV-DV|NL-GR-ST|NL-NH-LM|NL-NH-HS|NL-NH-WI|NL-NH-OP|NL-NH-KO|NL-FR-WE|NL-NH|NL-GR-GR|NL-FR-AC|NL-ZH|NL-NH-BV,NL-NO|NL-MI|NL-ZU,,f56adbc6-7648-46c8-8683-88bdc5a05117
school_holiday,NL,Netherlands (the),Summer Holidays,2024-07-06,2024-08-18,False,,NL-GE-LW|NL-NI-LE|NL-NB-VU|NL-NB-AC|NL-NB-RD|NL-ZE-MI|NL-NB-DE|NL-GE-ZV|NL-NB-VH|NL-NB-MI|NL-NB-LB|NL-NB-OR|NL-LI-ST|NL-ZE-GO|NL-ZE-NB|NL-LI-SG|NL-LI-BS|NL-NB-BG|NL-LI-SI|NL-ZE-VL|NL-GE-TI|NL-NB-MO|NL-NB-GE|NL-LI|NL-LI-KR|NL-NB-AS|NL-GE-DU|NL-LI-BR|NL-NB-ST|NL-NI-MA|NL-NB-LC|NL-GE-DR|NL-NB-WR|NL-NB-LZ|NL-GE-MO|NL-NB-GD|NL-NB-BO|NL-ZE-HU|NL-GE-WM|NL-NB-BH|NL-NB-RU|NL-GE-ZA|NL-NB-OS|NL-NB-DO|NL-GE-AR|NL-NB-HI|NL-GE-BE|NL-NB-HB|NL-LI-HM|NL-LI-VL|NL-NI-PM|NL-NB-CR|NL-LI-RD|NL-NB-SR|NL-ZE-KA|NL-NB-GO|NL-NB-VA|NL-NB-HS|NL-GE|NL-LI-EI|NL-NB-SB|NL-LI-BE|NL-LI-LA|NL-GE-WV|NL-NB-SH|NL-NB-GR|NL-LI-EC|NL-NB-GB|NL-NB-EE|NL-GE-OV|NL-GE-MA|NL-GE-NB|NL-NB-BN|NL-NB-BL|NL-NB-HL|NL-GE-RE|NL-LI-MA|NL-LI-WE|NL-NB-BS|NL-ZE|NL-ZE-SD|NL-GE-NM|NL-GE-BD|NL-NB-SM|NL-NB-RO|NL-ZH-RZ|NL-LI-HR|NL-GE-RH|NL-NB-EL|NL-LI-NE|NL-ZE-TE|NL-ZE-VE|NL-NB-NG|NL-LI-BG|NL-LI-GW|NL-NB-OW|NL-ZE-BO|NL-GE-DB|NL-ZE-SA|NL-LI-VG|NL-NB-EI|NL-LI-BK|NL-ZE-RE|NL-LI-RM|NL-NB-BR|NL-NB-OO|NL-NB-AL|NL-NB-MH|NL-ZE-TH|NL-NB-HM|NL-LI-MM|NL-LI-VA|NL-LI-VO|NL-NB-DR|NL-NB-BZ|NL-NB-WW|NL-NB-TI|NL-NB-WD|NL-GE-WC|NL-NB|NL-GE-HM|NL-LI-VR|NL-LI-GE|NL-LI-MS|NL-NB-ZU|NL-NB-BT|NL-ZH,NL-ZU,,97609ebf-b7bf-47a2-81bc-be73e0b1c795
school_holiday,NL,Netherlands (the),Summer Holidays,2024-07-13,2024-08-25,False,,NL-GE-NI|NL-ZH-GR|NL-ZH-WE|NL-UT-AF|NL-UT-MO|NL-UT-RH|NL-ZH-GC|NL-ZH-VD|NL-ZH-RT|NL-ZH-ZW|NL-ZH-KA|NL-GE-HR|NL-UT-BA|NL-UT-ZE|NL-GE-HW|NL-UT-HO|NL-GE-LO|NL-UT-NI|NL-ZH-VS|NL-ZH-DE|NL-ZH-HG|NL-ZH-MS|NL-GE-CU|NL-ZH-LA|NL-ZH-RK|NL-GE-PU|NL-UT-LD|NL-GE-VS|NL-ZH-NI|NL-GE-MO|NL-ZH-DH|NL-UT-OU|NL-GE-ZU|NL-UT-UT|NL-FL-ZE|NL-GE-AP|NL-GE-ER|NL-UT-DV|NL-GE-SC|NL-ZH-CI|NL-ZH-DO|NL-UT-UH|NL-ZH-WS|NL-ZH-PI|NL-UT-WD|NL-GE-OL|NL-GE-AA|NL-ZH-KB|NL-UT-IJ|NL-ZH-AS|NL-ZH-VZ|NL-GE-DT|NL-GE|NL-UT-RE|NL-ZH-LS|NL-ZE-OO|NL-ZH-LD|NL-GE-BH|NL-ZH-SM|NL-GE-NB|NL-FL|NL-ZH-BA|NL-ZH-NK|NL-GE-BU|NL-UT-WR|NL-ZH-AR|NL-ZH-HI|NL-UT-DB|NL-ZH-SL|NL-UT-LP|NL-GE-WB|NL-ZH-ZD|NL-ZH-ZU|NL-ZH-RJ|NL-ZH-TE|NL-ZH-GO|NL-UT-SO|NL-UT-WB|NL-GE-BA|NL-ZH-MD|NL-ZH-HL|NL-ZH-BG|NL-GE-WG|NL-NB-AL|NL-ZH-WX|NL-GE-BR|NL-UT-BS|NL-ZH-MO|NL-UT-BK|NL-ZH-PA|NL-GE-WW|NL-ZH-LE|NL-UT-VE|NL-UT|NL-GE-EP|NL-GE-ED|NL-ZH-NW|NL-GE-NU|NL-ZH-AW|NL-GE-OI|NL-ZH-KR|NL-ZH-ZR|NL-UT-VI|NL-GE-EL|NL-ZH-OE|NL-NB|NL-GE-BL|NL-ZH-KI|NL-ZH-HW|NL-UT-SV|NL-ZH|NL-ZH-LP,NL-MI,,32d10b51-e5a1-4d1f-b704-36fc767e0178
school_holiday,NL,Netherlands (the),Summer Holidays,2024-07-20,2024-09-01,False,,NL-FR-OP|NL-FR-TI|NL-DR-DW|NL-NH-GO|NL-GR-HH|NL-FR-DA|NL-FR-HA|NL-FR-OO|NL-OV-OT|NL-FL-UR|NL-OV-AL|NL-GR-PE|NL-NH-UH|NL-DR-CO|NL-NH-WA|NL-OV-TU|NL-FR-SF|NL-NH-OO|NL-NH-ZS|NL-DR-BO|NL-NH-TE|NL-NH-ZD|NL-UT-EE|NL-NH-DI|NL-GR-VE|NL-DR-EM|NL-NH-UG|NL-NH-HL|NL-FR-WA|NL-GR|NL-NH-AD|NL-OV-HT|NL-FL-NO|NL-GE-HT|NL-OV-ZW|NL-NH-EN|NL-NH-LR|NL-NH-HT|NL-NH-HO|NL-OV-RI|NL-FL-AL|NL-DR-WE|NL-NH-AV|NL-NH-BL|NL-NH-CA|NL-GR-WK|NL-NH-DR|NL-NH-DW|NL-DR-MD|NL-NH-VL|NL-UT-DV|NL-FR-NF|NL-NH-BC|NL-GR-EE|NL-FL-DR|NL-DR-AH|NL-OV-DI|NL-OV-ZL|NL-OV-HN|NL-ZH-AK|NL-OV-OM|NL-GR-MG|NL-NH-DH|NL-NH-HE|NL-OV-WI|NL-NH-SB|NL-DR-NO|NL-OV-LO|NL-OV|NL-DR-AS|NL-GE|NL-DR-ME|NL-FR-LW|NL-OV-HL|NL-OV-RA|NL-OV-BO|NL-DR|NL-FR-HE|NL-FR-AM|NL-OV-KA|NL-DR-TY|NL-FL|NL-FL-LE|NL-NH-HA|NL-NH-ME|NL-OV-HD|NL-NH-PU|NL-NH-WO|NL-OV-DA|NL-NH-SN|NL-DR-HO|NL-NH-HK|NL-OV-OZ|NL-NH-OA|NL-FR-SM|NL-OV-TW|NL-OV-EN|NL-OV-SH|NL-NH-AA|NL-OV-HK|NL-NH-BG|NL-GR-OL|NL-GR-WV|NL-OV-SW|NL-FR-VL|NL-FR-TE|NL-FR|NL-FR-SC|NL-NH-HU|NL-NH-HI|NL-UT|NL-FR-DF|NL-NH-EV|NL-OV-DV|NL-GR-ST|NL-NH-LM|NL-NH-HS|NL-NH-WI|NL-NH-OP|NL-NH-KO|NL-FR-WE|NL-NH|NL-GR-GR|NL-FR-AC|NL-ZH|NL-NH-BV,NL-NO,,2903b184-55da-46a6-97fe-b9300df22fd7
school_holiday,NL,Netherlands (the),Autumn Holidays,2024-10-19,2024-10-27,False,,NL-GE-LW|NL-NI-LE|NL-NB-VU|NL-NB-AC|NL-NB-RD|NL-ZE-MI|NL-NB-DE|NL-GE-ZV|NL-NB-VH|NL-NB-MI|NL-NB-LB|NL-NB-OR|NL-LI-ST|NL-ZE-GO|NL-ZE-NB|NL-LI-SG|NL-LI-BS|NL-NB-BG|NL-LI-SI|NL-ZE-VL|NL-GE-TI|NL-NB-MO|NL-NB-GE|NL-LI|NL-LI-KR|NL-NB-AS|NL-GE-DU|NL-LI-BR|NL-NB-ST|NL-NI-MA|NL-NB-LC|NL-GE-DR|NL-NB-WR|NL-NB-LZ|NL-GE-MO|NL-NB-GD|NL-NB-BO|NL-ZE-HU|NL-GE-WM|NL-NB-BH|NL-NB-RU|NL-GE-ZA|NL-NB-OS|NL-NB-DO|NL-GE-AR|NL-NB-HI|NL-GE-BE|NL-NB-HB|NL-LI-HM|NL-LI-VL|NL-NI-PM|NL-NB-CR|NL-LI-RD|NL-NB-SR|NL-ZE-KA|NL-NB-GO|NL-NB-VA|NL-NB-HS|NL-GE|NL-LI-EI|NL-NB-SB|NL-LI-BE|NL-LI-LA|NL-GE-WV|NL-NB-SH|NL-NB-GR|NL-LI-EC|NL-NB-GB|NL-NB-EE|NL-GE-OV|NL-GE-MA|NL-GE-NB|NL-NB-BN|NL-NB-BL|NL-NB-HL|NL-GE-RE|NL-LI-MA|NL-LI-WE|NL-NB-BS|NL-ZE|NL-ZE-SD|NL-GE-NM|NL-GE-BD|NL-NB-SM|NL-NB-RO|NL-ZH-RZ|NL-LI-HR|NL-GE-RH|NL-NB-EL|NL-LI-NE|NL-ZE-TE|NL-ZE-VE|NL-NB-NG|NL-LI-BG|NL-LI-GW|NL-NB-OW|NL-ZE-BO|NL-GE-DB|NL-ZE-SA|NL-LI-VG|NL-NB-EI|NL-LI-BK|NL-ZE-RE|NL-LI-RM|NL-NB-BR|NL-NB-OO|NL-NB-AL|NL-NB-MH|NL-ZE-TH|NL-NB-HM|NL-LI-MM|NL-LI-VA|NL-LI-VO|NL-NB-DR|NL-NB-BZ|NL-NB-WW|NL-NB-TI|NL-NB-WD|NL-GE-WC|NL-NB|NL-GE-HM|NL-LI-VR|NL-LI-GE|NL-LI-MS|NL-NB-ZU|NL-NB-BT|NL-ZH,NL-ZU,,73f65d6b-565e-4df4-b1a0-6dd1159143c7
school_holiday,NL,Netherlands (the),Autumn Holidays,2024-10-26,2024-11-03,False,,NL-FR-OP|NL-FR-TI|NL-DR-DW|NL-NH-GO|NL-GR-HH|NL-FR-DA|NL-FR-HA|NL-FR-OO|NL-OV-OT|NL-FL-UR|NL-OV-AL|NL-GR-PE|NL-NH-UH|NL-DR-CO|NL-NH-WA|NL-OV-TU|NL-FR-SF|NL-NH-OO|NL-NH-ZS|NL-DR-BO|NL-NH-TE|NL-NH-ZD|NL-UT-EE|NL-NH-DI|NL-GR-VE|NL-DR-EM|NL-NH-UG|NL-NH-HL|NL-FR-WA|NL-GR|NL-NH-AD|NL-OV-HT|NL-FL-NO|NL-GE-HT|NL-OV-ZW|NL-NH-EN|NL-NH-LR|NL-NH-HT|NL-NH-HO|NL-OV-RI|NL-FL-AL|NL-DR-WE|NL-NH-AV|NL-NH-BL|NL-NH-CA|NL-GR-WK|NL-NH-DR|NL-NH-DW|NL-DR-MD|NL-NH-VL|NL-UT-DV|NL-FR-NF|NL-NH-BC|NL-GR-EE|NL-FL-DR|NL-DR-AH|NL-OV-DI|NL-OV-ZL|NL-OV-HN|NL-ZH-AK|NL-OV-OM|NL-GR-MG|NL-NH-DH|NL-NH-HE|NL-OV-WI|NL-NH-SB|NL-DR-NO|NL-OV-LO|NL-OV|NL-DR-AS|NL-GE|NL-DR-ME|NL-FR-LW|NL-OV-HL|NL-OV-RA|NL-OV-BO|NL-DR|NL-FR-HE|NL-FR-AM|NL-OV-KA|NL-DR-TY|NL-FL|NL-FL-LE|NL-NH-HA|NL-NH-ME|NL-OV-HD|NL-NH-PU|NL-NH-WO|NL-OV-DA|NL-NH-SN|NL-DR-HO|NL-NH-HK|NL-OV-OZ|NL-NH-OA|NL-FR-SM|NL-OV-TW|NL-OV-EN|NL-OV-SH|NL-NH-AA|NL-OV-HK|NL-NH-BG|NL-GR-OL|NL-GR-WV|NL-OV-SW|NL-FR-VL|NL-FR-TE|NL-FR|NL-FR-SC|NL-NH-HU|NL-NH-HI|NL-UT|NL-FR-DF|NL-NH-EV|NL-OV-DV|NL-GR-ST|NL-NH-LM|NL-NH-HS|NL-NH-WI|NL-NH-OP|NL-NH-KO|NL-FR-WE|NL-NH|NL-GR-GR|NL-FR-AC|NL-ZH|NL-NH-BV,NL-NO|NL-MI,,56dacdcf-1d06-4d3f-817e-31d23e876946
school_holiday,NL,Netherlands (the),Christmas Holidays,2024-12-21,2025-01-05,False,,NL-FR-OP|NL-FR-TI|NL-DR-DW|NL-NH-GO|NL-GR-HH|NL-FR-DA|NL-FR-HA|NL-FR-OO|NL-OV-OT|NL-FL-UR|NL-OV-AL|NL-GR-PE|NL-NH-UH|NL-DR-CO|NL-NH-WA|NL-OV-TU|NL-FR-SF|NL-NH-OO|NL-NH-ZS|NL-DR-BO|NL-NH-TE|NL-NH-ZD|NL-UT-EE|NL-NH-DI|NL-GR-VE|NL-DR-EM|NL-NH-UG|NL-NH-HL|NL-FR-WA|NL-GR|NL-NH-AD|NL-OV-HT|NL-FL-NO|NL-GE-HT|NL-OV-ZW|NL-NH-EN|NL-NH-LR|NL-NH-HT|NL-NH-HO|NL-OV-RI|NL-FL-AL|NL-DR-WE|NL-NH-AV|NL-NH-BL|NL-NH-CA|NL-GR-WK|NL-NH-DR|NL-NH-DW|NL-DR-MD|NL-NH-VL|NL-UT-DV|NL-FR-NF|NL-NH-BC|NL-GR-EE|NL-FL-DR|NL-DR-AH|NL-OV-DI|NL-OV-ZL|NL-OV-HN|NL-ZH-AK|NL-OV-OM|NL-GR-MG|NL-NH-DH|NL-NH-HE|NL-OV-WI|NL-NH-SB|NL-DR-NO|NL-OV-LO|NL-OV|NL-DR-AS|NL-GE|NL-DR-ME|NL-FR-LW|NL-OV-HL|NL-OV-RA|NL-OV-BO|NL-DR|NL-FR-HE|NL-FR-AM|NL-OV-KA|NL-DR-TY|NL-FL|NL-FL-LE|NL-NH-HA|NL-NH-ME|NL-OV-HD|NL-NH-PU|NL-NH-WO|NL-OV-DA|NL-NH-SN|NL-DR-HO|NL-NH-HK|NL-OV-OZ|NL-NH-OA|NL-FR-SM|NL-OV-TW|NL-OV-EN|NL-OV-SH|NL-NH-AA|NL-OV-HK|NL-NH-BG|NL-GR-OL|NL-GR-WV|NL-OV-SW|NL-FR-VL|NL-FR-TE|NL-FR|NL-FR-SC|NL-NH-HU|NL-NH-HI|NL-UT|NL-FR-DF|NL-NH-EV|NL-OV-DV|NL-GR-ST|NL-NH-LM|NL-NH-HS|NL-NH-WI|NL-NH-OP|NL-NH-KO|NL-FR-WE|NL-NH|NL-GR-GR|NL-FR-AC|NL-ZH|NL-NH-BV,NL-NO|NL-MI|NL-ZU,,b3b08e09-cc59-41db-ab86-61e7d5d87dd8
school_holiday,NL,Netherlands (the),Spring Holidays,2025-02-15,2025-02-23,False,,NL-FR-OP|NL-FR-TI|NL-DR-DW|NL-NH-GO|NL-GR-HH|NL-FR-DA|NL-FR-HA|NL-FR-OO|NL-OV-OT|NL-FL-UR|NL-OV-AL|NL-GR-PE|NL-NH-UH|NL-DR-CO|NL-NH-WA|NL-OV-TU|NL-FR-SF|NL-NH-OO|NL-NH-ZS|NL-DR-BO|NL-NH-TE|NL-NH-ZD|NL-UT-EE|NL-NH-DI|NL-GR-VE|NL-DR-EM|NL-NH-UG|NL-NH-HL|NL-FR-WA|NL-GR|NL-NH-AD|NL-OV-HT|NL-FL-NO|NL-GE-HT|NL-OV-ZW|NL-NH-EN|NL-NH-LR|NL-NH-HT|NL-NH-HO|NL-OV-RI|NL-FL-AL|NL-DR-WE|NL-NH-AV|NL-NH-BL|NL-NH-CA|NL-GR-WK|NL-NH-DR|NL-NH-DW|NL-DR-MD|NL-NH-VL|NL-UT-DV|NL-FR-NF|NL-NH-BC|NL-GR-EE|NL-FL-DR|NL-DR-AH|NL-OV-DI|NL-OV-ZL|NL-OV-HN|NL-ZH-AK|NL-OV-OM|NL-GR-MG|NL-NH-DH|NL-NH-HE|NL-OV-WI|NL-NH-SB|NL-DR-NO|NL-OV-LO|NL-OV|NL-DR-AS|NL-GE|NL-DR-ME|NL-FR-LW|NL-OV-HL|NL-OV-RA|NL-OV-BO|NL-DR|NL-FR-HE|NL-FR-AM|NL-OV-KA|NL-DR-TY|NL-FL|NL-FL-LE|NL-NH-HA|NL-NH-ME|NL-OV-HD|NL-NH-PU|NL-NH-WO|NL-OV-DA|NL-NH-SN|NL-DR-HO|NL-NH-HK|NL-OV-OZ|NL-NH-OA|NL-FR-SM|NL-OV-TW|NL-OV-EN|NL-OV-SH|NL-NH-AA|NL-OV-HK|NL-NH-BG|NL-GR-OL|NL-GR-WV|NL-OV-SW|NL-FR-VL|NL-FR-TE|NL-FR|NL-FR-SC|NL-NH-HU|NL-NH-HI|NL-UT|NL-FR-DF|NL-NH-EV|NL-OV-DV|NL-GR-ST|NL-NH-LM|NL-NH-HS|NL-NH-WI|NL-NH-OP|NL-NH-KO|NL-FR-WE|NL-NH|NL-GR-GR|NL-FR-AC|NL-ZH|NL-NH-BV,NL-NO,,eac24f47-0825-4237-a298-e0c05400f94a
school_holiday,NL,Netherlands (the),Spring Holidays,2025-02-22,2025-03-02,False,,NL-GE-NI|NL-ZH-GR|NL-ZH-WE|NL-UT-AF|NL-UT-MO|NL-UT-RH|NL-ZH-GC|NL-ZH-VD|NL-ZH-RT|NL-ZH-ZW|NL-ZH-KA|NL-GE-HR|NL-UT-BA|NL-UT-ZE|NL-GE-HW|NL-UT-HO|NL-GE-LO|NL-UT-NI|NL-ZH-VS|NL-ZH-DE|NL-ZH-HG|NL-ZH-MS|NL-GE-CU|NL-ZH-LA|NL-ZH-RK|NL-GE-PU|NL-UT-LD|NL-GE-VS|NL-ZH-NI|NL-GE-MO|NL-ZH-DH|NL-UT-OU|NL-GE-ZU|NL-UT-UT|NL-FL-ZE|NL-GE-AP|NL-GE-ER|NL-UT-DV|NL-GE-SC|NL-ZH-CI|NL-ZH-DO|NL-UT-UH|NL-ZH-WS|NL-ZH-PI|NL-UT-WD|NL-GE-OL|NL-GE-AA|NL-ZH-KB|NL-UT-IJ|NL-ZH-AS|NL-ZH-VZ|NL-GE-DT|NL-GE|NL-UT-RE|NL-ZH-LS|NL-ZE-OO|NL-ZH-LD|NL-GE-BH|NL-ZH-SM|NL-GE-NB|NL-FL|NL-ZH-BA|NL-ZH-NK|NL-GE-BU|NL-UT-WR|NL-ZH-AR|NL-ZH-HI|NL-UT-DB|NL-ZH-SL|NL-UT-LP|NL-GE-WB|NL-ZH-ZD|NL-ZH-ZU|NL-ZH-RJ|NL-ZH-TE|NL-ZH-GO|NL-UT-SO|NL-UT-WB|NL-GE-BA|NL-ZH-MD|NL-ZH-HL|NL-ZH-BG|NL-GE-WG|NL-NB-AL|NL-ZH-WX|NL-GE-BR|NL-UT-BS|NL-ZH-MO|NL-UT-BK|NL-ZH-PA|NL-GE-WW|NL-ZH-LE|NL-UT-VE|NL-UT|NL-GE-EP|NL-GE-ED|NL-ZH-NW|NL-GE-NU|NL-ZH-AW|NL-GE-OI|NL-ZH-KR|NL-ZH-ZR|NL-UT-VI|NL-GE-EL|NL-ZH-OE|NL-NB|NL-GE-BL|NL-ZH-KI|NL-ZH-HW|NL-UT-SV|NL-ZH|NL-ZH-LP,NL-MI|NL-ZU,,354a86f0-2641-452f-92d0-5984fc06a757
school_holiday,NL,Netherlands (the),May Holidays,2025-04-26,2025-05-04,False,,NL-FR-OP|NL-FR-TI|NL-DR-DW|NL-NH-GO|NL-GR-HH|NL-FR-DA|NL-FR-HA|NL-FR-OO|NL-OV-OT|NL-FL-UR|NL-OV-AL|NL-GR-PE|NL-NH-UH|NL-DR-CO|NL-NH-WA|NL-OV-TU|NL-FR-SF|NL-NH-OO|NL-NH-ZS|NL-DR-BO|NL-NH-TE|NL-NH-ZD|NL-UT-EE|NL-NH-DI|NL-GR-VE|NL-DR-EM|NL-NH-UG|NL-NH-HL|NL-FR-WA|NL-GR|NL-NH-AD|NL-OV-HT|NL-FL-NO|NL-GE-HT|NL-OV-ZW|NL-NH-EN|NL-NH-LR|NL-NH-HT|NL-NH-HO|NL-OV-RI|NL-FL-AL|NL-DR-WE|NL-NH-AV|NL-NH-BL|NL-NH-CA|NL-GR-WK|NL-NH-DR|NL-NH-DW|NL-DR-MD|NL-NH-VL|NL-UT-DV|NL-FR-NF|NL-NH-BC|NL-GR-EE|NL-FL-DR|NL-DR-AH|NL-OV-DI|NL-OV-ZL|NL-OV-HN|NL-ZH-AK|NL-OV-OM|NL-GR-MG|NL-NH-DH|NL-NH-HE|NL-OV-WI|NL-NH-SB|NL-DR-NO|NL-OV-LO|NL-OV|NL-DR-AS|NL-GE|NL-DR-ME|NL-FR-LW|NL-OV-HL|NL-OV-RA|NL-OV-BO|NL-DR|NL-FR-HE|NL-FR-AM|NL-OV-KA|NL-DR-TY|NL-FL|NL-FL-LE|NL-NH-HA|NL-NH-ME|NL-OV-HD|NL-NH-PU|NL-NH-WO|NL-OV-DA|NL-NH-SN|NL-DR-HO|NL-NH-HK|NL-OV-OZ|NL-NH-OA|NL-FR-SM|NL-OV-TW|NL-OV-EN|NL-OV-SH|NL-NH-AA|NL-OV-HK|NL-NH-BG|NL-GR-OL|NL-GR-WV|NL-OV-SW|NL-FR-VL|NL-FR-TE|NL-FR|NL-FR-SC|NL-NH-HU|NL-NH-HI|NL-UT|NL-FR-DF|NL-NH-EV|NL-OV-DV|NL-GR-ST|NL-NH-LM|NL-NH-HS|NL-NH-WI|NL-NH-OP|NL-NH-KO|NL-FR-WE|NL-NH|NL-GR-GR|NL-FR-AC|NL-ZH|NL-NH-BV,NL-NO|NL-MI|NL-ZU,,8c2ec6a3-20eb-4c77-a101-f0e60cb542eb
school_holiday,NL,Netherlands (the),Summer Holidays,2025-07-05,2025-08-17,False,,NL-GE-LW|NL-NI-LE|NL-NB-VU|NL-NB-AC|NL-NB-RD|NL-ZE-MI|NL-NB-DE|NL-GE-ZV|NL-NB-VH|NL-NB-MI|NL-NB-LB|NL-NB-OR|NL-LI-ST|NL-ZE-GO|NL-ZE-NB|NL-LI-SG|NL-LI-BS|NL-NB-BG|NL-LI-SI|NL-ZE-VL|NL-GE-TI|NL-NB-MO|NL-NB-GE|NL-LI|NL-LI-KR|NL-NB-AS|NL-GE-DU|NL-LI-BR|NL-NB-ST|NL-NI-MA|NL-NB-LC|NL-GE-DR|NL-NB-WR|NL-NB-LZ|NL-GE-MO|NL-NB-GD|NL-NB-BO|NL-ZE-HU|NL-GE-WM|NL-NB-BH|NL-NB-RU|NL-GE-ZA|NL-NB-OS|NL-NB-DO|NL-GE-AR|NL-NB-HI|NL-GE-BE|NL-NB-HB|NL-LI-HM|NL-LI-VL|NL-NI-PM|NL-NB-CR|NL-LI-RD|NL-NB-SR|NL-ZE-KA|NL-NB-GO|NL-NB-VA|NL-NB-HS|NL-GE|NL-LI-EI|NL-NB-SB|NL-LI-BE|NL-LI-LA|NL-GE-WV|NL-NB-SH|NL-NB-GR|NL-LI-EC|NL-NB-GB|NL-NB-EE|NL-GE-OV|NL-GE-MA|NL-GE-NB|NL-NB-BN|NL-NB-BL|NL-NB-HL|NL-GE-RE|NL-LI-MA|NL-LI-WE|NL-NB-BS|NL-ZE|NL-ZE-SD|NL-GE-NM|NL-GE-BD|NL-NB-SM|NL-NB-RO|NL-ZH-RZ|NL-LI-HR|NL-GE-RH|NL-NB-EL|NL-LI-NE|NL-ZE-TE|NL-ZE-VE|NL-NB-NG|NL-LI-BG|NL-LI-GW|NL-NB-OW|NL-ZE-BO|NL-GE-DB|NL-ZE-SA|NL-LI-VG|NL-NB-EI|NL-LI-BK|NL-ZE-RE|NL-LI-RM|NL-NB-BR|NL-NB-OO|NL-NB-AL|NL-NB-MH|NL-ZE-TH|NL-NB-HM|NL-LI-MM|NL-LI-VA|NL-LI-VO|NL-NB-DR|NL-NB-BZ|NL-NB-WW|NL-NB-TI|NL-NB-WD|NL-GE-WC|NL-NB|NL-GE-HM|NL-LI-VR|NL-LI-GE|NL-LI-MS|NL-NB-ZU|NL-NB-BT|NL-ZH,NL-ZU,,78a89e88-0c32-49c6-a289-ab95779d20e8
school_holiday,NL,Netherlands (the),Summer Holidays,2025-07-12,2025-08-24,False,,NL-FR-OP|NL-FR-TI|NL-DR-DW|NL-NH-GO|NL-GR-HH|NL-FR-DA|NL-FR-HA|NL-FR-OO|NL-OV-OT|NL-FL-UR|NL-OV-AL|NL-GR-PE|NL-NH-UH|NL-DR-CO|NL-NH-WA|NL-OV-TU|NL-FR-SF|NL-NH-OO|NL-NH-ZS|NL-DR-BO|NL-NH-TE|NL-NH-ZD|NL-UT-EE|NL-NH-DI|NL-GR-VE|NL-DR-EM|NL-NH-UG|NL-NH-HL|NL-FR-WA|NL-GR|NL-NH-AD|NL-OV-HT|NL-FL-NO|NL-GE-HT|NL-OV-ZW|NL-NH-EN|NL-NH-LR|NL-NH-HT|NL-NH-HO|NL-OV-RI|NL-FL-AL|NL-DR-WE|NL-NH-AV|NL-NH-BL|NL-NH-CA|NL-GR-WK|NL-NH-DR|NL-NH-DW|NL-DR-MD|NL-NH-VL|NL-UT-DV|NL-FR-NF|NL-NH-BC|NL-GR-EE|NL-FL-DR|NL-DR-AH|NL-OV-DI|NL-OV-ZL|NL-OV-HN|NL-ZH-AK|NL-OV-OM|NL-GR-MG|NL-NH-DH|NL-NH-HE|NL-OV-WI|NL-NH-SB|NL-DR-NO|NL-OV-LO|NL-OV|NL-DR-AS|NL-GE|NL-DR-ME|NL-FR-LW|NL-OV-HL|NL-OV-RA|NL-OV-BO|NL-DR|NL-FR-HE|NL-FR-AM|NL-OV-KA|NL-DR-TY|NL-FL|NL-FL-LE|NL-NH-HA|NL-NH-ME|NL-OV-HD|NL-NH-PU|NL-NH-WO|NL-OV-DA|NL-NH-SN|NL-DR-HO|NL-NH-HK|NL-OV-OZ|NL-NH-OA|NL-FR-SM|NL-OV-TW|NL-OV-EN|NL-OV-SH|NL-NH-AA|NL-OV-HK|NL-NH-BG|NL-GR-OL|NL-GR-WV|NL-OV-SW|NL-FR-VL|NL-FR-TE|NL-FR|NL-FR-SC|NL-NH-HU|NL-NH-HI|NL-UT|NL-FR-DF|NL-NH-EV|NL-OV-DV|NL-GR-ST|NL-NH-LM|NL-NH-HS|NL-NH-WI|NL-NH-OP|NL-NH-KO|NL-FR-WE|NL-NH|NL-GR-GR|NL-FR-AC|NL-ZH|NL-NH-BV,NL-NO,,a8ad7f5d-75e6-4655-8406-092eac23295b
school_holiday,NL,Netherlands (the),Summer Holidays,2025-07-19,2025-08-31,False,,NL-GE-NI|NL-ZH-GR|NL-ZH-WE|NL-UT-AF|NL-UT-MO|NL-UT-RH|NL-ZH-GC|NL-ZH-VD|NL-ZH-RT|NL-ZH-ZW|NL-ZH-KA|NL-GE-HR|NL-UT-BA|NL-UT-ZE|NL-GE-HW|NL-UT-HO|NL-GE-LO|NL-UT-NI|NL-ZH-VS|NL-ZH-DE|NL-ZH-HG|NL-ZH-MS|NL-GE-CU|NL-ZH-LA|NL-ZH-RK|NL-GE-PU|NL-UT-LD|NL-GE-VS|NL-ZH-NI|NL-GE-MO|NL-ZH-DH|NL-UT-OU|NL-GE-ZU|NL-UT-UT|NL-FL-ZE|NL-GE-AP|NL-GE-ER|NL-UT-DV|NL-GE-SC|NL-ZH-CI|NL-ZH-DO|NL-UT-UH|NL-ZH-WS|NL-ZH-PI|NL-UT-WD|NL-GE-OL|NL-GE-AA|NL-ZH-KB|NL-UT-IJ|NL-ZH-AS|NL-ZH-VZ|NL-GE-DT|NL-GE|NL-UT-RE|NL-ZH-LS|NL-ZE-OO|NL-ZH-LD|NL-GE-BH|NL-ZH-SM|NL-GE-NB|NL-FL|NL-ZH-BA|NL-ZH-NK|NL-GE-BU|NL-UT-WR|NL-ZH-AR|NL-ZH-HI|NL-UT-DB|NL-ZH-SL|NL-UT-LP|NL-GE-WB|NL-ZH-ZD|NL-ZH-ZU|NL-ZH-RJ|NL-ZH-TE|NL-ZH-GO|NL-UT-SO|NL-UT-WB|NL-GE-BA|NL-ZH-MD|NL-ZH-HL|NL-ZH-BG|NL-GE-WG|NL-NB-AL|NL-ZH-WX|NL-GE-BR|NL-UT-BS|NL-ZH-MO|NL-UT-BK|NL-ZH-PA|NL-GE-WW|NL-ZH-LE|NL-UT-VE|NL-UT|NL-GE-EP|NL-GE-ED|NL-ZH-NW|NL-GE-NU|NL-ZH-AW|NL-GE-OI|NL-ZH-KR|NL-ZH-ZR|NL-UT-VI|NL-GE-EL|NL-ZH-OE|NL-NB|NL-GE-BL|NL-ZH-KI|NL-ZH-HW|NL-UT-SV|NL-ZH|NL-ZH-LP,NL-MI,,4aec1338-24b0-4d80-ab83-a6ab0d26d7dd
school_holiday,NL,Netherlands (the),Autumn Holidays,2025-10-11,2025-10-19,False,,NL-GE-LW|NL-NI-LE|NL-NB-VU|NL-NB-AC|NL-NB-RD|NL-ZE-MI|NL-NB-DE|NL-GE-ZV|NL-NB-VH|NL-NB-MI|NL-NB-LB|NL-NB-OR|NL-LI-ST|NL-ZE-GO|NL-ZE-NB|NL-LI-SG|NL-LI-BS|NL-NB-BG|NL-LI-SI|NL-ZE-VL|NL-GE-TI|NL-NB-MO|NL-NB-GE|NL-LI|NL-LI-KR|NL-NB-AS|NL-GE-DU|NL-LI-BR|NL-NB-ST|NL-NI-MA|NL-NB-LC|NL-GE-DR|NL-NB-WR|NL-NB-LZ|NL-GE-MO|NL-NB-GD|NL-NB-BO|NL-ZE-HU|NL-GE-WM|NL-NB-BH|NL-NB-RU|NL-GE-ZA|NL-NB-OS|NL-NB-DO|NL-GE-AR|NL-NB-HI|NL-GE-BE|NL-NB-HB|NL-LI-HM|NL-LI-VL|NL-NI-PM|NL-NB-CR|NL-LI-RD|NL-NB-SR|NL-ZE-KA|NL-NB-GO|NL-NB-VA|NL-NB-HS|NL-GE|NL-LI-EI|NL-NB-SB|NL-LI-BE|NL-LI-LA|NL-GE-WV|NL-NB-SH|NL-NB-GR|NL-LI-EC|NL-NB-GB|NL-NB-EE|NL-GE-OV|NL-GE-MA|NL-GE-NB|NL-NB-BN|NL-NB-BL|NL-NB-HL|NL-GE-RE|NL-LI-MA|NL-LI-WE|NL-NB-BS|NL-ZE|NL-ZE-SD|NL-GE-NM|NL-GE-BD|NL-NB-SM|NL-NB-RO|NL-ZH-RZ|NL-LI-HR|NL-GE-RH|NL-NB-EL|NL-LI-NE|NL-ZE-TE|NL-ZE-VE|NL-NB-NG|NL-LI-BG|NL-LI-GW|NL-NB-OW|NL-ZE-BO|NL-GE-DB|NL-ZE-SA|NL-LI-VG|NL-NB-EI|NL-LI-BK|NL-ZE-RE|NL-LI-RM|NL-NB-BR|NL-NB-OO|NL-NB-AL|NL-NB-MH|NL-ZE-TH|NL-NB-HM|NL-LI-MM|NL-LI-VA|NL-LI-VO|NL-NB-DR|NL-NB-BZ|NL-NB-WW|NL-NB-TI|NL-NB-WD|NL-GE-WC|NL-NB|NL-GE-HM|NL-LI-VR|NL-LI-GE|NL-LI-MS|NL-NB-ZU|NL-NB-BT|NL-ZH,NL-ZU,,f895d57d-fa51-4c31-90fd-97fd55d5bbd4
school_holiday,NL,Netherlands (the),Autumn Holidays,2025-10-18,2025-10-26,False,,NL-FR-OP|NL-FR-TI|NL-DR-DW|NL-NH-GO|NL-GR-HH|NL-FR-DA|NL-FR-HA|NL-FR-OO|NL-OV-OT|NL-FL-UR|NL-OV-AL|NL-GR-PE|NL-NH-UH|NL-DR-CO|NL-NH-WA|NL-OV-TU|NL-FR-SF|NL-NH-OO|NL-NH-ZS|NL-DR-BO|NL-NH-TE|NL-NH-ZD|NL-UT-EE|NL-NH-DI|NL-GR-VE|NL-DR-EM|NL-NH-UG|NL-NH-HL|NL-FR-WA|NL-GR|NL-NH-AD|NL-OV-HT|NL-FL-NO|NL-GE-HT|NL-OV-ZW|NL-NH-EN|NL-NH-LR|NL-NH-HT|NL-NH-HO|NL-OV-RI|NL-FL-AL|NL-DR-WE|NL-NH-AV|NL-NH-BL|NL-NH-CA|NL-GR-WK|NL-NH-DR|NL-NH-DW|NL-DR-MD|NL-NH-VL|NL-UT-DV|NL-FR-NF|NL-NH-BC|NL-GR-EE|NL-FL-DR|NL-DR-AH|NL-OV-DI|NL-OV-ZL|NL-OV-HN|NL-ZH-AK|NL-OV-OM|NL-GR-MG|NL-NH-DH|NL-NH-HE|NL-OV-WI|NL-NH-SB|NL-DR-NO|NL-OV-LO|NL-OV|NL-DR-AS|NL-GE|NL-DR-ME|NL-FR-LW|NL-OV-HL|NL-OV-RA|NL-OV-BO|NL-DR|NL-FR-HE|NL-FR-AM|NL-OV-KA|NL-DR-TY|NL-FL|NL-FL-LE|NL-NH-HA|NL-NH-ME|NL-OV-HD|NL-NH-PU|NL-NH-WO|NL-OV-DA|NL-NH-SN|NL-DR-HO|NL-NH-HK|NL-OV-OZ|NL-NH-OA|NL-FR-SM|NL-OV-TW|NL-OV-EN|NL-OV-SH|NL-NH-AA|NL-OV-HK|NL-NH-BG|NL-GR-OL|NL-GR-WV|NL-OV-SW|NL-FR-VL|NL-FR-TE|NL-FR|NL-FR-SC|NL-NH-HU|NL-NH-HI|NL-UT|NL-FR-DF|NL-NH-EV|NL-OV-DV|NL-GR-ST|NL-NH-LM|NL-NH-HS|NL-NH-WI|NL-NH-OP|NL-NH-KO|NL-FR-WE|NL-NH|NL-GR-GR|NL-FR-AC|NL-ZH|NL-NH-BV,NL-NO|NL-MI,,0f047096-e247-481e-9c03-dd044a0dd90e
school_holiday,NL,Netherlands (the),Christmas Holidays,2025-12-20,2026-01-04,False,,NL-FR-OP|NL-FR-TI|NL-DR-DW|NL-NH-GO|NL-GR-HH|NL-FR-DA|NL-FR-HA|NL-FR-OO|NL-OV-OT|NL-FL-UR|NL-OV-AL|NL-GR-PE|NL-NH-UH|NL-DR-CO|NL-NH-WA|NL-OV-TU|NL-FR-SF|NL-NH-OO|NL-NH-ZS|NL-DR-BO|NL-NH-TE|NL-NH-ZD|NL-UT-EE|NL-NH-DI|NL-GR-VE|NL-DR-EM|NL-NH-UG|NL-NH-HL|NL-FR-WA|NL-GR|NL-NH-AD|NL-OV-HT|NL-FL-NO|NL-GE-HT|NL-OV-ZW|NL-NH-EN|NL-NH-LR|NL-NH-HT|NL-NH-HO|NL-OV-RI|NL-FL-AL|NL-DR-WE|NL-NH-AV|NL-NH-BL|NL-NH-CA|NL-GR-WK|NL-NH-DR|NL-NH-DW|NL-DR-MD|NL-NH-VL|NL-UT-DV|NL-FR-NF|NL-NH-BC|NL-GR-EE|NL-FL-DR|NL-DR-AH|NL-OV-DI|NL-OV-ZL|NL-OV-HN|NL-ZH-AK|NL-OV-OM|NL-GR-MG|NL-NH-DH|NL-NH-HE|NL-OV-WI|NL-NH-SB|NL-DR-NO|NL-OV-LO|NL-OV|NL-DR-AS|NL-GE|NL-DR-ME|NL-FR-LW|NL-OV-HL|NL-OV-RA|NL-OV-BO|NL-DR|NL-FR-HE|NL-FR-AM|NL-OV-KA|NL-DR-TY|NL-FL|NL-FL-LE|NL-NH-HA|NL-NH-ME|NL-OV-HD|NL-NH-PU|NL-NH-WO|NL-OV-DA|NL-NH-SN|NL-DR-HO|NL-NH-HK|NL-OV-OZ|NL-NH-OA|NL-FR-SM|NL-OV-TW|NL-OV-EN|NL-OV-SH|NL-NH-AA|NL-OV-HK|NL-NH-BG|NL-GR-OL|NL-GR-WV|NL-OV-SW|NL-FR-VL|NL-FR-TE|NL-FR|NL-FR-SC|NL-NH-HU|NL-NH-HI|NL-UT|NL-FR-DF|NL-NH-EV|NL-OV-DV|NL-GR-ST|NL-NH-LM|NL-NH-HS|NL-NH-WI|NL-NH-OP|NL-NH-KO|NL-FR-WE|NL-NH|NL-GR-GR|NL-FR-AC|NL-ZH|NL-NH-BV,NL-NO|NL-MI|NL-ZU,,192cca91-2099-4563-96ee-eefbe54e9428
public_holiday,NL,Netherlands (the),New Year’s Day,2026-01-01,2026-01-01,True,,,,,2589bbf4-6229-4bd1-b176-0db59687ec5b
public_holiday,NL,Netherlands (the),Good Friday,2026-04-03,2026-04-03,True,,,,,7202ffee-b1a6-4d89-8f62-033fdfba9be9
public_holiday,NL,Netherlands (the),Easter Sunday,2026-04-05,2026-04-05,True,,,,,dcb87ceb-ce81-4ea6-81ab-d0545281bd1e
public_holiday,NL,Netherlands (the),Easter Monday,2026-04-06,2026-04-06,True,,,,,26d020f7-d02c-470c-9f8b-c71c791df54e
public_holiday,NL,Netherlands (the),King’s Day,2026-04-27,2026-04-27,True,,,,,d53575fc-9aab-4487-8e26-f4ed1d709835
public_holiday,NL,Netherlands (the),Liberation Day,2026-05-05,2026-05-05,True,,,,,abeb6b62-fec1-4fb6-bc0a-9d9984fa49bf
public_holiday,NL,Netherlands (the),Ascension Day,2026-05-14,2026-05-14,True,,,,,8fd30ad8-b350-4b95-9a10-330895b3fd9e
public_holiday,NL,Netherlands (the),Whit Sunday,2026-05-24,2026-05-24,True,,,,,1eba1ba6-e261-4c4e-9845-6c5e3992a257
public_holiday,NL,Netherlands (the),Whit Monday,2026-05-25,2026-05-25,True,,,,,4ff852e9-0049-4854-91e9-0f92a9afd2a7
public_holiday,NL,Netherlands (the),Christmas Day,2026-12-25,2026-12-25,True,,,,,c913ea3b-34db-422e-855b-f27103db33b9
public_holiday,NL,Netherlands (the),Boxing Day,2026-12-26,2026-12-26,True,,,,,d441c52b-2bcf-45c5-8dd2-8cae41a3f1e3
public_holiday,NL,Netherlands (the),New Year’s Day,2027-01-01,2027-01-01,True,,,,,b3c06df6-fad9-47b4-8544-45c41768dd74
public_holiday,NL,Netherlands (the),Good Friday,2027-03-26,2027-03-26,True,,,,,3dada72a-a782-46f8-be56-c1610c0f44fe
public_holiday,NL,Netherlands (the),Easter Sunday,2027-03-28,2027-03-28,True,,,,,c4a85241-6480-4396-8139-838fd7802f0c
public_holiday,NL,Netherlands (the),Easter Monday,2027-03-29,2027-03-29,True,,,,,b7260752-ba7d-4363-ae15-a9bd11faad6e
public_holiday,NL,Netherlands (the),King’s Day,2027-04-27,2027-04-27,True,,,,,cff564a0-d983-4e8c-a650-b890b6ac82e8
public_holiday,NL,Netherlands (the),Liberation Day,2027-05-05,2027-05-05,True,,,,,a1b0dcc3-0890-47ae-ba1c-a4c180b6aeb6
public_holiday,NL,Netherlands (the),Ascension Day,2027-05-06,2027-05-06,True,,,,,4157ef36-e853-4795-ac3f-1744bd653896
public_holiday,NL,Netherlands (the),Whit Sunday,2027-05-16,2027-05-16,True,,,,,7054dace-db3d-4383-b15d-a976cf062c45
public_holiday,NL,Netherlands (the),Whit Monday,2027-05-17,2027-05-17,True,,,,,4f7e0c37-d587-484f-990b-87d691e863aa
public_holiday,NL,Netherlands (the),Christmas Day,2027-12-25,2027-12-25,True,,,,,b0208382-1f93-48c8-80fa-128895c70dae
public_holiday,NL,Netherlands (the),Boxing Day,2027-12-26,2027-12-26,True,,,,,88b5ffb8-7e86-43b6-aebf-0cc7b87a4f03
school_holiday,NL,Netherlands (the),Spring Holidays,2026-02-14,2026-02-22,False,,NL-GE-NI|NL-ZH-GR|NL-ZH-WE|NL-UT-AF|NL-UT-MO|NL-UT-RH|NL-ZH-GC|NL-ZH-VD|NL-ZH-RT|NL-ZH-ZW|NL-ZH-KA|NL-GE-HR|NL-UT-BA|NL-UT-ZE|NL-GE-HW|NL-UT-HO|NL-GE-LO|NL-UT-NI|NL-ZH-VS|NL-ZH-DE|NL-ZH-HG|NL-ZH-MS|NL-GE-CU|NL-ZH-LA|NL-ZH-RK|NL-GE-PU|NL-UT-LD|NL-GE-VS|NL-ZH-NI|NL-GE-MO|NL-ZH-DH|NL-UT-OU|NL-GE-ZU|NL-UT-UT|NL-FL-ZE|NL-GE-AP|NL-GE-ER|NL-UT-DV|NL-GE-SC|NL-ZH-CI|NL-ZH-DO|NL-UT-UH|NL-ZH-WS|NL-ZH-PI|NL-UT-WD|NL-GE-OL|NL-GE-AA|NL-ZH-KB|NL-UT-IJ|NL-ZH-AS|NL-ZH-VZ|NL-GE-DT|NL-GE|NL-UT-RE|NL-ZH-LS|NL-ZE-OO|NL-ZH-LD|NL-GE-BH|NL-ZH-SM|NL-GE-NB|NL-FL|NL-ZH-BA|NL-ZH-NK|NL-GE-BU|NL-UT-WR|NL-ZH-AR|NL-ZH-HI|NL-UT-DB|NL-ZH-SL|NL-UT-LP|NL-GE-WB|NL-ZH-ZD|NL-ZH-ZU|NL-ZH-RJ|NL-ZH-TE|NL-ZH-GO|NL-UT-SO|NL-UT-WB|NL-GE-BA|NL-ZH-MD|NL-ZH-HL|NL-ZH-BG|NL-GE-WG|NL-NB-AL|NL-ZH-WX|NL-GE-BR|NL-UT-BS|NL-ZH-MO|NL-UT-BK|NL-ZH-PA|NL-GE-WW|NL-ZH-LE|NL-UT-VE|NL-UT|NL-GE-EP|NL-GE-ED|NL-ZH-NW|NL-GE-NU|NL-ZH-AW|NL-GE-OI|NL-ZH-KR|NL-ZH-ZR|NL-UT-VI|NL-GE-EL|NL-ZH-OE|NL-NB|NL-GE-BL|NL-ZH-KI|NL-ZH-HW|NL-UT-SV|NL-ZH|NL-ZH-LP,NL-MI|NL-ZU,,04ccc95b-54db-41a3-aeaa-4b4be18041f7
school_holiday,NL,Netherlands (the),Spring Holidays,2026-02-21,2026-03-01,False,,NL-FR-OP|NL-FR-TI|NL-DR-DW|NL-NH-GO|NL-GR-HH|NL-FR-DA|NL-FR-HA|NL-FR-OO|NL-OV-OT|NL-FL-UR|NL-OV-AL|NL-GR-PE|NL-NH-UH|NL-DR-CO|NL-NH-WA|NL-OV-TU|NL-FR-SF|NL-NH-OO|NL-NH-ZS|NL-DR-BO|NL-NH-TE|NL-NH-ZD|NL-UT-EE|NL-NH-DI|NL-GR-VE|NL-DR-EM|NL-NH-UG|NL-NH-HL|NL-FR-WA|NL-GR|NL-NH-AD|NL-OV-HT|NL-FL-NO|NL-GE-HT|NL-OV-ZW|NL-NH-EN|NL-NH-LR|NL-NH-HT|NL-NH-HO|NL-OV-RI|NL-FL-AL|NL-DR-WE|NL-NH-AV|NL-NH-BL|NL-NH-CA|NL-GR-WK|NL-NH-DR|NL-NH-DW|NL-DR-MD|NL-NH-VL|NL-UT-DV|NL-FR-NF|NL-NH-BC|NL-GR-EE|NL-FL-DR|NL-DR-AH|NL-OV-DI|NL-OV-ZL|NL-OV-HN|NL-ZH-AK|NL-OV-OM|NL-GR-MG|NL-NH-DH|NL-NH-HE|NL-OV-WI|NL-NH-SB|NL-DR-NO|NL-OV-LO|NL-OV|NL-DR-AS|NL-GE|NL-DR-ME|NL-FR-LW|NL-OV-HL|NL-OV-RA|NL-OV-BO|NL-DR|NL-FR-HE|NL-FR-AM|NL-OV-KA|NL-DR-TY|NL-FL|NL-FL-LE|NL-NH-HA|NL-NH-ME|NL-OV-HD|NL-NH-PU|NL-NH-WO|NL-OV-DA|NL-NH-SN|NL-DR-HO|NL-NH-HK|NL-OV-OZ|NL-NH-OA|NL-FR-SM|NL-OV-TW|NL-OV-EN|NL-OV-SH|NL-NH-AA|NL-OV-HK|NL-NH-BG|NL-GR-OL|NL-GR-WV|NL-OV-SW|NL-FR-VL|NL-FR-TE|NL-FR|NL-FR-SC|NL-NH-HU|NL-NH-HI|NL-UT|NL-FR-DF|NL-NH-EV|NL-OV-DV|NL-GR-ST|NL-NH-LM|NL-NH-HS|NL-NH-WI|NL-NH-OP|NL-NH-KO|NL-FR-WE|NL-NH|NL-GR-GR|NL-FR-AC|NL-ZH|NL-NH-BV,NL-NO,,11fb3ddc-587e-4fb5-8c71-9255048795bb
school_holiday,NL,Netherlands (the),May Holidays,2026-04-25,2026-05-03,False,,NL-FR-OP|NL-FR-TI|NL-DR-DW|NL-NH-GO|NL-GR-HH|NL-FR-DA|NL-FR-HA|NL-FR-OO|NL-OV-OT|NL-FL-UR|NL-OV-AL|NL-GR-PE|NL-NH-UH|NL-DR-CO|NL-NH-WA|NL-OV-TU|NL-FR-SF|NL-NH-OO|NL-NH-ZS|NL-DR-BO|NL-NH-TE|NL-NH-ZD|NL-UT-EE|NL-NH-DI|NL-GR-VE|NL-DR-EM|NL-NH-UG|NL-NH-HL|NL-FR-WA|NL-GR|NL-NH-AD|NL-OV-HT|NL-FL-NO|NL-GE-HT|NL-OV-ZW|NL-NH-EN|NL-NH-LR|NL-NH-HT|NL-NH-HO|NL-OV-RI|NL-FL-AL|NL-DR-WE|NL-NH-AV|NL-NH-BL|NL-NH-CA|NL-GR-WK|NL-NH-DR|NL-NH-DW|NL-DR-MD|NL-NH-VL|NL-UT-DV|NL-FR-NF|NL-NH-BC|NL-GR-EE|NL-FL-DR|NL-DR-AH|NL-OV-DI|NL-OV-ZL|NL-OV-HN|NL-ZH-AK|NL-OV-OM|NL-GR-MG|NL-NH-DH|NL-NH-HE|NL-OV-WI|NL-NH-SB|NL-DR-NO|NL-OV-LO|NL-OV|NL-DR-AS|NL-GE|NL-DR-ME|NL-FR-LW|NL-OV-HL|NL-OV-RA|NL-OV-BO|NL-DR|NL-FR-HE|NL-FR-AM|NL-OV-KA|NL-DR-TY|NL-FL|NL-FL-LE|NL-NH-HA|NL-NH-ME|NL-OV-HD|NL-NH-PU|NL-NH-WO|NL-OV-DA|NL-NH-SN|NL-DR-HO|NL-NH-HK|NL-OV-OZ|NL-NH-OA|NL-FR-SM|NL-OV-TW|NL-OV-EN|NL-OV-SH|NL-NH-AA|NL-OV-HK|NL-NH-BG|NL-GR-OL|NL-GR-WV|NL-OV-SW|NL-FR-VL|NL-FR-TE|NL-FR|NL-FR-SC|NL-NH-HU|NL-NH-HI|NL-UT|NL-FR-DF|NL-NH-EV|NL-OV-DV|NL-GR-ST|NL-NH-LM|NL-NH-HS|NL-NH-WI|NL-NH-OP|NL-NH-KO|NL-FR-WE|NL-NH|NL-GR-GR|NL-FR-AC|NL-ZH|NL-NH-BV,NL-NO|NL-MI|NL-ZU,,d73a5a32-6f82-41d7-b222-7e9c578d4e46
school_holiday,NL,Netherlands (the),Summer Holidays,2026-07-04,2026-08-16,False,,NL-FR-OP|NL-FR-TI|NL-DR-DW|NL-NH-GO|NL-GR-HH|NL-FR-DA|NL-FR-HA|NL-FR-OO|NL-OV-OT|NL-FL-UR|NL-OV-AL|NL-GR-PE|NL-NH-UH|NL-DR-CO|NL-NH-WA|NL-OV-TU|NL-FR-SF|NL-NH-OO|NL-NH-ZS|NL-DR-BO|NL-NH-TE|NL-NH-ZD|NL-UT-EE|NL-NH-DI|NL-GR-VE|NL-DR-EM|NL-NH-UG|NL-NH-HL|NL-FR-WA|NL-GR|NL-NH-AD|NL-OV-HT|NL-FL-NO|NL-GE-HT|NL-OV-ZW|NL-NH-EN|NL-NH-LR|NL-NH-HT|NL-NH-HO|NL-OV-RI|NL-FL-AL|NL-DR-WE|NL-NH-AV|NL-NH-BL|NL-NH-CA|NL-GR-WK|NL-NH-DR|NL-NH-DW|NL-DR-MD|NL-NH-VL|NL-UT-DV|NL-FR-NF|NL-NH-BC|NL-GR-EE|NL-FL-DR|NL-DR-AH|NL-OV-DI|NL-OV-ZL|NL-OV-HN|NL-ZH-AK|NL-OV-OM|NL-GR-MG|NL-NH-DH|NL-NH-HE|NL-OV-WI|NL-NH-SB|NL-DR-NO|NL-OV-LO|NL-OV|NL-DR-AS|NL-GE|NL-DR-ME|NL-FR-LW|NL-OV-HL|NL-OV-RA|NL-OV-BO|NL-DR|NL-FR-HE|NL-FR-AM|NL-OV-KA|NL-DR-TY|NL-FL|NL-FL-LE|NL-NH-HA|NL-NH-ME|NL-OV-HD|NL-NH-PU|NL-NH-WO|NL-OV-DA|NL-NH-SN|NL-DR-HO|NL-NH-HK|NL-OV-OZ|NL-NH-OA|NL-FR-SM|NL-OV-TW|NL-OV-EN|NL-OV-SH|NL-NH-AA|NL-OV-HK|NL-NH-BG|NL-GR-OL|NL-GR-WV|NL-OV-SW|NL-FR-VL|NL-FR-TE|NL-FR|NL-FR-SC|NL-NH-HU|NL-NH-HI|NL-UT|NL-FR-DF|NL-NH-EV|NL-OV-DV|NL-GR-ST|NL-NH-LM|NL-NH-HS|NL-NH-WI|NL-NH-OP|NL-NH-KO|NL-FR-WE|NL-NH|NL-GR-GR|NL-FR-AC|NL-ZH|NL-NH-BV,NL-NO,,f9b4ce28-70bf-4e53-afa7-1d42a71a4dd8
school_holiday,NL,Netherlands (the),Summer Holidays,2026-07-11,2026-08-23,False,,NL-GE-LW|NL-NI-LE|NL-NB-VU|NL-NB-AC|NL-NB-RD|NL-ZE-MI|NL-NB-DE|NL-GE-ZV|NL-NB-VH|NL-NB-MI|NL-NB-LB|NL-NB-OR|NL-LI-ST|NL-ZE-GO|NL-ZE-NB|NL-LI-SG|NL-LI-BS|NL-NB-BG|NL-LI-SI|NL-ZE-VL|NL-GE-TI|NL-NB-MO|NL-NB-GE|NL-LI|NL-LI-KR|NL-NB-AS|NL-GE-DU|NL-LI-BR|NL-NB-ST|NL-NI-MA|NL-NB-LC|NL-GE-DR|NL-NB-WR|NL-NB-LZ|NL-GE-MO|NL-NB-GD|NL-NB-BO|NL-ZE-HU|NL-GE-WM|NL-NB-BH|NL-NB-RU|NL-GE-ZA|NL-NB-OS|NL-NB-DO|NL-GE-AR|NL-NB-HI|NL-GE-BE|NL-NB-HB|NL-LI-HM|NL-LI-VL|NL-NI-PM|NL-NB-CR|NL-LI-RD|NL-NB-SR|NL-ZE-KA|NL-NB-GO|NL-NB-VA|NL-NB-HS|NL-GE|NL-LI-EI|NL-NB-SB|NL-LI-BE|NL-LI-LA|NL-GE-WV|NL-NB-SH|NL-NB-GR|NL-LI-EC|NL-NB-GB|NL-NB-EE|NL-GE-OV|NL-GE-MA|NL-GE-NB|NL-NB-BN|NL-NB-BL|NL-NB-HL|NL-GE-RE|NL-LI-MA|NL-LI-WE|NL-NB-BS|NL-ZE|NL-ZE-SD|NL-GE-NM|NL-GE-BD|NL-NB-SM|NL-NB-RO|NL-ZH-RZ|NL-LI-HR|NL-GE-RH|NL-NB-EL|NL-LI-NE|NL-ZE-TE|NL-ZE-VE|NL-NB-NG|NL-LI-BG|NL-LI-GW|NL-NB-OW|NL-ZE-BO|NL-GE-DB|NL-ZE-SA|NL-LI-VG|NL-NB-EI|NL-LI-BK|NL-ZE-RE|NL-LI-RM|NL-NB-BR|NL-NB-OO|NL-NB-AL|NL-NB-MH|NL-ZE-TH|NL-NB-HM|NL-LI-MM|NL-LI-VA|NL-LI-VO|NL-NB-DR|NL-NB-BZ|NL-NB-WW|NL-NB-TI|NL-NB-WD|NL-GE-WC|NL-NB|NL-GE-HM|NL-LI-VR|NL-LI-GE|NL-LI-MS|NL-NB-ZU|NL-NB-BT|NL-ZH,NL-ZU,,80baa229-d097-4c68-95b4-c932f8ecce2f
school_holiday,NL,Netherlands (the),Summer Holidays,2026-07-18,2026-08-30,False,,NL-GE-NI|NL-ZH-GR|NL-ZH-WE|NL-UT-AF|NL-UT-MO|NL-UT-RH|NL-ZH-GC|NL-ZH-VD|NL-ZH-RT|NL-ZH-ZW|NL-ZH-KA|NL-GE-HR|NL-UT-BA|NL-UT-ZE|NL-GE-HW|NL-UT-HO|NL-GE-LO|NL-UT-NI|NL-ZH-VS|NL-ZH-DE|NL-ZH-HG|NL-ZH-MS|NL-GE-CU|NL-ZH-LA|NL-ZH-RK|NL-GE-PU|NL-UT-LD|NL-GE-VS|NL-ZH-NI|NL-GE-MO|NL-ZH-DH|NL-UT-OU|NL-GE-ZU|NL-UT-UT|NL-FL-ZE|NL-GE-AP|NL-GE-ER|NL-UT-DV|NL-GE-SC|NL-ZH-CI|NL-ZH-DO|NL-UT-UH|NL-ZH-WS|NL-ZH-PI|NL-UT-WD|NL-GE-OL|NL-GE-AA|NL-ZH-KB|NL-UT-IJ|NL-ZH-AS|NL-ZH-VZ|NL-GE-DT|NL-GE|NL-UT-RE|NL-ZH-LS|NL-ZE-OO|NL-ZH-LD|NL-GE-BH|NL-ZH-SM|NL-GE-NB|NL-FL|NL-ZH-BA|NL-ZH-NK|NL-GE-BU|NL-UT-WR|NL-ZH-AR|NL-ZH-HI|NL-UT-DB|NL-ZH-SL|NL-UT-LP|NL-GE-WB|NL-ZH-ZD|NL-ZH-ZU|NL-ZH-RJ|NL-ZH-TE|NL-ZH-GO|NL-UT-SO|NL-UT-WB|NL-GE-BA|NL-ZH-MD|NL-ZH-HL|NL-ZH-BG|NL-GE-WG|NL-NB-AL|NL-ZH-WX|NL-GE-BR|NL-UT-BS|NL-ZH-MO|NL-UT-BK|NL-ZH-PA|NL-GE-WW|NL-ZH-LE|NL-UT-VE|NL-UT|NL-GE-EP|NL-GE-ED|NL-ZH-NW|NL-GE-NU|NL-ZH-AW|NL-GE-OI|NL-ZH-KR|NL-ZH-ZR|NL-UT-VI|NL-GE-EL|NL-ZH-OE|NL-NB|NL-GE-BL|NL-ZH-KI|NL-ZH-HW|NL-UT-SV|NL-ZH|NL-ZH-LP,NL-MI,,7c4083af-4274-405f-ba15-f556d95732d1
school_holiday,NL,Netherlands (the),Autumn Holidays,2026-10-10,2026-10-18,False,,NL-FR-OP|NL-FR-TI|NL-DR-DW|NL-NH-GO|NL-GR-HH|NL-FR-DA|NL-FR-HA|NL-FR-OO|NL-OV-OT|NL-FL-UR|NL-OV-AL|NL-GR-PE|NL-NH-UH|NL-DR-CO|NL-NH-WA|NL-OV-TU|NL-FR-SF|NL-NH-OO|NL-NH-ZS|NL-DR-BO|NL-NH-TE|NL-NH-ZD|NL-UT-EE|NL-NH-DI|NL-GR-VE|NL-DR-EM|NL-NH-UG|NL-NH-HL|NL-FR-WA|NL-GR|NL-NH-AD|NL-OV-HT|NL-FL-NO|NL-GE-HT|NL-OV-ZW|NL-NH-EN|NL-NH-LR|NL-NH-HT|NL-NH-HO|NL-OV-RI|NL-FL-AL|NL-DR-WE|NL-NH-AV|NL-NH-BL|NL-NH-CA|NL-GR-WK|NL-NH-DR|NL-NH-DW|NL-DR-MD|NL-NH-VL|NL-UT-DV|NL-FR-NF|NL-NH-BC|NL-GR-EE|NL-FL-DR|NL-DR-AH|NL-OV-DI|NL-OV-ZL|NL-OV-HN|NL-ZH-AK|NL-OV-OM|NL-GR-MG|NL-NH-DH|NL-NH-HE|NL-OV-WI|NL-NH-SB|NL-DR-NO|NL-OV-LO|NL-OV|NL-DR-AS|NL-GE|NL-DR-ME|NL-FR-LW|NL-OV-HL|NL-OV-RA|NL-OV-BO|NL-DR|NL-FR-HE|NL-FR-AM|NL-OV-KA|NL-DR-TY|NL-FL|NL-FL-LE|NL-NH-HA|NL-NH-ME|NL-OV-HD|NL-NH-PU|NL-NH-WO|NL-OV-DA|NL-NH-SN|NL-DR-HO|NL-NH-HK|NL-OV-OZ|NL-NH-OA|NL-FR-SM|NL-OV-TW|NL-OV-EN|NL-OV-SH|NL-NH-AA|NL-OV-HK|NL-NH-BG|NL-GR-OL|NL-GR-WV|NL-OV-SW|NL-FR-VL|NL-FR-TE|NL-FR|NL-FR-SC|NL-NH-HU|NL-NH-HI|NL-UT|NL-FR-DF|NL-NH-EV|NL-OV-DV|NL-GR-ST|NL-NH-LM|NL-NH-HS|NL-NH-WI|NL-NH-OP|NL-NH-KO|NL-FR-WE|NL-NH|NL-GR-GR|NL-FR-AC|NL-ZH|NL-NH-BV,NL-NO,,a7d177bf-abc5-43e5-aa5e-5fb91ed2432a
school_holiday,NL,Netherlands (the),Autumn Holidays,2026-10-17,2026-10-25,False,,NL-GE-NI|NL-ZH-GR|NL-ZH-WE|NL-UT-AF|NL-UT-MO|NL-UT-RH|NL-ZH-GC|NL-ZH-VD|NL-ZH-RT|NL-ZH-ZW|NL-ZH-KA|NL-GE-HR|NL-UT-BA|NL-UT-ZE|NL-GE-HW|NL-UT-HO|NL-GE-LO|NL-UT-NI|NL-ZH-VS|NL-ZH-DE|NL-ZH-HG|NL-ZH-MS|NL-GE-CU|NL-ZH-LA|NL-ZH-RK|NL-GE-PU|NL-UT-LD|NL-GE-VS|NL-ZH-NI|NL-GE-MO|NL-ZH-DH|NL-UT-OU|NL-GE-ZU|NL-UT-UT|NL-FL-ZE|NL-GE-AP|NL-GE-ER|NL-UT-DV|NL-GE-SC|NL-ZH-CI|NL-ZH-DO|NL-UT-UH|NL-ZH-WS|NL-ZH-PI|NL-UT-WD|NL-GE-OL|NL-GE-AA|NL-ZH-KB|NL-UT-IJ|NL-ZH-AS|NL-ZH-VZ|NL-GE-DT|NL-GE|NL-UT-RE|NL-ZH-LS|NL-ZE-OO|NL-ZH-LD|NL-GE-BH|NL-ZH-SM|NL-GE-NB|NL-FL|NL-ZH-BA|NL-ZH-NK|NL-GE-BU|NL-UT-WR|NL-ZH-AR|NL-ZH-HI|NL-UT-DB|NL-ZH-SL|NL-UT-LP|NL-GE-WB|NL-ZH-ZD|NL-ZH-ZU|NL-ZH-RJ|NL-ZH-TE|NL-ZH-GO|NL-UT-SO|NL-UT-WB|NL-GE-BA|NL-ZH-MD|NL-ZH-HL|NL-ZH-BG|NL-GE-WG|NL-NB-AL|NL-ZH-WX|NL-GE-BR|NL-UT-BS|NL-ZH-MO|NL-UT-BK|NL-ZH-PA|NL-GE-WW|NL-ZH-LE|NL-UT-VE|NL-UT|NL-GE-EP|NL-GE-ED|NL-ZH-NW|NL-GE-NU|NL-ZH-AW|NL-GE-OI|NL-ZH-KR|NL-ZH-ZR|NL-UT-VI|NL-GE-EL|NL-ZH-OE|NL-NB|NL-GE-BL|NL-ZH-KI|NL-ZH-HW|NL-UT-SV|NL-ZH|NL-ZH-LP,NL-MI|NL-ZU,,9ddc891b-084e-42cc-a88c-985b2433fa0e
school_holiday,NL,Netherlands (the),Christmas Holidays,2026-12-19,2027-01-03,False,,NL-FR-OP|NL-FR-TI|NL-DR-DW|NL-NH-GO|NL-GR-HH|NL-FR-DA|NL-FR-HA|NL-FR-OO|NL-OV-OT|NL-FL-UR|NL-OV-AL|NL-GR-PE|NL-NH-UH|NL-DR-CO|NL-NH-WA|NL-OV-TU|NL-FR-SF|NL-NH-OO|NL-NH-ZS|NL-DR-BO|NL-NH-TE|NL-NH-ZD|NL-UT-EE|NL-NH-DI|NL-GR-VE|NL-DR-EM|NL-NH-UG|NL-NH-HL|NL-FR-WA|NL-GR|NL-NH-AD|NL-OV-HT|NL-FL-NO|NL-GE-HT|NL-OV-ZW|NL-NH-EN|NL-NH-LR|NL-NH-HT|NL-NH-HO|NL-OV-RI|NL-FL-AL|NL-DR-WE|NL-NH-AV|NL-NH-BL|NL-NH-CA|NL-GR-WK|NL-NH-DR|NL-NH-DW|NL-DR-MD|NL-NH-VL|NL-UT-DV|NL-FR-NF|NL-NH-BC|NL-GR-EE|NL-FL-DR|NL-DR-AH|NL-OV-DI|NL-OV-ZL|NL-OV-HN|NL-ZH-AK|NL-OV-OM|NL-GR-MG|NL-NH-DH|NL-NH-HE|NL-OV-WI|NL-NH-SB|NL-DR-NO|NL-OV-LO|NL-OV|NL-DR-AS|NL-GE|NL-DR-ME|NL-FR-LW|NL-OV-HL|NL-OV-RA|NL-OV-BO|NL-DR|NL-FR-HE|NL-FR-AM|NL-OV-KA|NL-DR-TY|NL-FL|NL-FL-LE|NL-NH-HA|NL-NH-ME|NL-OV-HD|NL-NH-PU|NL-NH-WO|NL-OV-DA|NL-NH-SN|NL-DR-HO|NL-NH-HK|NL-OV-OZ|NL-NH-OA|NL-FR-SM|NL-OV-TW|NL-OV-EN|NL-OV-SH|NL-NH-AA|NL-OV-HK|NL-NH-BG|NL-GR-OL|NL-GR-WV|NL-OV-SW|NL-FR-VL|NL-FR-TE|NL-FR|NL-FR-SC|NL-NH-HU|NL-NH-HI|NL-UT|NL-FR-DF|NL-NH-EV|NL-OV-DV|NL-GR-ST|NL-NH-LM|NL-NH-HS|NL-NH-WI|NL-NH-OP|NL-NH-KO|NL-FR-WE|NL-NH|NL-GR-GR|NL-FR-AC|NL-ZH|NL-NH-BV,NL-NO|NL-MI|NL-ZU,,c06080db-2609-4e78-9d86-5658dfc6d405
school_holiday,NL,Netherlands (the),Spring Holidays,2027-02-13,2027-03-21,False,,NL-GE-LW|NL-NI-LE|NL-NB-VU|NL-NB-AC|NL-NB-RD|NL-ZE-MI|NL-NB-DE|NL-GE-ZV|NL-NB-VH|NL-NB-MI|NL-NB-LB|NL-NB-OR|NL-LI-ST|NL-ZE-GO|NL-ZE-NB|NL-LI-SG|NL-LI-BS|NL-NB-BG|NL-LI-SI|NL-ZE-VL|NL-GE-TI|NL-NB-MO|NL-NB-GE|NL-LI|NL-LI-KR|NL-NB-AS|NL-GE-DU|NL-LI-BR|NL-NB-ST|NL-NI-MA|NL-NB-LC|NL-GE-DR|NL-NB-WR|NL-NB-LZ|NL-GE-MO|NL-NB-GD|NL-NB-BO|NL-ZE-HU|NL-GE-WM|NL-NB-BH|NL-NB-RU|NL-GE-ZA|NL-NB-OS|NL-NB-DO|NL-GE-AR|NL-NB-HI|NL-GE-BE|NL-NB-HB|NL-LI-HM|NL-LI-VL|NL-NI-PM|NL-NB-CR|NL-LI-RD|NL-NB-SR|NL-ZE-KA|NL-NB-GO|NL-NB-VA|NL-NB-HS|NL-GE|NL-LI-EI|NL-NB-SB|NL-LI-BE|NL-LI-LA|NL-GE-WV|NL-NB-SH|NL-NB-GR|NL-LI-EC|NL-NB-GB|NL-NB-EE|NL-GE-OV|NL-GE-MA|NL-GE-NB|NL-NB-BN|NL-NB-BL|NL-NB-HL|NL-GE-RE|NL-LI-MA|NL-LI-WE|NL-NB-BS|NL-ZE|NL-ZE-SD|NL-GE-NM|NL-GE-BD|NL-NB-SM|NL-NB-RO|NL-ZH-RZ|NL-LI-HR|NL-GE-RH|NL-NB-EL|NL-LI-NE|NL-ZE-TE|NL-ZE-VE|NL-NB-NG|NL-LI-BG|NL-LI-GW|NL-NB-OW|NL-ZE-BO|NL-GE-DB|NL-ZE-SA|NL-LI-VG|NL-NB-EI|NL-LI-BK|NL-ZE-RE|NL-LI-RM|NL-NB-BR|NL-NB-OO|NL-NB-AL|NL-NB-MH|NL-ZE-TH|NL-NB-HM|NL-LI-MM|NL-LI-VA|NL-LI-VO|NL-NB-DR|NL-NB-BZ|NL-NB-WW|NL-NB-TI|NL-NB-WD|NL-GE-WC|NL-NB|NL-GE-HM|NL-LI-VR|NL-LI-GE|NL-LI-MS|NL-NB-ZU|NL-NB-BT|NL-ZH,NL-ZU,,81b673ef-0296-475d-9632-18389c9fceee
school_holiday,NL,Netherlands (the),Spring Holidays,2027-02-20,2027-02-28,False,,NL-FR-OP|NL-FR-TI|NL-DR-DW|NL-NH-GO|NL-GR-HH|NL-FR-DA|NL-FR-HA|NL-FR-OO|NL-OV-OT|NL-FL-UR|NL-OV-AL|NL-GR-PE|NL-NH-UH|NL-DR-CO|NL-NH-WA|NL-OV-TU|NL-FR-SF|NL-NH-OO|NL-NH-ZS|NL-DR-BO|NL-NH-TE|NL-NH-ZD|NL-UT-EE|NL-NH-DI|NL-GR-VE|NL-DR-EM|NL-NH-UG|NL-NH-HL|NL-FR-WA|NL-GR|NL-NH-AD|NL-OV-HT|NL-FL-NO|NL-GE-HT|NL-OV-ZW|NL-NH-EN|NL-NH-LR|NL-NH-HT|NL-NH-HO|NL-OV-RI|NL-FL-AL|NL-DR-WE|NL-NH-AV|NL-NH-BL|NL-NH-CA|NL-GR-WK|NL-NH-DR|NL-NH-DW|NL-DR-MD|NL-NH-VL|NL-UT-DV|NL-FR-NF|NL-NH-BC|NL-GR-EE|NL-FL-DR|NL-DR-AH|NL-OV-DI|NL-OV-ZL|NL-OV-HN|NL-ZH-AK|NL-OV-OM|NL-GR-MG|NL-NH-DH|NL-NH-HE|NL-OV-WI|NL-NH-SB|NL-DR-NO|NL-OV-LO|NL-OV|NL-DR-AS|NL-GE|NL-DR-ME|NL-FR-LW|NL-OV-HL|NL-OV-RA|NL-OV-BO|NL-DR|NL-FR-HE|NL-FR-AM|NL-OV-KA|NL-DR-TY|NL-FL|NL-FL-LE|NL-NH-HA|NL-NH-ME|NL-OV-HD|NL-NH-PU|NL-NH-WO|NL-OV-DA|NL-NH-SN|NL-DR-HO|NL-NH-HK|NL-OV-OZ|NL-NH-OA|NL-FR-SM|NL-OV-TW|NL-OV-EN|NL-OV-SH|NL-NH-AA|NL-OV-HK|NL-NH-BG|NL-GR-OL|NL-GR-WV|NL-OV-SW|NL-FR-VL|NL-FR-TE|NL-FR|NL-FR-SC|NL-NH-HU|NL-NH-HI|NL-UT|NL-FR-DF|NL-NH-EV|NL-OV-DV|NL-GR-ST|NL-NH-LM|NL-NH-HS|NL-NH-WI|NL-NH-OP|NL-NH-KO|NL-FR-WE|NL-NH|NL-GR-GR|NL-FR-AC|NL-ZH|NL-NH-BV,NL-NO|NL-MI,,fffa3e03-ae92-4db4-b68b-0ee80e3c9880
school_holiday,NL,Netherlands (the),May Holidays,2027-04-24,2027-05-02,False,,NL-FR-OP|NL-FR-TI|NL-DR-DW|NL-NH-GO|NL-GR-HH|NL-FR-DA|NL-FR-HA|NL-FR-OO|NL-OV-OT|NL-FL-UR|NL-OV-AL|NL-GR-PE|NL-NH-UH|NL-DR-CO|NL-NH-WA|NL-OV-TU|NL-FR-SF|NL-NH-OO|NL-NH-ZS|NL-DR-BO|NL-NH-TE|NL-NH-ZD|NL-UT-EE|NL-NH-DI|NL-GR-VE|NL-DR-EM|NL-NH-UG|NL-NH-HL|NL-FR-WA|NL-GR|NL-NH-AD|NL-OV-HT|NL-FL-NO|NL-GE-HT|NL-OV-ZW|NL-NH-EN|NL-NH-LR|NL-NH-HT|NL-NH-HO|NL-OV-RI|NL-FL-AL|NL-DR-WE|NL-NH-AV|NL-NH-BL|NL-NH-CA|NL-GR-WK|NL-NH-DR|NL-NH-DW|NL-DR-MD|NL-NH-VL|NL-UT-DV|NL-FR-NF|NL-NH-BC|NL-GR-EE|NL-FL-DR|NL-DR-AH|NL-OV-DI|NL-OV-ZL|NL-OV-HN|NL-ZH-AK|NL-OV-OM|NL-GR-MG|NL-NH-DH|NL-NH-HE|NL-OV-WI|NL-NH-SB|NL-DR-NO|NL-OV-LO|NL-OV|NL-DR-AS|NL-GE|NL-DR-ME|NL-FR-LW|NL-OV-HL|NL-OV-RA|NL-OV-BO|NL-DR|NL-FR-HE|NL-FR-AM|NL-OV-KA|NL-DR-TY|NL-FL|NL-FL-LE|NL-NH-HA|NL-NH-ME|NL-OV-HD|NL-NH-PU|NL-NH-WO|NL-OV-DA|NL-NH-SN|NL-DR-HO|NL-NH-HK|NL-OV-OZ|NL-NH-OA|NL-FR-SM|NL-OV-TW|NL-OV-EN|NL-OV-SH|NL-NH-AA|NL-OV-HK|NL-NH-BG|NL-GR-OL|NL-GR-WV|NL-OV-SW|NL-FR-VL|NL-FR-TE|NL-FR|NL-FR-SC|NL-NH-HU|NL-NH-HI|NL-UT|NL-FR-DF|NL-NH-EV|NL-OV-DV|NL-GR-ST|NL-NH-LM|NL-NH-HS|NL-NH-WI|NL-NH-OP|NL-NH-KO|NL-FR-WE|NL-NH|NL-GR-GR|NL-FR-AC|NL-ZH|NL-NH-BV,NL-NO|NL-MI|NL-ZU,,abea799a-27d0-4e81-b35b-ca168cb2b590
school_holiday,NL,Netherlands (the),Summer Holidays,2027-07-10,2027-08-22,False,,NL-FR-OP|NL-FR-TI|NL-DR-DW|NL-NH-GO|NL-GR-HH|NL-FR-DA|NL-FR-HA|NL-FR-OO|NL-OV-OT|NL-FL-UR|NL-OV-AL|NL-GR-PE|NL-NH-UH|NL-DR-CO|NL-NH-WA|NL-OV-TU|NL-FR-SF|NL-NH-OO|NL-NH-ZS|NL-DR-BO|NL-NH-TE|NL-NH-ZD|NL-UT-EE|NL-NH-DI|NL-GR-VE|NL-DR-EM|NL-NH-UG|NL-NH-HL|NL-FR-WA|NL-GR|NL-NH-AD|NL-OV-HT|NL-FL-NO|NL-GE-HT|NL-OV-ZW|NL-NH-EN|NL-NH-LR|NL-NH-HT|NL-NH-HO|NL-OV-RI|NL-FL-AL|NL-DR-WE|NL-NH-AV|NL-NH-BL|NL-NH-CA|NL-GR-WK|NL-NH-DR|NL-NH-DW|NL-DR-MD|NL-NH-VL|NL-UT-DV|NL-FR-NF|NL-NH-BC|NL-GR-EE|NL-FL-DR|NL-DR-AH|NL-OV-DI|NL-OV-ZL|NL-OV-HN|NL-ZH-AK|NL-OV-OM|NL-GR-MG|NL-NH-DH|NL-NH-HE|NL-OV-WI|NL-NH-SB|NL-DR-NO|NL-OV-LO|NL-OV|NL-DR-AS|NL-GE|NL-DR-ME|NL-FR-LW|NL-OV-HL|NL-OV-RA|NL-OV-BO|NL-DR|NL-FR-HE|NL-FR-AM|NL-OV-KA|NL-DR-TY|NL-FL|NL-FL-LE|NL-NH-HA|NL-NH-ME|NL-OV-HD|NL-NH-PU|NL-NH-WO|NL-OV-DA|NL-NH-SN|NL-DR-HO|NL-NH-HK|NL-OV-OZ|NL-NH-OA|NL-FR-SM|NL-OV-TW|NL-OV-EN|NL-OV-SH|NL-NH-AA|NL-OV-HK|NL-NH-BG|NL-GR-OL|NL-GR-WV|NL-OV-SW|NL-FR-VL|NL-FR-TE|NL-FR|NL-FR-SC|NL-NH-HU|NL-NH-HI|NL-UT|NL-FR-DF|NL-NH-EV|NL-OV-DV|NL-GR-ST|NL-NH-LM|NL-NH-HS|NL-NH-WI|NL-NH-OP|NL-NH-KO|NL-FR-WE|NL-NH|NL-GR-GR|NL-FR-AC|NL-ZH|NL-NH-BV,NL-NO,,86a433cc-81c0-4877-8604-d5c93ab8a416
school_holiday,NL,Netherlands (the),Summer Holidays,2027-07-17,2027-08-29,False,,NL-GE-NI|NL-ZH-GR|NL-ZH-WE|NL-UT-AF|NL-UT-MO|NL-UT-RH|NL-ZH-GC|NL-ZH-VD|NL-ZH-RT|NL-ZH-ZW|NL-ZH-KA|NL-GE-HR|NL-UT-BA|NL-UT-ZE|NL-GE-HW|NL-UT-HO|NL-GE-LO|NL-UT-NI|NL-ZH-VS|NL-ZH-DE|NL-ZH-HG|NL-ZH-MS|NL-GE-CU|NL-ZH-LA|NL-ZH-RK|NL-GE-PU|NL-UT-LD|NL-GE-VS|NL-ZH-NI|NL-GE-MO|NL-ZH-DH|NL-UT-OU|NL-GE-ZU|NL-UT-UT|NL-FL-ZE|NL-GE-AP|NL-GE-ER|NL-UT-DV|NL-GE-SC|NL-ZH-CI|NL-ZH-DO|NL-UT-UH|NL-ZH-WS|NL-ZH-PI|NL-UT-WD|NL-GE-OL|NL-GE-AA|NL-ZH-KB|NL-UT-IJ|NL-ZH-AS|NL-ZH-VZ|NL-GE-DT|NL-GE|NL-UT-RE|NL-ZH-LS|NL-ZE-OO|NL-ZH-LD|NL-GE-BH|NL-ZH-SM|NL-GE-NB|NL-FL|NL-ZH-BA|NL-ZH-NK|NL-GE-BU|NL-UT-WR|NL-ZH-AR|NL-ZH-HI|NL-UT-DB|NL-ZH-SL|NL-UT-LP|NL-GE-WB|NL-ZH-ZD|NL-ZH-ZU|NL-ZH-RJ|NL-ZH-TE|NL-ZH-GO|NL-UT-SO|NL-UT-WB|NL-GE-BA|NL-ZH-MD|NL-ZH-HL|NL-ZH-BG|NL-GE-WG|NL-NB-AL|NL-ZH-WX|NL-GE-BR|NL-UT-BS|NL-ZH-MO|NL-UT-BK|NL-ZH-PA|NL-GE-WW|NL-ZH-LE|NL-UT-VE|NL-UT|NL-GE-EP|NL-GE-ED|NL-ZH-NW|NL-GE-NU|NL-ZH-AW|NL-GE-OI|NL-ZH-KR|NL-ZH-ZR|NL-UT-VI|NL-GE-EL|NL-ZH-OE|NL-NB|NL-GE-BL|NL-ZH-KI|NL-ZH-HW|NL-UT-SV|NL-ZH|NL-ZH-LP,NL-MI,,7c0440bd-9191-41cb-b053-9caaaa558b18
school_holiday,NL,Netherlands (the),Summer Holidays,2027-07-24,2027-09-05,False,,NL-GE-LW|NL-NI-LE|NL-NB-VU|NL-NB-AC|NL-NB-RD|NL-ZE-MI|NL-NB-DE|NL-GE-ZV|NL-NB-VH|NL-NB-MI|NL-NB-LB|NL-NB-OR|NL-LI-ST|NL-ZE-GO|NL-ZE-NB|NL-LI-SG|NL-LI-BS|NL-NB-BG|NL-LI-SI|NL-ZE-VL|NL-GE-TI|NL-NB-MO|NL-NB-GE|NL-LI|NL-LI-KR|NL-NB-AS|NL-GE-DU|NL-LI-BR|NL-NB-ST|NL-NI-MA|NL-NB-LC|NL-GE-DR|NL-NB-WR|NL-NB-LZ|NL-GE-MO|NL-NB-GD|NL-NB-BO|NL-ZE-HU|NL-GE-WM|NL-NB-BH|NL-NB-RU|NL-GE-ZA|NL-NB-OS|NL-NB-DO|NL-GE-AR|NL-NB-HI|NL-GE-BE|NL-NB-HB|NL-LI-HM|NL-LI-VL|NL-NI-PM|NL-NB-CR|NL-LI-RD|NL-NB-SR|NL-ZE-KA|NL-NB-GO|NL-NB-VA|NL-NB-HS|NL-GE|NL-LI-EI|NL-NB-SB|NL-LI-BE|NL-LI-LA|NL-GE-WV|NL-NB-SH|NL-NB-GR|NL-LI-EC|NL-NB-GB|NL-NB-EE|NL-GE-OV|NL-GE-MA|NL-GE-NB|NL-NB-BN|NL-NB-BL|NL-NB-HL|NL-GE-RE|NL-LI-MA|NL-LI-WE|NL-NB-BS|NL-ZE|NL-ZE-SD|NL-GE-NM|NL-GE-BD|NL-NB-SM|NL-NB-RO|NL-ZH-RZ|NL-LI-HR|NL-GE-RH|NL-NB-EL|NL-LI-NE|NL-ZE-TE|NL-ZE-VE|NL-NB-NG|NL-LI-BG|NL-LI-GW|NL-NB-OW|NL-ZE-BO|NL-GE-DB|NL-ZE-SA|NL-LI-VG|NL-NB-EI|NL-LI-BK|NL-ZE-RE|NL-LI-RM|NL-NB-BR|NL-NB-OO|NL-NB-AL|NL-NB-MH|NL-ZE-TH|NL-NB-HM|NL-LI-MM|NL-LI-VA|NL-LI-VO|NL-NB-DR|NL-NB-BZ|NL-NB-WW|NL-NB-TI|NL-NB-WD|NL-GE-WC|NL-NB|NL-GE-HM|NL-LI-VR|NL-LI-GE|NL-LI-MS|NL-NB-ZU|NL-NB-BT|NL-ZH,NL-ZU,,c684fe5d-ef80-4ef7-b758-3aa41c75e392
school_holiday,NL,Netherlands (the),Autumn Holidays,2027-10-16,2027-10-24,False,,NL-FR-OP|NL-FR-TI|NL-DR-DW|NL-NH-GO|NL-GR-HH|NL-FR-DA|NL-FR-HA|NL-FR-OO|NL-OV-OT|NL-FL-UR|NL-OV-AL|NL-GR-PE|NL-NH-UH|NL-DR-CO|NL-NH-WA|NL-OV-TU|NL-FR-SF|NL-NH-OO|NL-NH-ZS|NL-DR-BO|NL-NH-TE|NL-NH-ZD|NL-UT-EE|NL-NH-DI|NL-GR-VE|NL-DR-EM|NL-NH-UG|NL-NH-HL|NL-FR-WA|NL-GR|NL-NH-AD|NL-OV-HT|NL-FL-NO|NL-GE-HT|NL-OV-ZW|NL-NH-EN|NL-NH-LR|NL-NH-HT|NL-NH-HO|NL-OV-RI|NL-FL-AL|NL-DR-WE|NL-NH-AV|NL-NH-BL|NL-NH-CA|NL-GR-WK|NL-NH-DR|NL-NH-DW|NL-DR-MD|NL-NH-VL|NL-UT-DV|NL-FR-NF|NL-NH-BC|NL-GR-EE|NL-FL-DR|NL-DR-AH|NL-OV-DI|NL-OV-ZL|NL-OV-HN|NL-ZH-AK|NL-OV-OM|NL-GR-MG|NL-NH-DH|NL-NH-HE|NL-OV-WI|NL-NH-SB|NL-DR-NO|NL-OV-LO|NL-OV|NL-DR-AS|NL-GE|NL-DR-ME|NL-FR-LW|NL-OV-HL|NL-OV-RA|NL-OV-BO|NL-DR|NL-FR-HE|NL-FR-AM|NL-OV-KA|NL-DR-TY|NL-FL|NL-FL-LE|NL-NH-HA|NL-NH-ME|NL-OV-HD|NL-NH-PU|NL-NH-WO|NL-OV-DA|NL-NH-SN|NL-DR-HO|NL-NH-HK|NL-OV-OZ|NL-NH-OA|NL-FR-SM|NL-OV-TW|NL-OV-EN|NL-OV-SH|NL-NH-AA|NL-OV-HK|NL-NH-BG|NL-GR-OL|NL-GR-WV|NL-OV-SW|NL-FR-VL|NL-FR-TE|NL-FR|NL-FR-SC|NL-NH-HU|NL-NH-HI|NL-UT|NL-FR-DF|NL-NH-EV|NL-OV-DV|NL-GR-ST|NL-NH-LM|NL-NH-HS|NL-NH-WI|NL-NH-OP|NL-NH-KO|NL-FR-WE|NL-NH|NL-GR-GR|NL-FR-AC|NL-ZH|NL-NH-BV,NL-NO|NL-MI,,b0593295-971b-410c-ad51-d656bdcec962
school_holiday,NL,Netherlands (the),Autumn Holidays,2027-10-23,2027-10-31,False,,NL-GE-LW|NL-NI-LE|NL-NB-VU|NL-NB-AC|NL-NB-RD|NL-ZE-MI|NL-NB-DE|NL-GE-ZV|NL-NB-VH|NL-NB-MI|NL-NB-LB|NL-NB-OR|NL-LI-ST|NL-ZE-GO|NL-ZE-NB|NL-LI-SG|NL-LI-BS|NL-NB-BG|NL-LI-SI|NL-ZE-VL|NL-GE-TI|NL-NB-MO|NL-NB-GE|NL-LI|NL-LI-KR|NL-NB-AS|NL-GE-DU|NL-LI-BR|NL-NB-ST|NL-NI-MA|NL-NB-LC|NL-GE-DR|NL-NB-WR|NL-NB-LZ|NL-GE-MO|NL-NB-GD|NL-NB-BO|NL-ZE-HU|NL-GE-WM|NL-NB-BH|NL-NB-RU|NL-GE-ZA|NL-NB-OS|NL-NB-DO|NL-GE-AR|NL-NB-HI|NL-GE-BE|NL-NB-HB|NL-LI-HM|NL-LI-VL|NL-NI-PM|NL-NB-CR|NL-LI-RD|NL-NB-SR|NL-ZE-KA|NL-NB-GO|NL-NB-VA|NL-NB-HS|NL-GE|NL-LI-EI|NL-NB-SB|NL-LI-BE|NL-LI-LA|NL-GE-WV|NL-NB-SH|NL-NB-GR|NL-LI-EC|NL-NB-GB|NL-NB-EE|NL-GE-OV|NL-GE-MA|NL-GE-NB|NL-NB-BN|NL-NB-BL|NL-NB-HL|NL-GE-RE|NL-LI-MA|NL-LI-WE|NL-NB-BS|NL-ZE|NL-ZE-SD|NL-GE-NM|NL-GE-BD|NL-NB-SM|NL-NB-RO|NL-ZH-RZ|NL-LI-HR|NL-GE-RH|NL-NB-EL|NL-LI-NE|NL-ZE-TE|NL-ZE-VE|NL-NB-NG|NL-LI-BG|NL-LI-GW|NL-NB-OW|NL-ZE-BO|NL-GE-DB|NL-ZE-SA|NL-LI-VG|NL-NB-EI|NL-LI-BK|NL-ZE-RE|NL-LI-RM|NL-NB-BR|NL-NB-OO|NL-NB-AL|NL-NB-MH|NL-ZE-TH|NL-NB-HM|NL-LI-MM|NL-LI-VA|NL-LI-VO|NL-NB-DR|NL-NB-BZ|NL-NB-WW|NL-NB-TI|NL-NB-WD|NL-GE-WC|NL-NB|NL-GE-HM|NL-LI-VR|NL-LI-GE|NL-LI-MS|NL-NB-ZU|NL-NB-BT|NL-ZH,NL-ZU,,9fc27a48-fb49-4b6e-8419-5b4e464ee99d
school_holiday,NL,Netherlands (the),Christmas Holidays,2027-12-25,2028-01-09,False,,NL-FR-OP|NL-FR-TI|NL-DR-DW|NL-NH-GO|NL-GR-HH|NL-FR-DA|NL-FR-HA|NL-FR-OO|NL-OV-OT|NL-FL-UR|NL-OV-AL|NL-GR-PE|NL-NH-UH|NL-DR-CO|NL-NH-WA|NL-OV-TU|NL-FR-SF|NL-NH-OO|NL-NH-ZS|NL-DR-BO|NL-NH-TE|NL-NH-ZD|NL-UT-EE|NL-NH-DI|NL-GR-VE|NL-DR-EM|NL-NH-UG|NL-NH-HL|NL-FR-WA|NL-GR|NL-NH-AD|NL-OV-HT|NL-FL-NO|NL-GE-HT|NL-OV-ZW|NL-NH-EN|NL-NH-LR|NL-NH-HT|NL-NH-HO|NL-OV-RI|NL-FL-AL|NL-DR-WE|NL-NH-AV|NL-NH-BL|NL-NH-CA|NL-GR-WK|NL-NH-DR|NL-NH-DW|NL-DR-MD|NL-NH-VL|NL-UT-DV|NL-FR-NF|NL-NH-BC|NL-GR-EE|NL-FL-DR|NL-DR-AH|NL-OV-DI|NL-OV-ZL|NL-OV-HN|NL-ZH-AK|NL-OV-OM|NL-GR-MG|NL-NH-DH|NL-NH-HE|NL-OV-WI|NL-NH-SB|NL-DR-NO|NL-OV-LO|NL-OV|NL-DR-AS|NL-GE|NL-DR-ME|NL-FR-LW|NL-OV-HL|NL-OV-RA|NL-OV-BO|NL-DR|NL-FR-HE|NL-FR-AM|NL-OV-KA|NL-DR-TY|NL-FL|NL-FL-LE|NL-NH-HA|NL-NH-ME|NL-OV-HD|NL-NH-PU|NL-NH-WO|NL-OV-DA|NL-NH-SN|NL-DR-HO|NL-NH-HK|NL-OV-OZ|NL-NH-OA|NL-FR-SM|NL-OV-TW|NL-OV-EN|NL-OV-SH|NL-NH-AA|NL-OV-HK|NL-NH-BG|NL-GR-OL|NL-GR-WV|NL-OV-SW|NL-FR-VL|NL-FR-TE|NL-FR|NL-FR-SC|NL-NH-HU|NL-NH-HI|NL-UT|NL-FR-DF|NL-NH-EV|NL-OV-DV|NL-GR-ST|NL-NH-LM|NL-NH-HS|NL-NH-WI|NL-NH-OP|NL-NH-KO|NL-FR-WE|NL-NH|NL-GR-GR|NL-FR-AC|NL-ZH|NL-NH-BV,NL-NO|NL-MI|NL-ZU,,be1a7afb-6d8d-401f-9682-3c680f0f5d3c
public_holiday,PL,Poland,New Year's Day,2023-01-01,2023-01-01,True,,,,,9522a4c2-da21-4d04-a056-92d8694ffc0a
public_holiday,PL,Poland,Epiphany,2023-01-06,2023-01-06,True,,,,,a598c823-bbfa-4950-9bf2-86484a1b181b
public_holiday,PL,Poland,Easter Sunday,2023-04-09,2023-04-09,True,,,,,f68070d4-038c-41fa-936b-4b31bcaa36bd
public_holiday,PL,Poland,Easter Monday,2023-04-10,2023-04-10,True,,,,,ffa1352b-076f-4ebf-bd4b-ac94d7f9f272
public_holiday,PL,Poland,Labour Day,2023-05-01,2023-05-01,True,,,,,9b341280-2c69-46fa-9491-6629ca756be9
public_holiday,PL,Poland,Constitution Day,2023-05-03,2023-05-03,True,,,,,b22b4113-b65a-4b06-a793-eb6e4eab9aab
public_holiday,PL,Poland,Pentecost,2023-05-28,2023-05-28,True,,,,,688783a5-65ca-4dc5-b4db-fa93bc0201ad
public_holiday,PL,Poland,Corpus Christi,2023-06-08,2023-06-08,True,,,,,55ef10bc-4a17-4171-8412-3253e725f58c
public_holiday,PL,Poland,Assumption Day,2023-08-15,2023-08-15,True,,,,,dbbb1b7c-9008-4921-ba71-1c29638937e4
public_holiday,PL,Poland,All Saints' Day,2023-11-01,2023-11-01,True,,,,,40b1d5c7-b976-40ee-a872-8d4fed5be8bc
public_holiday,PL,Poland,Independence Day,2023-11-11,2023-11-11,True,,,,,72cee06b-c376-48c5-a0da-7f091e4ec2ba
public_holiday,PL,Poland,Christmas Day,2023-12-25,2023-12-25,True,,,,,a18e7f48-26b7-4f1d-a463-fad5593c0505
public_holiday,PL,Poland,2nd Day of Christmas,2023-12-26,2023-12-26,True,,,,,e3967507-0b1c-4b08-a6db-28de0faee1a7
public_holiday,PL,Poland,New Year's Day,2024-01-01,2024-01-01,True,,,,,a9b29578-37e1-4ae8-a553-ae064c984228
public_holiday,PL,Poland,Epiphany,2024-01-06,2024-01-06,True,,,,,c843fa24-541d-4ee8-8e53-2902534fe536
public_holiday,PL,Poland,Easter Sunday,2024-03-31,2024-03-31,True,,,,,2c671968-f33b-4b50-a9c4-6d054d87ed82
public_holiday,PL,Poland,Easter Monday,2024-04-01,2024-04-01,True,,,,,57151112-bec7-4313-8599-9a115b83dd2a
public_holiday,PL,Poland,Labour Day,2024-05-01,2024-05-01,True,,,,,229f86ac-36ea-41f6-96e1-07e1a026004e
public_holiday,PL,Poland,Constitution Day,2024-05-03,2024-05-03,True,,,,,ba75183e-18bc-4839-9430-7282faedd649
public_holiday,PL,Poland,Pentecost,2024-05-19,2024-05-19,True,,,,,e4463384-dcf4-42ce-b1cc-ff5839d21d00
public_holiday,PL,Poland,Corpus Christi,2024-05-30,2024-05-30,True,,,,,1e8cdde8-6fe9-4c49-b49e-d5e8998719a8
public_holiday,PL,Poland,Assumption Day,2024-08-15,2024-08-15,True,,,,,90ab0136-47bb-4b0d-9c7d-29e800514923
public_holiday,PL,Poland,All Saints' Day,2024-11-01,2024-11-01,True,,,,,0fcfbee0-7d47-4254-b8da-4ef476f92724
public_holiday,PL,Poland,Independence Day,2024-11-11,2024-11-11,True,,,,,f99f0d3d-2012-45ab-9c1a-2af643dc7d86
public_holiday,PL,Poland,Christmas Day,2024-12-25,2024-12-25,True,,,,,bf326918-eaae-45b4-801f-805487b8c7d0
public_holiday,PL,Poland,2nd Day of Christmas,2024-12-26,2024-12-26,True,,,,,8efb0856-ea26-49b2-915e-3b9e41c95dab
public_holiday,PL,Poland,New Year's Day,2025-01-01,2025-01-01,True,,,,,fff57559-d4b3-417d-8094-d8c29c2eea1e
public_holiday,PL,Poland,Epiphany,2025-01-06,2025-01-06,True,,,,,c5dd54bd-057b-4975-9014-9c76f79a92a0
public_holiday,PL,Poland,Easter Sunday,2025-04-20,2025-04-20,True,,,,,186f4a63-a587-4939-be15-b2e433b75c7c
public_holiday,PL,Poland,Easter Monday,2025-04-21,2025-04-21,True,,,,,c053556e-4a6a-49f1-9c09-5de751e1fbf9
public_holiday,PL,Poland,Labour Day,2025-05-01,2025-05-01,True,,,,,ba5e31e4-3f4a-47cd-84fc-a428d496ae82
public_holiday,PL,Poland,Constitution Day,2025-05-03,2025-05-03,True,,,,,22da3934-57d2-4e76-90a6-87c20b5e605e
public_holiday,PL,Poland,Pentecost,2025-06-08,2025-06-08,True,,,,,04fd6bb8-4db4-47c7-bfff-2d66955d1455
public_holiday,PL,Poland,Corpus Christi,2025-06-19,2025-06-19,True,,,,,f7ce670d-7fe5-49ae-b589-2a34ecbe263e
public_holiday,PL,Poland,Assumption Day,2025-08-15,2025-08-15,True,,,,,affa912a-69f0-40c7-bd54-0d40221d3608
public_holiday,PL,Poland,All Saints' Day,2025-11-01,2025-11-01,True,,,,,2cf85626-28c3-435d-bd03-9151a5d27eb6
public_holiday,PL,Poland,Independence Day,2025-11-11,2025-11-11,True,,,,,cec00b5a-d3d6-4e79-9ec2-75b9f78f2c18
public_holiday,PL,Poland,Christmas Eve,2025-12-24,2025-12-24,True,,,,,80091853-4950-4367-9f5a-5a14c2019967
public_holiday,PL,Poland,Christmas Day,2025-12-25,2025-12-25,True,,,,,e1cc1566-6056-4994-baf6-11b6f775074f
public_holiday,PL,Poland,2nd Day of Christmas,2025-12-26,2025-12-26,True,,,,,7378c83a-9fde-4829-b6ec-dd7e4c80125e
school_holiday,PL,Poland,Winter Holidays,2023-01-13,2023-01-26,False,,PL-MZ|PL-DS|PL-ZP|PL-OP,,,ec9c4eef-709a-447a-ba25-aaa9b04f61c3
school_holiday,PL,Poland,Winter Holidays,2023-01-16,2023-01-29,False,,PL-SK|PL-LD|PL-PM|PL-PD|PL-LB,,,872bb66e-032a-4c6a-9ad2-44ca046b76ca
school_holiday,PL,Poland,Winter Holidays,2023-01-23,2023-02-05,False,,PL-PK|PL-WN,,,1057a301-ff6c-4908-87d7-03b3cf3ef083
school_holiday,PL,Poland,Winter Holidays,2023-01-30,2023-02-12,False,,PL-KP|PL-SL|PL-MA|PL-WP|PL-LU,,,c2f74af1-5e4e-4ab0-acf0-1a2df8acba91
school_holiday,PL,Poland,Spring Break,2023-04-06,2023-04-11,False,,PL-KP|PL-MZ|PL-SK|PL-LD|PL-PM|PL-DS|PL-PK|PL-SL|PL-PD|PL-MA|PL-ZP|PL-WN|PL-WP|PL-OP|PL-LU|PL-LB,,,126f6892-71d9-43c1-aae6-d4bcacabace8
school_holiday,PL,Poland,Summer Holidays,2023-06-24,2023-08-31,False,,PL-KP|PL-MZ|PL-SK|PL-LD|PL-PM|PL-DS|PL-PK|PL-SL|PL-PD|PL-MA|PL-ZP|PL-WN|PL-WP|PL-OP|PL-LU|PL-LB,,,b087da8a-78dd-48a2-82d5-19e0c737b164
school_holiday,PL,Poland,Christmas Break,2023-12-23,2023-12-31,False,,PL-KP|PL-MZ|PL-SK|PL-LD|PL-PM|PL-DS|PL-PK|PL-SL|PL-PD|PL-MA|PL-ZP|PL-WN|PL-WP|PL-OP|PL-LU|PL-LB,,,7a1f755f-8108-4586-a910-474bb9e2cc3b
school_holiday,PL,Poland,Winter Holidays,2024-01-15,2024-01-28,False,,PL-MZ|PL-DS|PL-ZP|PL-OP,,"[{'language': '  ', 'text': ''}]",dfbd69a1-bf2a-452d-8a65-46d658dcf23f
school_holiday,PL,Poland,Winter Holidays,2024-01-22,2024-02-04,False,,PL-PK|PL-WN,,,b780e061-8ddb-4baf-9069-d5702a697a38
school_holiday,PL,Poland,Winter Holidays,2024-01-29,2024-02-11,False,,PL-SK|PL-LD|PL-PM|PL-PD|PL-LB,,,08135276-edd1-41ce-8291-c747008320af
school_holiday,PL,Poland,Winter Holidays,2024-02-12,2024-02-25,False,,PL-KP|PL-SL|PL-MA|PL-WP|PL-LU,,,6b0016a8-296e-454b-9409-d83b323dfe2d
school_holiday,PL,Poland,Spring Break,2024-03-28,2024-04-02,False,,PL-KP|PL-MZ|PL-SK|PL-LD|PL-PM|PL-DS|PL-PK|PL-SL|PL-PD|PL-MA|PL-ZP|PL-WN|PL-WP|PL-OP|PL-LU|PL-LB,,,73cdb828-41d3-472b-a3f5-09d843e3ab97
school_holiday,PL,Poland,Summer Holidays,2024-06-22,2024-08-31,False,,PL-KP|PL-MZ|PL-SK|PL-LD|PL-PM|PL-DS|PL-PK|PL-SL|PL-PD|PL-MA|PL-ZP|PL-WN|PL-WP|PL-OP|PL-LU|PL-LB,,,48826232-9f8d-431a-98d9-6bad8e2e1be8
school_holiday,PL,Poland,Christmas Break,2024-12-23,2024-12-31,False,,PL-KP|PL-MZ|PL-SK|PL-LD|PL-PM|PL-DS|PL-PK|PL-SL|PL-PD|PL-MA|PL-ZP|PL-WN|PL-WP|PL-OP|PL-LU|PL-LB,,,bc9492a9-9f50-426c-8bbb-8787dd83cdd9
school_holiday,PL,Poland,Winter Holidays,2025-01-20,2025-02-02,False,,PL-KP|PL-SL|PL-MA|PL-WP|PL-LU,,,503317eb-0375-41a8-bcb7-501800dc4098
school_holiday,PL,Poland,Winter Holidays,2025-01-27,2025-02-09,False,,PL-PK|PL-WN,,,b850a051-47c3-482f-9515-ad902acb0e46
school_holiday,PL,Poland,Winter Holidays,2025-02-03,2025-02-16,False,,PL-MZ|PL-DS|PL-ZP|PL-OP,,,30f2046e-9c4b-4bbd-b82a-d1c77119cbf8
school_holiday,PL,Poland,Winter Holidays,2025-02-17,2025-03-02,False,,PL-SK|PL-LD|PL-PM|PL-PD|PL-LB,,,dae80d18-ba57-4fa6-921d-283cf1b39396
school_holiday,PL,Poland,Spring Break,2025-04-17,2025-04-22,False,,PL-KP|PL-MZ|PL-SK|PL-LD|PL-PM|PL-DS|PL-PK|PL-SL|PL-PD|PL-MA|PL-ZP|PL-WN|PL-WP|PL-OP|PL-LU|PL-LB,,,cb8d0fc0-bee8-4115-8c12-c34647118a40
school_holiday,PL,Poland,Summer Holidays,2025-06-28,2025-08-31,False,,PL-KP|PL-MZ|PL-SK|PL-LD|PL-PM|PL-DS|PL-PK|PL-SL|PL-PD|PL-MA|PL-ZP|PL-WN|PL-WP|PL-OP|PL-LU|PL-LB,,,1c47ec0e-8907-424c-9388-b9982decde8c
school_holiday,PL,Poland,Christmas Break,2025-12-22,2025-12-31,False,,PL-KP|PL-MZ|PL-SK|PL-LD|PL-PM|PL-DS|PL-PK|PL-SL|PL-PD|PL-MA|PL-ZP|PL-WN|PL-WP|PL-OP|PL-LU|PL-LB,,,f70dba15-b026-4cf3-bde6-cb2c9c54d12c
public_holiday,PL,Poland,New Year's Day,2026-01-01,2026-01-01,True,,,,,db812f37-e1e3-4e12-a787-984a19ce480b
public_holiday,PL,Poland,Epiphany,2026-01-06,2026-01-06,True,,,,,a59baaa8-1aca-42f5-b029-73e92ddb6cde
public_holiday,PL,Poland,Easter Sunday,2026-04-05,2026-04-05,True,,,,,4e222eda-0112-412a-a694-4521c5ac4aed
public_holiday,PL,Poland,Easter Monday,2026-04-06,2026-04-06,True,,,,,2f4711b8-2edd-4136-a6ee-52f46c633a2f
public_holiday,PL,Poland,Labour Day,2026-05-01,2026-05-01,True,,,,,9cef5596-5b75-43bc-91a1-264c0b2a6d09
public_holiday,PL,Poland,Constitution Day,2026-05-03,2026-05-03,True,,,,,26aac8fe-797f-4cd1-8eab-c5778aab6f80
public_holiday,PL,Poland,Pentecost,2026-05-24,2026-05-24,True,,,,,554709ce-051a-41b8-9d5c-ad8efb80d2dc
public_holiday,PL,Poland,Corpus Christi,2026-06-04,2026-06-04,True,,,,,9865abcc-83c1-405e-ba4b-561502502d53
public_holiday,PL,Poland,Assumption Day,2026-08-15,2026-08-15,True,,,,,ea4e43ea-a326-43fa-8e39-e51ec2b85ac5
public_holiday,PL,Poland,All Saints' Day,2026-11-01,2026-11-01,True,,,,,0e65fa49-ca82-43ee-bd44-9b8cfedf8ec0
public_holiday,PL,Poland,Independence Day,2026-11-11,2026-11-11,True,,,,,1f9568e1-1f9a-4aec-8dd3-f5be6155031b
public_holiday,PL,Poland,Christmas Eve,2026-12-24,2026-12-24,True,,,,,156364f1-7ef4-4894-8e38-1be6a1805865
public_holiday,PL,Poland,Christmas Day,2026-12-25,2026-12-25,True,,,,,205423a7-f6d3-418f-8e11-b28382e550a4
public_holiday,PL,Poland,2nd Day of Christmas,2026-12-26,2026-12-26,True,,,,,2d419bad-922f-40ab-892e-de89e9919fbc
public_holiday,PL,Poland,New Year's Day,2027-01-01,2027-01-01,True,,,,,0cbe1dd4-7ae7-4381-bb8a-106546949767
public_holiday,PL,Poland,Epiphany,2027-01-06,2027-01-06,True,,,,,7daa2be5-a725-4935-a6f5-64ba85708a43
public_holiday,PL,Poland,Easter Sunday,2027-03-28,2027-03-28,True,,,,,6b62243e-3d95-4fce-aa05-bf1913ed675a
public_holiday,PL,Poland,Easter Monday,2027-03-29,2027-03-29,True,,,,,cecbf2ca-bdd9-4c2b-b9e4-7ca0514c9e72
public_holiday,PL,Poland,Labour Day,2027-05-01,2027-05-01,True,,,,,0605ad3b-2b78-4012-89ac-76b0c07a45fc
public_holiday,PL,Poland,Constitution Day,2027-05-03,2027-05-03,True,,,,,5c8962b6-1c6b-4f25-8a2f-c8355fe602f2
public_holiday,PL,Poland,Pentecost,2027-05-16,2027-05-16,True,,,,,9679be12-0dc0-4ca7-8ef0-52ff5814268c
public_holiday,PL,Poland,Corpus Christi,2027-05-27,2027-05-27,True,,,,,c8e318e2-1a2d-4ca8-bc27-7b4f38870112
public_holiday,PL,Poland,Assumption Day,2027-08-15,2027-08-15,True,,,,,3a9ff887-5ace-4fff-96bf-30c1740ddd38
public_holiday,PL,Poland,All Saints' Day,2027-11-01,2027-11-01,True,,,,,031242f1-4e89-4902-a7b6-ecae8f224d2e
public_holiday,PL,Poland,Independence Day,2027-11-11,2027-11-11,True,,,,,cbced817-9da9-47e8-8f75-55c851ffcd4b
public_holiday,PL,Poland,Christmas Eve,2027-12-24,2027-12-24,True,,,,,92bb5eeb-3d75-46d5-a642-ba01a8a10e94
public_holiday,PL,Poland,Christmas Day,2027-12-25,2027-12-25,True,,,,,c8250f85-0a49-4f74-82c9-9a2ce0fc3cb3
public_holiday,PL,Poland,2nd Day of Christmas,2027-12-26,2027-12-26,True,,,,,9ea40dd8-4ccf-4ebb-8dd0-f0665f928b62
school_holiday,PL,Poland,Winter Holidays,2026-01-19,2026-02-01,False,,PL-MZ|PL-PM|PL-PK|PL-SL|PL-WN,,,d6d42b2a-534f-4b73-b8e9-14545416a55f
school_holiday,PL,Poland,Winter Holidays,2026-02-02,2026-02-15,False,,PL-KP|PL-LD|PL-DS|PL-MA|PL-ZP|PL-OP,,,a0e8fb52-78b2-449f-a8ea-569897188cf9
school_holiday,PL,Poland,Winter Holidays,2026-02-16,2026-03-01,False,,PL-SK|PL-PD|PL-WP|PL-LU|PL-LB,,,479ccb62-30ab-465d-a54e-6815f544050f
school_holiday,PL,Poland,Spring Break,2026-04-02,2026-04-07,False,,PL-KP|PL-MZ|PL-SK|PL-LD|PL-PM|PL-DS|PL-PK|PL-SL|PL-PD|PL-MA|PL-ZP|PL-WN|PL-WP|PL-OP|PL-LU|PL-LB,,,3beac5c5-9e58-44f8-a728-f0044989b4e2
school_holiday,PL,Poland,Summer Holidays,2026-06-27,2026-08-31,False,,PL-KP|PL-MZ|PL-SK|PL-LD|PL-PM|PL-DS|PL-PK|PL-SL|PL-PD|PL-MA|PL-ZP|PL-WN|PL-WP|PL-OP|PL-LU|PL-LB,,,123916df-17df-4b03-9ddf-c8a68a6896e7
school_holiday,PL,Poland,Winter Holidays,2027-01-18,2027-01-31,False,,PL-SK|PL-LD|PL-DS|PL-PK|PL-PD|PL-OP,,,eba154bb-e173-478c-ba75-78e4fd12f682
school_holiday,PL,Poland,Winter Holidays,2027-02-01,2027-02-14,False,,PL-MZ|PL-PM|PL-SL|PL-LU,,,a62f0be9-d5ec-4472-b80b-36282d2156c0
school_holiday,PL,Poland,Winter Holidays,2027-02-15,2027-02-28,False,,PL-KP|PL-MA|PL-ZP|PL-WN|PL-WP,,,313c8bfc-d2e8-4495-8f24-881fa771c7ec
public_holiday,PT,Portugal,New Year's Day,2023-01-01,2023-01-01,True,,,,,dfc38a9f-2df0-4ed9-8066-4326d5d25d72
public_holiday,PT,Portugal,Municipal holiday,2023-01-11,2023-01-11,False,,PT-LE-OB,,,96cc4c1d-b8ee-45e4-a9c7-d4a60677833c
public_holiday,PT,Portugal,Municipal holiday,2023-01-13,2023-01-13,False,,PT-VR-SM|PT-LI-CD|PT-CO-VP|PT-EV-VA,,,bd0b60a0-e25f-4a90-861b-f83271974556
public_holiday,PT,Portugal,Municipal holiday,2023-01-14,2023-01-14,False,,PT-PA-EL,,,358cb841-927a-4789-a071-98fa07b835d8
public_holiday,PT,Portugal,St Amaro's Day,2023-01-15,2023-01-15,False,,PT-MA-SC,,,18b2fb22-b4e2-4fda-9825-8bdfafffe371
public_holiday,PT,Portugal,Municipal holiday,2023-01-20,2023-01-20,False,,PT-AV-SM,,,c052ffec-10ef-44f3-a7b7-270bcfd4f5b7
public_holiday,PT,Portugal,St Vincent's Day,2023-01-22,2023-01-22,False,,PT-FA-VB|PT-MA-SV,,,1d0f1c53-96b1-4148-82f3-ba3a44147021
public_holiday,PT,Portugal,Municipal holiday,2023-02-02,2023-02-02,False,,PT-EV-MO,,,62400cef-d882-4e88-91af-1a323f052aba
public_holiday,PT,Portugal,Municipal holiday,2023-02-10,2023-02-10,False,,PT-GU-AB,,,47cbf204-0120-41b6-a39a-09cee1a04b29
public_holiday,PT,Portugal,Municipal holiday,2023-02-18,2023-02-18,False,,PT-VC-VA,,,e53f3237-7885-4495-a17e-54d63e518ed1
public_holiday,PT,Portugal,Carnival,2023-02-21,2023-02-21,True,,,,,67659bc1-18da-4fb3-8294-f0fb92bdbe11
public_holiday,PT,Portugal,Municipal holiday,2023-03-01,2023-03-01,False,,PT-SA-TM,,,df82bba4-b8cb-4e7e-b9f0-c2e3d05fbada
public_holiday,PT,Portugal,Municipal holiday,2023-03-02,2023-03-02,False,,PT-VI-VP,,,3f6c4d81-6394-4b2d-aa5f-11a7bb8bfd38
public_holiday,PT,Portugal,Municipal holiday,2023-03-04,2023-03-04,False,,PT-GU-MA,,,4ec9430d-6f82-4832-bf6a-fe0f605901c3
public_holiday,PT,Portugal,Municipal holiday,2023-03-05,2023-03-05,False,,PT-BE-FA,,,c2c1987b-ec06-4593-b091-9ed6fa821589
public_holiday,PT,Portugal,Municipal holiday,2023-03-08,2023-03-08,False,,PT-EV-MN,,,a95d6d6e-7fa2-4a78-b726-d470fe44c1e8
public_holiday,PT,Portugal,Municipal holiday,2023-03-12,2023-03-12,False,,PT-VC-MO,,,5371b17a-8020-45f6-b078-da95644e2286
public_holiday,PT,Portugal,Municipal holiday,2023-03-19,2023-03-19,False,,PT-BR-VZ|PT-SA-SA|PT-BA-TM|PT-BR-PL,,,e5eabbe3-df2a-4c6e-9e5a-b5bf5c47bd81
public_holiday,PT,Portugal,Municipal holiday,2023-04-02,2023-04-02,False,,PT-SA-AP,,,b4e3f159-c843-489a-afbd-dc25056dd034
public_holiday,PT,Portugal,Battle of Atoleiros,2023-04-06,2023-04-06,False,,PT-PA-FR,,,de89fde4-7b76-4c15-a1db-1ec043215dff
public_holiday,PT,Portugal,Good Friday,2023-04-07,2023-04-07,True,,,,,5c2604d7-eebb-4cb6-a837-d4cab6370549
public_holiday,PT,Portugal,Easter Sunday,2023-04-09,2023-04-09,True,,,,,b5651c32-ca61-4b06-a2f0-8f4ad35493bf
public_holiday,PT,Portugal,Municipal holiday,2023-04-10,2023-04-10,False,,PT-CO-PS|PT-CO-TA,,,ba773415-2b3e-490e-8e37-4367e9faa9ec
public_holiday,PT,Portugal,Easter Monday,2023-04-10,2023-04-10,False,,PT-PA-CR|PT-AV-IL|PT-EV-MR|PT-PA-NI|PT-EV-BO|PT-PA-PS|PT-VC-CA|PT-SA-MA|PT-BA-FE|PT-SA-CN|PT-PA-CV|PT-PA-CM|PT-EV-RD|PT-PA-SO|PT-EV-PO|PT-BE-CU|PT-CB-PE,,,ce2e0527-fed1-4004-803e-818a6b08ef77
public_holiday,PT,Portugal,Municipal holiday,2023-04-11,2023-04-11,False,,PT-AC-LG|PT-BE-SE,,,54794185-c184-47f4-861e-45365f78af4d
public_holiday,PT,Portugal,Monday after the first Sunday after Easter,2023-04-17,2023-04-17,False,,PT-PA-AV|PT-GU-SA|PT-PA-MO|PT-EV-AL,,,e2dcb869-c045-4821-b8d7-059740c32ebf
public_holiday,PT,Portugal,Municipal holiday,2023-04-22,2023-04-22,False,,PT-AC-PD,,,ecf56522-caad-4370-a0d0-e4539e74d278
public_holiday,PT,Portugal,St George's Day,2023-04-23,2023-04-23,False,,PT-AC-VE,,,c58347eb-8df1-4397-bb7f-23c61b3efc5d
public_holiday,PT,Portugal,Municipal holiday,2023-04-24,2023-04-24,False,,PT-CB-CB,,,b3cd41da-8abb-4622-abd8-311cb0222e99
public_holiday,PT,Portugal,Municipal holiday,2023-04-24,2023-04-24,False,,PT-CB-IN,,,e7b1f660-b778-48f3-8d23-607d290a8474
public_holiday,PT,Portugal,Liberty Day,2023-04-25,2023-04-25,True,,,,,b9a7ba4b-7083-4dd9-8d11-6575474f7902
public_holiday,PT,Portugal,Municipal holiday,2023-04-26,2023-04-26,False,,PT-CB-BE,,,c2c0313e-8233-411b-9f39-17757a3e9e37
public_holiday,PT,Portugal,Labor Day,2023-05-01,2023-05-01,True,,,,,d37ad5d1-d5f7-4944-be80-bf4a65788627
public_holiday,PT,Portugal,Municipal holiday,2023-05-02,2023-05-02,False,,PT-AV-AR,,,b9a8deb5-2f3f-4822-8192-32d021b90bf5
public_holiday,PT,Portugal,Municipal holiday,2023-05-03,2023-05-03,False,,PT-VI-SE|PT-BR-BA,,,247b19cc-d2d4-4182-9bd2-25f2bea2d7c2
public_holiday,PT,Portugal,Municipal holiday,2023-05-04,2023-05-04,False,,PT-SE-SS,,,c4151332-c197-401e-a16b-bfebb0d4213f
public_holiday,PT,Portugal,Municipal holiday,2023-05-08,2023-05-08,False,,PT-VR-MU,,,bf1d5345-91f8-4ca0-9ebc-fe356903d75b
public_holiday,PT,Portugal,Municipal holiday,2023-05-12,2023-05-12,False,,PT-AV-AV,,,f613f7de-e7a3-40fc-95ab-8ff4339a4a8a
public_holiday,PT,Portugal,Municipal holiday,2023-05-13,2023-05-13,False,,PT-FA-VS,,,67fb03bd-dc7d-4822-af28-11514ca96e0a
public_holiday,PT,Portugal,Day of St Giles of Santarém,2023-05-14,2023-05-14,False,,PT-VI-VO,,,ea0b0cd0-86b1-4234-8610-0714ef1d9e0c
public_holiday,PT,Portugal,Municipal holiday,2023-05-15,2023-05-15,False,,PT-LE-CR,,,7ebf0e11-6338-462c-a9cb-26a79487ec19
public_holiday,PT,Portugal,Municipal holiday,2023-05-16,2023-05-16,False,,PT-BR-FA,,,af002f77-25b9-49cd-b42c-7801d6006f2e
public_holiday,PT,Portugal,Municipal holiday,2023-05-17,2023-05-17,False,,PT-LI-VX|PT-LE-MG|PT-BE-BE|PT-AV-AN|PT-SA-TN,,,04d12ca3-3784-4ca0-acd8-9b175d711052
public_holiday,PT,Portugal,Municipal holiday,2023-05-18,2023-05-18,False,,PT-LI-VX|PT-LI-AL|PT-VI-SC|PT-LI-AZ|PT-LI-SM|PT-VC-ME|PT-FA-MO|PT-LE-AN|PT-LI-AV|PT-VI-MR|PT-EV-ES|PT-SA-CH|PT-EV-AR|PT-LE-MG|PT-SA-AC|PT-SA-CA|PT-PA-AC|PT-SA-AM|PT-SA-SM|PT-SA-GO|PT-BE-AV|PT-BE-VI|PT-BE-BE|PT-AV-ME|PT-AV-AN|PT-SA-BE|PT-LI-MA|PT-AV-OB|PT-SA-TN,,,94eec3ed-e79b-44d2-bead-b2cf79764543
public_holiday,PT,Portugal,Municipal holiday,2023-05-20,2023-05-20,False,,PT-BA-VN,,,85db68c6-de19-4b47-bcb3-74fba2cd550d
public_holiday,PT,Portugal,Municipal holiday,2023-05-21,2023-05-21,False,,PT-GU-VF,,,134f180d-5bef-4d7f-b2c3-941eaa5a5e7b
public_holiday,PT,Portugal,Municipal holiday,2023-05-22,2023-05-22,False,,PT-LE-LE,,,96e20bbd-8fdc-4f60-a560-16dd6c102a8b
public_holiday,PT,Portugal,Municipal holiday,2023-05-23,2023-05-23,False,,PT-PA-PA,,,2303c99c-8b16-4e47-8802-f01fef724da6
public_holiday,PT,Portugal,Birthday of Sacadura Cabral,2023-05-23,2023-05-23,False,,PT-GU-CB,,,d17bc8a3-2ec2-4925-8e26-0b2835a89a97
public_holiday,PT,Portugal,Municipal holiday,2023-05-25,2023-05-25,False,,PT-MA-SA|PT-BA-MI|PT-SA-TN|PT-FA-LO,,,c78688af-573e-40c1-9b11-500873f5e3da
public_holiday,PT,Portugal,Municipal holiday,2023-05-29,2023-05-29,False,,PT-GU-TR,,,3272e25c-119f-458c-b622-3b3ea8b934d7
public_holiday,PT,Portugal,Azores Day,2023-05-29,2023-05-29,False,,PT-AC,,,76003d47-e671-448a-b6e6-b55f8e32300f
public_holiday,PT,Portugal,Whit Monday,2023-05-29,2023-05-29,False,,PT-AV-VG|PT-AV-AG,,,edcb8848-24b7-4a60-94cc-9be42005e5fc
public_holiday,PT,Portugal,Whit Tuesday,2023-05-30,2023-05-30,False,,PT-PO-MT,,,15b1c0dc-8630-4d2b-85dd-03fb821856ab
public_holiday,PT,Portugal,Birthday of José Falcão,2023-06-01,2023-06-01,False,,PT-CO-MC,,,01ce16cd-a80d-490b-9e45-8a405dd6c12a
public_holiday,PT,Portugal,Municipal holiday,2023-06-01,2023-06-01,False,,PT-FA-SB,,,da5cec2a-6078-4939-9cc7-f5bf0b3c1c79
public_holiday,PT,Portugal,Municipal holiday,2023-06-01,2023-06-01,False,,PT-SE-PA,,,de312393-5983-425e-a6ae-c1716c876ebf
public_holiday,PT,Portugal,Municipal holiday,2023-06-04,2023-06-04,False,,PT-AV-AG,,,33c9dd0b-84e9-43e8-bc31-7da9b3d353db
public_holiday,PT,Portugal,Municipal holiday,2023-06-07,2023-06-07,False,,PT-LI-OE,,,d115dd1e-cc79-4ff4-9017-21bbe63c687d
public_holiday,PT,Portugal,Corpus Christi,2023-06-08,2023-06-08,True,,,,,ffb4c908-ff0e-445f-bec4-70d96202e607
public_holiday,PT,Portugal,Municipal holiday,2023-06-09,2023-06-09,False,,PT-VR-MT|PT-AC-PC,,,830e2d59-0647-45f4-8266-a4415824085d
public_holiday,PT,Portugal,Portugal Day,2023-06-10,2023-06-10,True,,,,,7dda0724-ed25-49c0-8e9a-02bea58b9ed4
public_holiday,PT,Portugal,St Anthony's Day,2023-06-13,2023-06-13,False,,PT-EV-RM|PT-BR-VV|PT-AV-VC|PT-VR-VR|PT-CB-PN|PT-SA-FZ|PT-BR-AM|PT-AV-ER|PT-LE-AV|PT-SA-VB|PT-BE-AJ|PT-LI-CS|PT-BR-VF|PT-LI-LI,,,1be916ce-a074-49b8-96f2-98ecd66d1855
public_holiday,PT,Portugal,Municipal holiday,2023-06-14,2023-06-14,False,,PT-SA-AB,,,24ec26d4-364e-4e15-8476-8ef095cd6db5
public_holiday,PT,Portugal,Municipal holiday,2023-06-16,2023-06-16,False,,PT-FA-OL|PT-AV-EN,,,cf87bec8-62cd-4dd4-ac95-5fd970fafc9a
public_holiday,PT,Portugal,Municipal holiday,2023-06-20,2023-06-20,False,,PT-AC-CO|PT-SA-OU,,,2bbb058a-df0a-4778-85bd-aacc1aa972e2
public_holiday,PT,Portugal,Municipal holiday,2023-06-22,2023-06-22,False,,PT-VR-VP,,,f3ced0ea-b376-4b5c-96f4-fc509cccd03b
public_holiday,PT,Portugal,Battle of São Mamede,2023-06-24,2023-06-24,False,,PT-BR-GU,,,86893aee-32f5-4339-ab3e-85bc74a8e39c
public_holiday,PT,Portugal,Municipal holiday,2023-06-24,2023-06-24,False,,PT-MA-PS,,,8d9bfd1a-f267-4ac8-a2ca-218bdef645f8
public_holiday,PT,Portugal,St John's Day,2023-06-24,2023-06-24,False,,PT-PO-VG|PT-AV-CP|PT-CO-LO|PT-AC-SF|PT-AC-HO|PT-BR-BR|PT-PO-VA|PT-VI-SJ|PT-SE-AC|PT-PO-PO|PT-AC-AH|PT-PA-AR|PT-PO-VC|PT-BE-MO|PT-VI-NE|PT-BE-AM|PT-VI-MB|PT-AC-VC|PT-LI-LN|PT-LE-FV|PT-FA-CM|PT-AC-CA|PT-SE-AM|PT-VI-TB|PT-VI-AR|PT-VI-CI|PT-BE-ME|PT-AC-VP|PT-SE-AS|PT-FA-TA|PT-CO-FF,,,a4889ce0-4a22-4215-8341-3d28c6aafedb
public_holiday,PT,Portugal,St Day of Nuno de Santa Maria,2023-06-24,2023-06-24,False,,PT-CB-SE,,,ba4cc759-54fb-4a9f-bd62-18e504eee88b
public_holiday,PT,Portugal,Municipal holiday,2023-06-28,2023-06-28,False,,PT-SE-BA,,,a0e50af5-46af-4bdd-9e8b-95b681264013
public_holiday,PT,Portugal,St Peter's Day,2023-06-29,2023-06-29,False,,PT-SE-SX|PT-LI-SI|PT-VI-PE|PT-PO-PV|PT-EV-EV|PT-SE-SE|PT-LI-TV|PT-BR-BA|PT-BA-MC|PT-SE-MN,,,05ea4944-875c-47d2-ab98-70d1afce1a47
public_holiday,PT,Portugal,Municipal holiday,2023-06-29,2023-06-29,False,,PT-AC-LP,,,0f1ef694-77d9-4d14-8121-cc92eb256b0e
public_holiday,PT,Portugal,St Peter's Day,2023-06-29,2023-06-29,False,,PT-BE-CV|PT-MA-RB|PT-AC-RG|PT-LE-PM|PT-VI-CD|PT-PO-FE|PT-LE-BO|PT-BA-AF|PT-VI-SP,,,3b1cdcc8-ccc1-46fd-8b69-530a1afb4a8f
public_holiday,PT,Portugal,Madeira Day,2023-07-01,2023-07-01,False,,PT-MA,,,59cbeb31-f9f4-48ed-9d3a-4df3f22ffe48
public_holiday,PT,Portugal,Battle of the Côa,2023-07-02,2023-07-02,False,,PT-GU-AL,,,2246cfab-e8fb-4b37-bdf4-dc3035aa513e
public_holiday,PT,Portugal,Municipal holiday,2023-07-03,2023-07-03,False,,PT-GU-SE,,,7cbb58b2-591c-4ba6-9c07-c14520a228d8
public_holiday,PT,Portugal,Municipal holiday,2023-07-04,2023-07-04,False,,PT-LE-CP|PT-CO-CO,,,d4de9a3b-cdbc-4232-8e72-4d3c4791b9ad
public_holiday,PT,Portugal,Battle of Salgadela,2023-07-07,2023-07-07,False,,PT-GU-FC,,,fe71c039-ef7f-4de0-928f-b7ea0b4aee3c
public_holiday,PT,Portugal,Municipal holiday,2023-07-08,2023-07-08,False,,PT-PO-AM|PT-VR-CH,,,05b2835f-c862-48b3-929d-15d7ca3c8ba4
public_holiday,PT,Portugal,Municipal holiday,2023-07-10,2023-07-10,False,,PT-BA-MD|PT-VC-AV|PT-PO-MI,,,f9386576-a7ba-4fc5-b310-0696713aedf4
public_holiday,PT,Portugal,Day of Benedict of Nursia,2023-07-11,2023-07-11,False,,PT-PO-ST,,,e1f092b0-4197-4528-86a6-246442074a39
public_holiday,PT,Portugal,Municipal holiday,2023-07-17,2023-07-17,False,,PT-AC-LF|PT-PO-PA|PT-VI-CS,,,202d97e1-ee3c-43d9-a9b6-d5f925b43179
public_holiday,PT,Portugal,Birthday of António José de Almeid,2023-07-17,2023-07-17,False,,PT-CO-PC,,,fa85cc17-7f30-40b1-ac18-f88f3181696e
public_holiday,PT,Portugal,Municipal holiday,2023-07-18,2023-07-18,False,,PT-AC-NO,,,511c9c37-2df6-46c7-9922-c531d0e9a8f0
public_holiday,PT,Portugal,St Mary Magdalene's Day,2023-07-22,2023-07-22,False,,PT-MA-PM|PT-AC-MA,,,6b75cdf8-c0f2-4a66-a731-32a64af31688
public_holiday,PT,Portugal,St Christina's Day,2023-07-24,2023-07-24,False,,PT-CO-CN,,,4441c651-ee4d-41e6-b1c3-e705c7700cec
public_holiday,PT,Portugal,Municipal holiday,2023-07-24,2023-07-24,False,,PT-LE-PG,,,e6906028-e8ed-452b-830d-4c9374e696a8
public_holiday,PT,Portugal,Day of St Thomas of Mira,2023-07-25,2023-07-25,False,,PT-CO-MI,,,8f134f96-c614-4470-a82b-4ec78eb6aaaf
public_holiday,PT,Portugal,St Christopher's Day,2023-07-25,2023-07-25,False,,PT-AV-OV,,,8f993e69-ee7c-45b5-8e01-b20103bc272f
public_holiday,PT,Portugal,St James' Day,2023-07-25,2023-07-25,False,,PT-SE-SC|PT-BR-CL|PT-VR-MB|PT-CO-CA,,,d611ea8d-9846-473b-bcda-62bc41f2f4a2
public_holiday,PT,Portugal,Municipal holiday,2023-07-26,2023-07-26,False,,PT-LI-LS,,,26b516dc-5559-4fa5-b430-963cf9c257fc
public_holiday,PT,Portugal,Municipal holiday,2023-07-31,2023-07-31,False,,PT-PO-LO,,,0fac8045-7f38-4a7b-b760-3fa8114ffaca
public_holiday,PT,Portugal,Municipal holiday,2023-08-06,2023-08-06,False,,PT-LE-PN,,,2a48b651-b15e-47dc-98af-c2d5c93dd57b
public_holiday,PT,Portugal,St Lawrence's Day,2023-08-10,2023-08-10,False,,PT-VC-PC|PT-BA-VM,,,80318edb-2e6c-42bb-a83e-d95ae8d394d8
public_holiday,PT,Portugal,Municipal holiday,2023-08-11,2023-08-11,False,,PT-AC-PV,,,5ea414d0-9580-438e-9787-09c681ccc646
public_holiday,PT,Portugal,Municipal holiday,2023-08-13,2023-08-13,False,,PT-CO-GO,,,f5a95a3c-605b-43fc-a730-e232a26ac17f
public_holiday,PT,Portugal,Municipal holiday,2023-08-14,2023-08-14,False,,PT-LE-BA|PT-AC-SG|PT-AV-OA|PT-GU-GO|PT-CB-OL,,,22c076d3-a752-48bd-8cbe-ef0139bd2329
public_holiday,PT,Portugal,Assumption Day,2023-08-15,2023-08-15,True,,,,,b787e6af-e80f-4ad4-8ee1-a0f0476ad917
public_holiday,PT,Portugal,Birthday of Couto Jardim,2023-08-16,2023-08-16,False,,PT-EV-VV,,,0d874ce2-c26f-4f8f-9f5d-b9522e5c4d46
public_holiday,PT,Portugal,Municipal holiday,2023-08-16,2023-08-16,False,,PT-VR-RP|PT-VR-PR,,,456bee67-4262-4fd4-b190-8ec187b949a4
public_holiday,PT,Portugal,St Roch's Day,2023-08-16,2023-08-16,False,,PT-AC-SP,,,6bfa7a17-f8d3-49f3-ae63-60038e3245e7
public_holiday,PT,Portugal,Municipal holiday,2023-08-17,2023-08-17,False,,PT-SA-CR,,,ad6fff16-eaaa-4030-a295-601c017b1f7d
public_holiday,PT,Portugal,Municipal holiday,2023-08-19,2023-08-19,False,,PT-BR-ES,,,f7b06329-b323-4934-90da-ec25121c8245
public_holiday,PT,Portugal,Municipal holiday,2023-08-20,2023-08-20,False,,PT-VC-VC|PT-FA-AB|PT-LE-AC,,,84192f5d-b006-4de7-a70e-13d16a943288
public_holiday,PT,Portugal,Day of St Bernard of Clairvaux,2023-08-20,2023-08-20,False,,PT-VI-ST,,,c057ceaa-9628-4db1-b26a-e449c2e2a39c
public_holiday,PT,Portugal,Municipal holiday,2023-08-21,2023-08-21,False,,PT-MA-FU|PT-AV-AL,,,be28a68b-1122-4c82-9d84-60100f706afd
public_holiday,PT,Portugal,Municipal holiday,2023-08-22,2023-08-22,False,,PT-BA-BR,,,3bddeabc-1377-406b-a689-cdf31c2653bd
public_holiday,PT,Portugal,St Bartholomew's Day,2023-08-24,2023-08-24,False,,PT-VC-PB|PT-PO-BA|PT-BA-VF,,,47e14f7a-3f1f-4013-9a54-4d60e7323f71
public_holiday,PT,Portugal,Municipal holiday,2023-08-25,2023-08-25,False,,PT-VI-PC|PT-BA-CA|PT-GU-PI,,,608a9fff-08cb-49ab-aea3-98896432e774
public_holiday,PT,Portugal,Municipal holiday,2023-08-28,2023-08-28,False,,PT-CB-VV|PT-BE-BA,,,b9b2474c-9b74-471e-9470-928119ca8f43
public_holiday,PT,Portugal,Municipal holiday,2023-08-29,2023-08-29,False,,PT-FA-AJ,,,e5e124fa-7912-4661-b66c-f072a413a3b9
public_holiday,PT,Portugal,Conquest of the city from the Moors,2023-09-03,2023-09-03,False,,PT-FA-SI,,,e41f670d-1464-423c-adbc-bf0cf601154d
public_holiday,PT,Portugal,Municipal holiday,2023-09-07,2023-09-07,False,,PT-CO-AR|PT-EV-VN|PT-FA-FA,,,ee61b82a-5681-41a7-89dd-f4cbcc56360a
public_holiday,PT,Portugal,Municipal holiday,2023-09-08,2023-09-08,False,,PT-BE-OD|PT-VI-LA|PT-BE-OU|PT-PO-MC|PT-MA-PD|PT-LE-NA|PT-PA-MA|PT-VR-SA|PT-CO-MV|PT-FA-LA|PT-VI-MA|PT-AV-MU,,,1c13ee50-d9f9-42bf-bb8c-57cdf5f2055c
public_holiday,PT,Portugal,Municipal holiday,2023-09-11,2023-09-11,False,,PT-SE-MT|PT-LI-AM,,,70fa0539-cf22-4ad5-930e-71a676c1475e
public_holiday,PT,Portugal,Municipal holiday,2023-09-15,2023-09-15,False,,PT-SE-SE|PT-CB-FU|PT-FA-AC,,,72a55388-ad00-44f1-bf91-f78679bc2761
public_holiday,PT,Portugal,St Euphemia's Day,2023-09-16,2023-09-16,False,,PT-VI-TO,,,03f6a516-70e6-484b-9861-8354c749def7
public_holiday,PT,Portugal,Municipal holiday,2023-09-19,2023-09-19,False,,PT-CB-VR,,,abdd910b-f99a-49f5-8e71-e070aa9d67b8
public_holiday,PT,Portugal,Municipal holiday,2023-09-20,2023-09-20,False,,PT-VC-PL,,,c7b7face-0251-4a05-80ab-49a7673088a1
public_holiday,PT,Portugal,Municipal holiday,2023-09-21,2023-09-21,False,,PT-VI-VS|PT-CO-SO,,,107838e2-89c2-47ce-b4bd-463df0328f09
public_holiday,PT,Portugal,St Matthew's Day,2023-09-21,2023-09-21,False,,PT-AV-SV,,,4f0ad1f5-a886-4cc2-af38-c8361581df81
public_holiday,PT,Portugal,Municipal holiday,2023-09-22,2023-09-22,False,,PT-SA-SD,,,62e54c38-666f-4bad-85fb-66fed4646d59
public_holiday,PT,Portugal,Municipal holiday,2023-09-29,2023-09-29,False,,PT-VI-TR|PT-VI-RE,,,68e2adbd-cd05-4547-8723-ec311c1a148a
public_holiday,PT,Portugal,Day of St Michael the Archangel,2023-09-29,2023-09-29,False,,PT-BR-CB|PT-GU-FA|PT-CO-PL,,,abd63730-b61e-4828-89e7-d6eb3cffe4ea
public_holiday,PT,Portugal,Municipal holiday,2023-10-01,2023-10-01,False,,PT-VC-VN,,,5935cb00-4529-4a16-9850-9f0418ffffd0
public_holiday,PT,Portugal,Municipal holiday,2023-10-02,2023-10-02,False,,PT-PO-GO,,,823ac56e-9203-4753-9e10-ee1afe77beaf
public_holiday,PT,Portugal,Republic Day,2023-10-05,2023-10-05,True,,,,,81622cc0-8dc7-4155-a4e5-c634a5eca37c
public_holiday,PT,Portugal,Municipal holiday,2023-10-07,2023-10-07,False,,PT-CO-OH|PT-VI-OF,,,3575948e-eae6-430f-b5a1-8ac4e8cc396f
public_holiday,PT,Portugal,Municipal holiday,2023-10-09,2023-10-09,False,,PT-MA-MA|PT-BR-VM,,,12613d57-2fdf-4cc1-8f13-54029f3738db
public_holiday,PT,Portugal,Municipal holiday,2023-10-11,2023-10-11,False,,PT-AV-SJ,,,70074072-aedf-4b8e-89fe-f57e2d587a43
public_holiday,PT,Portugal,Municipal holiday,2023-10-15,2023-10-15,False,,PT-BA-MO,,,26731e49-3f84-4e7d-af55-4f6bad719913
public_holiday,PT,Portugal,Municipal holiday,2023-10-16,2023-10-16,False,,PT-MA-CL,,,309683f5-c9ba-4f53-a1cf-a8c0dd988ab7
public_holiday,PT,Portugal,Municipal holiday,2023-10-20,2023-10-20,False,,PT-CB-CO|PT-BR-TB,,,1487c82e-c923-4290-9b6e-f3cc2bd84b9c
public_holiday,PT,Portugal,Municipal holiday,2023-10-22,2023-10-22,False,,PT-SE-GR,,,43775ebe-5b1f-4f17-9760-ded259f9b15d
public_holiday,PT,Portugal,St Catherine's Day,2023-10-25,2023-10-25,False,,PT-MA-CT,,,3a02c3cb-9ec4-46e4-88ba-0de23f558dbb
public_holiday,PT,Portugal,Municipal holiday,2023-10-27,2023-10-27,False,,PT-FA-LS,,,cf497b71-2051-4156-b9bf-3a04c96918e6
public_holiday,PT,Portugal,All Saints' Day,2023-11-01,2023-11-01,True,,,,,ad5abffa-9b24-4b7d-a7cf-2eb2b852a55d
public_holiday,PT,Portugal,Municipal holiday,2023-11-06,2023-11-06,False,,PT-VR-VA|PT-SA-RM|PT-VR-BO|PT-PO-PF,,,238a7183-9344-4c85-beb0-71474044d3b8
public_holiday,PT,Portugal,St Martin's Day,2023-11-11,2023-11-11,False,,PT-LE-PB|PT-GU-ME|PT-VR-AL|PT-LI-TV|PT-PO-TR|PT-PO-PE,,,9f9b95be-7175-4e6a-a362-40d69c01b4f1
public_holiday,PT,Portugal,Municipal holiday,2023-11-19,2023-11-19,False,,PT-LI-OD,,,529c3e8a-01f7-4dcd-a991-af79054dd39f
public_holiday,PT,Portugal,Municipal holiday,2023-11-23,2023-11-23,False,,PT-PA-GA,,,4148bd95-5832-4040-a21e-cf190fd26079
public_holiday,PT,Portugal,Municipal holiday,2023-11-24,2023-11-24,False,,PT-SA-EN|PT-SE-SI,,,ad5cde84-1866-4e72-8f88-e4ba4a41a98d
public_holiday,PT,Portugal,Municipal holiday,2023-11-27,2023-11-27,False,,PT-GU-GU,,,24cd769d-1c6a-45e7-85c3-12a77b77b903
public_holiday,PT,Portugal,St Andrew's Day,2023-11-30,2023-11-30,False,,PT-VR-MF,,,50a96cb0-554b-469b-bad1-926284bd0002
public_holiday,PT,Portugal,Independence Day,2023-12-01,2023-12-01,True,,,,,b38d9eda-11e7-4272-b380-647833b63182
public_holiday,PT,Portugal,Immaculate Conception Day,2023-12-08,2023-12-08,True,,,,,748a7466-1732-474f-be5c-52342518aaed
public_holiday,PT,Portugal,Municipal holiday,2023-12-11,2023-12-11,False,,PT-FA-PO,,,3beb4f88-afb8-44f1-9789-14d88bec8ea4
public_holiday,PT,Portugal,Christmas,2023-12-25,2023-12-25,True,,,,,855721f7-cad9-4a71-90eb-6382d9b6e6ff
public_holiday,PT,Portugal,Boxing Day,2023-12-26,2023-12-26,False,,PT-MA,,,f0f2e188-ba32-41d6-bcd7-3386560d7a0e
public_holiday,PT,Portugal,New Year's Day,2024-01-01,2024-01-01,True,,,,,d905b3a0-b161-40f5-809a-9ce443ea6ef0
public_holiday,PT,Portugal,Municipal holiday,2024-01-11,2024-01-11,False,,PT-LE-OB,,,25e4fc6e-8b8a-4a02-8c03-929051c81f3a
public_holiday,PT,Portugal,Municipal holiday,2024-01-13,2024-01-13,False,,PT-VR-SM|PT-LI-CD|PT-CO-VP|PT-EV-VA,,,851f6d95-5dd3-413f-b431-0f6d9710b171
public_holiday,PT,Portugal,Municipal holiday,2024-01-14,2024-01-14,False,,PT-PA-EL,,,7ed429ba-6cae-4af5-a5b8-b15a486c089b
public_holiday,PT,Portugal,St Amaro's Day,2024-01-15,2024-01-15,False,,PT-MA-SC,,,e99c8955-fb02-4d11-b64f-f0a37f2ef795
public_holiday,PT,Portugal,Municipal holiday,2024-01-20,2024-01-20,False,,PT-AV-SM,,,0258554d-9f57-49ea-b541-845c824ec12d
public_holiday,PT,Portugal,St Vincent's Day,2024-01-22,2024-01-22,False,,PT-FA-VB|PT-MA-SV,,,29f52bdb-df75-4bbb-9923-2ac5d11e0484
public_holiday,PT,Portugal,Municipal holiday,2024-02-02,2024-02-02,False,,PT-EV-MO,,,4a4dc938-fcd7-4236-a656-47daeb09d105
public_holiday,PT,Portugal,Municipal holiday,2024-02-10,2024-02-10,False,,PT-GU-AB,,,8d1f0eb5-d852-44da-a56a-08c8cd93d21d
public_holiday,PT,Portugal,Carnival,2024-02-13,2024-02-13,True,,,,,2b4d61ff-8382-4ba3-81d2-cbcabb902968
public_holiday,PT,Portugal,Municipal holiday,2024-02-18,2024-02-18,False,,PT-VC-VA,,,86dc3296-c8fc-427d-b6e1-0f2aef0e5843
public_holiday,PT,Portugal,Municipal holiday,2024-03-01,2024-03-01,False,,PT-SA-TM,,,f368fc12-a3a2-4247-8bb8-fcbd14ad88fd
public_holiday,PT,Portugal,Municipal holiday,2024-03-02,2024-03-02,False,,PT-VI-VP,,,152eb4f0-b1d7-45cd-a557-5c87ef12ef09
public_holiday,PT,Portugal,Municipal holiday,2024-03-04,2024-03-04,False,,PT-GU-MA,,,000c2226-ef67-4916-a209-6eaf7d2fa07b
public_holiday,PT,Portugal,Municipal holiday,2024-03-05,2024-03-05,False,,PT-BE-FA,,,bb24742b-8634-44da-bf7b-5e34efadd787
public_holiday,PT,Portugal,Municipal holiday,2024-03-08,2024-03-08,False,,PT-EV-MN,,,8f16f214-ab84-40f8-b4a7-1b1ab9a85819
public_holiday,PT,Portugal,Municipal holiday,2024-03-12,2024-03-12,False,,PT-VC-MO,,,9d06c965-0909-485a-b2ed-366c101dabf0
public_holiday,PT,Portugal,Municipal holiday,2024-03-19,2024-03-19,False,,PT-BR-VZ|PT-SA-SA|PT-BA-TM|PT-BR-PL,,,50e1f79f-1f6b-413a-88ca-fcf55bb7bffe
public_holiday,PT,Portugal,Good Friday,2024-03-29,2024-03-29,True,,,,,f3b0fe59-b37b-41f1-9ce5-b3619cd976cb
public_holiday,PT,Portugal,Easter Sunday,2024-03-31,2024-03-31,True,,,,,daeec60a-4af3-4b8b-9a57-fec3fbec6915
public_holiday,PT,Portugal,Easter Monday,2024-04-01,2024-04-01,False,,PT-PA-CR|PT-AV-IL|PT-EV-MR|PT-PA-NI|PT-EV-BO|PT-PA-PS|PT-VC-CA|PT-SA-MA|PT-BA-FE|PT-SA-CN|PT-PA-CV|PT-PA-CM|PT-EV-RD|PT-PA-SO|PT-EV-PO|PT-BE-CU|PT-CB-PE,,,d4c779e8-0e31-49d3-8173-e4fa9d96f44b
public_holiday,PT,Portugal,Municipal holiday,2024-04-02,2024-04-02,False,,PT-SA-AP|PT-BE-SE,,,fce5b2ee-8873-4d38-956d-7ec08e4795a9
public_holiday,PT,Portugal,Battle of Atoleiros,2024-04-06,2024-04-06,False,,PT-PA-FR,,,5a69284d-3969-4c63-9041-ef26a49ce3cb
public_holiday,PT,Portugal,Monday after the first Sunday after Easter,2024-04-08,2024-04-08,False,,PT-PA-AV|PT-GU-SA|PT-PA-MO|PT-EV-AL,,,e54e2f03-61a1-4d21-ba38-43eec8996792
public_holiday,PT,Portugal,Municipal holiday,2024-04-10,2024-04-10,False,,PT-CO-PS|PT-CO-TA,,,3582e762-e428-4bfa-b9a8-a38ce85d79d6
public_holiday,PT,Portugal,Municipal holiday,2024-04-11,2024-04-11,False,,PT-AC-LG,,,639de0d5-5687-479c-8715-f58c78e7e279
public_holiday,PT,Portugal,Municipal holiday,2024-04-15,2024-04-15,False,,PT-CB-IN,,,26342607-65a9-4773-9170-4e0fd7b3e2af
public_holiday,PT,Portugal,Municipal holiday,2024-04-15,2024-04-15,False,,PT-CB-CB,,,d169f819-e74f-49a1-81d2-1cdd5bf07ab8
public_holiday,PT,Portugal,Municipal holiday,2024-04-22,2024-04-22,False,,PT-AC-PD,,,b9a0bd8d-230c-4265-bcea-8c7ab978be55
public_holiday,PT,Portugal,St George's Day,2024-04-23,2024-04-23,False,,PT-AC-VE,,,2d944a0e-b483-41a4-8017-51e223731418
public_holiday,PT,Portugal,Liberty Day,2024-04-25,2024-04-25,True,,,,,546d7414-ee0b-415e-8386-205946db58b7
public_holiday,PT,Portugal,Municipal holiday,2024-04-26,2024-04-26,False,,PT-CB-BE,,,62bdb60d-405a-4f79-b616-b9099ec1a968
public_holiday,PT,Portugal,Labor Day,2024-05-01,2024-05-01,True,,,,,a3e263b1-4263-4727-9dfe-d4d2536ad71c
public_holiday,PT,Portugal,Municipal holiday,2024-05-02,2024-05-02,False,,PT-AV-AR,,,7519f250-67f8-4def-955b-326454de9bc7
public_holiday,PT,Portugal,Municipal holiday,2024-05-03,2024-05-03,False,,PT-VI-SE|PT-BR-BA,,,d3daf088-41b6-485c-825a-dfd78c756bbd
public_holiday,PT,Portugal,Municipal holiday,2024-05-04,2024-05-04,False,,PT-SE-SS,,,a1237eed-ebc3-4b0d-b719-fdd53fca36fb
public_holiday,PT,Portugal,Municipal holiday,2024-05-08,2024-05-08,False,,PT-VR-MU,,,9f85afb3-5c06-4d65-830d-e9eacbdc136f
public_holiday,PT,Portugal,Municipal holiday,2024-05-09,2024-05-09,False,,PT-LI-VX|PT-LI-AL|PT-VI-SC|PT-LI-AZ|PT-LI-SM|PT-VC-ME|PT-FA-MO|PT-LE-AN|PT-LI-AV|PT-VI-MR|PT-EV-ES|PT-SA-CH|PT-EV-AR|PT-LE-MG|PT-SA-AC|PT-SA-CA|PT-PA-AC|PT-SA-AM|PT-SA-SM|PT-SA-GO|PT-BE-AV|PT-BE-VI|PT-BE-BE|PT-AV-ME|PT-AV-AN|PT-SA-BE|PT-LI-MA|PT-AV-OB|PT-SA-TN,,,d4b86d93-9e7b-4674-a28f-acff2c4a7cb1
public_holiday,PT,Portugal,Municipal holiday,2024-05-12,2024-05-12,False,,PT-AV-AV,,,6f1b7d3d-5679-4400-a073-33702fca10b9
public_holiday,PT,Portugal,Municipal holiday,2024-05-13,2024-05-13,False,,PT-FA-VS,,,4a1d8aeb-cda5-4113-afd2-0e15aecff375
public_holiday,PT,Portugal,Day of St Giles of Santarém,2024-05-14,2024-05-14,False,,PT-VI-VO,,,4453b99a-37fd-4a12-befe-6ded17b5d54c
public_holiday,PT,Portugal,Municipal holiday,2024-05-15,2024-05-15,False,,PT-LE-CR,,,32aa19c9-23fc-47fd-9c45-3cc4e5f5365f
public_holiday,PT,Portugal,Municipal holiday,2024-05-16,2024-05-16,False,,PT-BR-FA,,,b28957b4-cd5f-4c83-9584-78f55d5fba0d
public_holiday,PT,Portugal,Municipal holiday,2024-05-17,2024-05-17,False,,PT-LI-VX|PT-LE-MG|PT-BE-BE|PT-AV-AN|PT-SA-TN,,,44293b07-df3f-44e0-b0cb-292c753cf3e4
public_holiday,PT,Portugal,Whit Monday,2024-05-20,2024-05-20,False,,PT-AV-VG|PT-AV-AG,,,2829f83f-5852-49d6-83a0-c8fbadbca2b5
public_holiday,PT,Portugal,Municipal holiday,2024-05-20,2024-05-20,False,,PT-BA-VN,,,9eb1751f-2ff1-4db3-9a4a-87b817949a97
public_holiday,PT,Portugal,Azores Day,2024-05-20,2024-05-20,False,,PT-AC,,,c512b803-8b85-4d81-97ae-78a417cafe8b
public_holiday,PT,Portugal,Whit Tuesday,2024-05-21,2024-05-21,False,,PT-PO-MT,,,42b91d56-32d3-49df-acfe-17257d879bdd
public_holiday,PT,Portugal,Municipal holiday,2024-05-21,2024-05-21,False,,PT-GU-VF,,,7da8e5f1-9490-470a-be11-e3d545e7e50e
public_holiday,PT,Portugal,Municipal holiday,2024-05-22,2024-05-22,False,,PT-LE-LE,,,d4a2c261-dc3c-4366-9367-44fa385de4bb
public_holiday,PT,Portugal,Municipal holiday,2024-05-23,2024-05-23,False,,PT-PA-PA,,,5e64e08d-3ae8-4fd5-bf8c-9c35984fe945
public_holiday,PT,Portugal,Birthday of Sacadura Cabral,2024-05-23,2024-05-23,False,,PT-GU-CB,,,c7c65a0c-075f-496f-be42-deeb868c58ee
public_holiday,PT,Portugal,Municipal holiday,2024-05-25,2024-05-25,False,,PT-MA-SA|PT-BA-MI|PT-SA-TN|PT-FA-LO,,,cba083d6-d07a-4d9b-9a9d-37cc5bf5ed56
public_holiday,PT,Portugal,Municipal holiday,2024-05-29,2024-05-29,False,,PT-GU-TR,,,c0b22599-88c0-4752-938c-65c8f9939142
public_holiday,PT,Portugal,Corpus Christi,2024-05-30,2024-05-30,True,,,,,08388d6d-e076-48f6-9068-e95cbe53f751
public_holiday,PT,Portugal,Municipal holiday,2024-05-31,2024-05-31,False,,PT-AC-PC,,,656d3e86-fd32-4241-81cb-b2c41e5aa945
public_holiday,PT,Portugal,Municipal holiday,2024-06-01,2024-06-01,False,,PT-SE-PA,,,30095b16-3d02-490e-b1ec-a9c4c44975ca
public_holiday,PT,Portugal,Municipal holiday,2024-06-01,2024-06-01,False,,PT-FA-SB,,,7b6d86dc-38aa-4afd-af31-7b1a586070ec
public_holiday,PT,Portugal,Birthday of José Falcão,2024-06-01,2024-06-01,False,,PT-CO-MC,,,e63126af-1d08-4643-a33c-5d06fbc73ac6
public_holiday,PT,Portugal,Municipal holiday,2024-06-04,2024-06-04,False,,PT-AV-AG,,,a97f4a2c-0b7d-48db-aef0-86a166912ebf
public_holiday,PT,Portugal,Municipal holiday,2024-06-07,2024-06-07,False,,PT-LI-OE,,,ae74d36d-2546-4adf-9f4b-d05af7ff657c
public_holiday,PT,Portugal,Municipal holiday,2024-06-09,2024-06-09,False,,PT-VR-MT,,,d147efc2-5fd4-4856-8e41-4e59ab6c6f04
public_holiday,PT,Portugal,Portugal Day,2024-06-10,2024-06-10,True,,,,,84e34896-1c0e-4056-b6e1-36012e8c1d93
public_holiday,PT,Portugal,St Anthony's Day,2024-06-13,2024-06-13,False,,PT-EV-RM|PT-BR-VV|PT-AV-VC|PT-VR-VR|PT-CB-PN|PT-SA-FZ|PT-BR-AM|PT-AV-ER|PT-LE-AV|PT-SA-VB|PT-BE-AJ|PT-LI-CS|PT-BR-VF|PT-LI-LI,,,666d6dfc-08c3-4c2f-95cc-bf7bb3dc7d08
public_holiday,PT,Portugal,Municipal holiday,2024-06-14,2024-06-14,False,,PT-SA-AB,,,4bf29ca0-1a2a-4c79-9b81-7eac2e9ab1a7
public_holiday,PT,Portugal,Municipal holiday,2024-06-16,2024-06-16,False,,PT-FA-OL|PT-AV-EN,,,44c3b805-e4e7-49e8-9982-5304cfa86015
public_holiday,PT,Portugal,Municipal holiday,2024-06-20,2024-06-20,False,,PT-AC-CO|PT-SA-OU,,,aed815a7-d726-4e36-ba1b-4c82b0d9a36e
public_holiday,PT,Portugal,Municipal holiday,2024-06-22,2024-06-22,False,,PT-VR-VP,,,6b33a139-06d5-4e3b-bba8-04772f8b795b
public_holiday,PT,Portugal,St Day of Nuno de Santa Maria,2024-06-24,2024-06-24,False,,PT-CB-SE,,,099c1203-0d82-45a1-9c5d-fa627e779d9b
public_holiday,PT,Portugal,Battle of São Mamede,2024-06-24,2024-06-24,False,,PT-BR-GU,,,3684b5e2-6149-41c0-9997-998e85cdb7c3
public_holiday,PT,Portugal,St John's Day,2024-06-24,2024-06-24,False,,PT-PO-VG|PT-AV-CP|PT-CO-LO|PT-AC-SF|PT-AC-HO|PT-BR-BR|PT-PO-VA|PT-VI-SJ|PT-SE-AC|PT-PO-PO|PT-AC-AH|PT-PA-AR|PT-PO-VC|PT-BE-MO|PT-VI-NE|PT-BE-AM|PT-VI-MB|PT-AC-VC|PT-LI-LN|PT-LE-FV|PT-FA-CM|PT-AC-CA|PT-SE-AM|PT-VI-TB|PT-VI-AR|PT-VI-CI|PT-BE-ME|PT-AC-VP|PT-SE-AS|PT-FA-TA|PT-CO-FF,,,9afd0453-270a-4c87-8b57-3847493ab273
public_holiday,PT,Portugal,Municipal holiday,2024-06-24,2024-06-24,False,,PT-MA-PS,,,fa160892-9773-4082-900d-8b60c21d3eb8
public_holiday,PT,Portugal,Municipal holiday,2024-06-28,2024-06-28,False,,PT-SE-BA,,,e3d16d38-6c33-49b6-bd12-57727becde99
public_holiday,PT,Portugal,St Peter's Day,2024-06-29,2024-06-29,False,,PT-SE-SX|PT-LI-SI|PT-VI-PE|PT-PO-PV|PT-EV-EV|PT-SE-SE|PT-LI-TV|PT-BR-BA|PT-BA-MC|PT-SE-MN,,,40c8f30c-0462-4b10-ab22-8d61efbc0f9f
public_holiday,PT,Portugal,Municipal holiday,2024-06-29,2024-06-29,False,,PT-AC-LP,,,8abf3d41-2532-4b87-a561-c269e0591aa2
public_holiday,PT,Portugal,St Peter's Day,2024-06-29,2024-06-29,False,,PT-BE-CV|PT-MA-RB|PT-AC-RG|PT-LE-PM|PT-VI-CD|PT-PO-FE|PT-LE-BO|PT-BA-AF|PT-VI-SP,,,e24a889d-7ff8-4dfa-819f-653611e7e262
public_holiday,PT,Portugal,Madeira Day,2024-07-01,2024-07-01,False,,PT-MA,,,f29c7a43-2cfd-4171-8518-b51abf0d72d5
public_holiday,PT,Portugal,Battle of the Côa,2024-07-02,2024-07-02,False,,PT-GU-AL,,,ed26c24f-0179-4100-a96a-b50b6af14415
public_holiday,PT,Portugal,Municipal holiday,2024-07-03,2024-07-03,False,,PT-GU-SE,,,91cc628f-0569-43c9-877c-88df7c36850c
public_holiday,PT,Portugal,Municipal holiday,2024-07-04,2024-07-04,False,,PT-LE-CP|PT-CO-CO,,,d7cb6390-a35b-4536-be2f-0af453ba7bc0
public_holiday,PT,Portugal,Battle of Salgadela,2024-07-07,2024-07-07,False,,PT-GU-FC,,,8dcfc14b-0d23-4a14-bd00-df898ee83608
public_holiday,PT,Portugal,Municipal holiday,2024-07-08,2024-07-08,False,,PT-PO-AM|PT-VR-CH,,,f05f236f-e6f7-4181-b927-3a0f2d0f460c
public_holiday,PT,Portugal,Municipal holiday,2024-07-10,2024-07-10,False,,PT-BA-MD|PT-VC-AV,,,cac2a5af-34fa-4c6c-a133-e5fd527e11ff
public_holiday,PT,Portugal,Day of Benedict of Nursia,2024-07-11,2024-07-11,False,,PT-PO-ST,,,4daf6487-eeef-448a-8501-9bd415bb1d49
public_holiday,PT,Portugal,Municipal holiday,2024-07-15,2024-07-15,False,,PT-PO-MI,,,8fe6b559-0368-48d9-aa63-9597ea8a220f
public_holiday,PT,Portugal,Birthday of António José de Almeid,2024-07-17,2024-07-17,False,,PT-CO-PC,,,23cc6de1-7f0f-4e26-964a-955b2db1e5d7
public_holiday,PT,Portugal,Municipal holiday,2024-07-18,2024-07-18,False,,PT-AC-NO,,,06720614-1a34-4eee-a795-b2ae1be2df27
public_holiday,PT,Portugal,Municipal holiday,2024-07-22,2024-07-22,False,,PT-AC-LF|PT-PO-PA|PT-VI-CS,,,0faa9529-95a7-4911-a876-4f2e15ae8573
public_holiday,PT,Portugal,St Mary Magdalene's Day,2024-07-22,2024-07-22,False,,PT-MA-PM|PT-AC-MA,,,83c9628c-136a-438a-befa-9b958b0136aa
public_holiday,PT,Portugal,Municipal holiday,2024-07-24,2024-07-24,False,,PT-LE-PG,,,01163d88-5447-43dd-8f84-e6f597579cb2
public_holiday,PT,Portugal,St Christina's Day,2024-07-24,2024-07-24,False,,PT-CO-CN,,,cf18f806-97f7-417d-9e7f-28a108144cfa
public_holiday,PT,Portugal,Day of St Thomas of Mira,2024-07-25,2024-07-25,False,,PT-CO-MI,,,076c69a5-797a-4159-aaf1-a8056100be04
public_holiday,PT,Portugal,St James' Day,2024-07-25,2024-07-25,False,,PT-SE-SC|PT-BR-CL|PT-VR-MB|PT-CO-CA,,,4d141eb2-7de9-4c9a-bdbb-c47cee9955f5
public_holiday,PT,Portugal,St Christopher's Day,2024-07-25,2024-07-25,False,,PT-AV-OV,,,7cf451cf-0089-47c6-96f5-2403065549b5
public_holiday,PT,Portugal,Municipal holiday,2024-07-26,2024-07-26,False,,PT-LI-LS,,,c737ceb6-16a4-40c1-827b-89db7a7b0092
public_holiday,PT,Portugal,Municipal holiday,2024-07-29,2024-07-29,False,,PT-PO-LO,,,610434ff-f7f4-44c5-9447-9a8a1fb549c3
public_holiday,PT,Portugal,Municipal holiday,2024-08-06,2024-08-06,False,,PT-LE-PN,,,3a5d85d1-953d-4645-b067-8323948c5186
public_holiday,PT,Portugal,St Lawrence's Day,2024-08-10,2024-08-10,False,,PT-VC-PC|PT-BA-VM,,,4df024a0-e26c-46d1-a809-e969f388d68f
public_holiday,PT,Portugal,Municipal holiday,2024-08-11,2024-08-11,False,,PT-AC-PV,,,fcdf6d9c-881b-4aef-92d1-8279d982c8d6
public_holiday,PT,Portugal,Municipal holiday,2024-08-12,2024-08-12,False,,PT-AC-SG|PT-AV-OA|PT-GU-GO|PT-CB-OL,,,8917a5f3-041a-491e-a09d-772f64b6f1b6
public_holiday,PT,Portugal,Municipal holiday,2024-08-13,2024-08-13,False,,PT-CO-GO,,,a3e0ed25-a651-4b35-ae0a-c320b98473d8
public_holiday,PT,Portugal,Municipal holiday,2024-08-14,2024-08-14,False,,PT-LE-BA,,,71203bdb-7718-4558-95c7-fe44570d65da
public_holiday,PT,Portugal,Assumption Day,2024-08-15,2024-08-15,True,,,,,ac3c22a4-41f6-4a53-a580-7d811e5be3eb
public_holiday,PT,Portugal,Municipal holiday,2024-08-16,2024-08-16,False,,PT-VR-RP|PT-VR-PR,,,50f28267-9ebd-4b24-86ee-430ad3cd75d0
public_holiday,PT,Portugal,St Roch's Day,2024-08-16,2024-08-16,False,,PT-AC-SP,,,83817ceb-89af-4e34-a520-35fc961c3a6b
public_holiday,PT,Portugal,Birthday of Couto Jardim,2024-08-16,2024-08-16,False,,PT-EV-VV,,,fbe9c785-e8c3-409e-9ce9-908e558cccaf
public_holiday,PT,Portugal,Municipal holiday,2024-08-17,2024-08-17,False,,PT-SA-CR,,,ffa805c4-2035-42a7-b07b-46864449f0dd
public_holiday,PT,Portugal,Municipal holiday,2024-08-19,2024-08-19,False,,PT-AV-AL|PT-BR-ES,,,76b76adf-f905-4c1f-961e-c81bf1bafa74
public_holiday,PT,Portugal,Municipal holiday,2024-08-20,2024-08-20,False,,PT-VC-VC|PT-FA-AB|PT-LE-AC,,,5a77b495-212c-4682-b4e3-f783dca01bf7
public_holiday,PT,Portugal,Day of St Bernard of Clairvaux,2024-08-20,2024-08-20,False,,PT-VI-ST,,,6226f73d-54d8-4fb7-b27f-e5a03204d1ce
public_holiday,PT,Portugal,Municipal holiday,2024-08-21,2024-08-21,False,,PT-MA-FU,,,14320d2f-4897-4ca2-90ee-81fffb37a743
public_holiday,PT,Portugal,Municipal holiday,2024-08-22,2024-08-22,False,,PT-BA-BR,,,73b3fcba-8e9f-4da3-9077-8bcd77e41226
public_holiday,PT,Portugal,St Bartholomew's Day,2024-08-24,2024-08-24,False,,PT-VC-PB|PT-PO-BA|PT-BA-VF,,,796f5dc6-6177-40bf-9382-0d2479b32fd6
public_holiday,PT,Portugal,Municipal holiday,2024-08-25,2024-08-25,False,,PT-VI-PC|PT-GU-PI,,,0b82d6e6-46cf-47f3-b44e-65a83decf868
public_holiday,PT,Portugal,Municipal holiday,2024-08-26,2024-08-26,False,,PT-CB-VV,,,9b1d4f19-e315-4d86-852f-f618c987914c
public_holiday,PT,Portugal,Municipal holiday,2024-08-28,2024-08-28,False,,PT-BE-BA,,,4978972b-c656-408f-9f04-1d9614c3085e
public_holiday,PT,Portugal,Municipal holiday,2024-08-29,2024-08-29,False,,PT-FA-AJ,,,7a6c6441-345c-4979-ab1a-7f06c51a8127
public_holiday,PT,Portugal,Municipal holiday,2024-08-30,2024-08-30,False,,PT-BA-CA,,,229fdb94-91db-4117-8146-64db0b0afa2a
public_holiday,PT,Portugal,Conquest of the city from the Moors,2024-09-03,2024-09-03,False,,PT-FA-SI,,,732a43e1-d411-4437-847a-c3c2bc0a9964
public_holiday,PT,Portugal,Municipal holiday,2024-09-07,2024-09-07,False,,PT-CO-AR|PT-EV-VN|PT-FA-FA,,,a8d43e6d-a590-4f69-be81-3ab17b97ebd8
public_holiday,PT,Portugal,Municipal holiday,2024-09-08,2024-09-08,False,,PT-BE-OD|PT-VI-LA|PT-BE-OU|PT-PO-MC|PT-MA-PD|PT-LE-NA|PT-PA-MA|PT-VR-SA|PT-CO-MV|PT-FA-LA|PT-VI-MA|PT-AV-MU,,,22c91bf3-2762-4e3e-9d7f-b17ed406ded5
public_holiday,PT,Portugal,Municipal holiday,2024-09-11,2024-09-11,False,,PT-SE-MT|PT-LI-AM,,,387e9751-9e08-4db8-9b0c-8e447853bfcd
public_holiday,PT,Portugal,Municipal holiday,2024-09-15,2024-09-15,False,,PT-SE-SE|PT-CB-FU|PT-FA-AC,,,664fb3d6-7925-48d0-b9ba-49efca281ed3
public_holiday,PT,Portugal,St Euphemia's Day,2024-09-16,2024-09-16,False,,PT-VI-TO,,,94386b9e-99b6-42a4-89b4-56765c1f5acd
public_holiday,PT,Portugal,Municipal holiday,2024-09-19,2024-09-19,False,,PT-CB-VR,,,488f44aa-bc35-4e3b-8068-a730a8630e46
public_holiday,PT,Portugal,Municipal holiday,2024-09-20,2024-09-20,False,,PT-VC-PL,,,c19ec130-334d-4d01-94f5-f5b09b95112f
public_holiday,PT,Portugal,Municipal holiday,2024-09-21,2024-09-21,False,,PT-VI-VS|PT-CO-SO,,,c50ab6c0-31f7-4e63-ac5a-98fb55f41d38
public_holiday,PT,Portugal,St Matthew's Day,2024-09-21,2024-09-21,False,,PT-AV-SV,,,ee230b57-c004-49fc-a385-6cd955c91365
public_holiday,PT,Portugal,Municipal holiday,2024-09-22,2024-09-22,False,,PT-SA-SD,,,f936e1d1-b69b-4882-a0bb-00bb2478e9ab
public_holiday,PT,Portugal,Day of St Michael the Archangel,2024-09-29,2024-09-29,False,,PT-BR-CB|PT-GU-FA|PT-CO-PL,,,ac5bd7d2-e9c0-4e3c-b426-03b09277866e
public_holiday,PT,Portugal,Municipal holiday,2024-09-29,2024-09-29,False,,PT-VI-TR|PT-VI-RE,,,cc2621a3-a3d3-4b73-a996-4db700523f15
public_holiday,PT,Portugal,Municipal holiday,2024-10-01,2024-10-01,False,,PT-VC-VN,,,53497e83-abc8-4d38-8dae-c7d7f870dc7e
public_holiday,PT,Portugal,Republic Day,2024-10-05,2024-10-05,True,,,,,6032ad82-06cc-4921-b111-f5838cc59f3c
public_holiday,PT,Portugal,Municipal holiday,2024-10-07,2024-10-07,False,,PT-CO-OH|PT-BR-VM|PT-VI-OF|PT-PO-GO,,,90d62613-c3d8-49ff-81d7-ae4a5b96e300
public_holiday,PT,Portugal,Municipal holiday,2024-10-09,2024-10-09,False,,PT-MA-MA,,,dbd51878-bbed-4ab8-8bd8-5aaad5f4170f
public_holiday,PT,Portugal,Municipal holiday,2024-10-11,2024-10-11,False,,PT-AV-SJ,,,3262c4f1-6f23-4999-a4f8-e64581d28bdd
public_holiday,PT,Portugal,Municipal holiday,2024-10-15,2024-10-15,False,,PT-BA-MO,,,aa0f1881-abc0-4278-b79f-04c0e22d3846
public_holiday,PT,Portugal,Municipal holiday,2024-10-16,2024-10-16,False,,PT-MA-CL,,,05422a15-47b0-478f-af8a-865bc7c46d2f
public_holiday,PT,Portugal,Municipal holiday,2024-10-20,2024-10-20,False,,PT-CB-CO|PT-BR-TB,,,0cf08cc7-c380-4633-81c2-6244b5dc5644
public_holiday,PT,Portugal,Municipal holiday,2024-10-22,2024-10-22,False,,PT-SE-GR,,,a4a4fb2f-7344-4e54-a0f8-c16b01edc46a
public_holiday,PT,Portugal,St Catherine's Day,2024-10-25,2024-10-25,False,,PT-MA-CT,,,f8db8616-620b-4d01-b61b-c79957c332be
public_holiday,PT,Portugal,Municipal holiday,2024-10-27,2024-10-27,False,,PT-FA-LS,,,3696a28c-ddaa-43bc-b4f0-a2d40a267cb1
public_holiday,PT,Portugal,All Saints' Day,2024-11-01,2024-11-01,True,,,,,840cb5bb-d1e4-44b1-9cb9-63f380b77cb4
public_holiday,PT,Portugal,Municipal holiday,2024-11-06,2024-11-06,False,,PT-VR-VA|PT-SA-RM|PT-VR-BO|PT-PO-PF,,,0cb8d013-8b4f-44c7-8c38-683df5d21ba4
public_holiday,PT,Portugal,St Martin's Day,2024-11-11,2024-11-11,False,,PT-LE-PB|PT-GU-ME|PT-VR-AL|PT-LI-TV|PT-PO-TR|PT-PO-PE,,,69c0fbc1-cc8e-4684-9489-bdfa4fc0a8a1
public_holiday,PT,Portugal,Municipal holiday,2024-11-19,2024-11-19,False,,PT-LI-OD,,,b8781925-8d75-455d-8100-40dfe6e516b1
public_holiday,PT,Portugal,Municipal holiday,2024-11-23,2024-11-23,False,,PT-PA-GA,,,ab42e676-87b2-4483-a0ed-1b4146196fa7
public_holiday,PT,Portugal,Municipal holiday,2024-11-24,2024-11-24,False,,PT-SA-EN|PT-SE-SI,,,375cc7df-be97-4521-8d25-72b836f743e2
public_holiday,PT,Portugal,Municipal holiday,2024-11-27,2024-11-27,False,,PT-GU-GU,,,ce2b2bec-8e19-47d2-9ba4-60f0709144ce
public_holiday,PT,Portugal,St Andrew's Day,2024-11-30,2024-11-30,False,,PT-VR-MF,,,d2af2999-97f3-4ab6-aa3f-0c1a79c813ba
public_holiday,PT,Portugal,Independence Day,2024-12-01,2024-12-01,True,,,,,15f70a18-6e47-488a-aaee-9322aebe840f
public_holiday,PT,Portugal,Immaculate Conception Day,2024-12-08,2024-12-08,True,,,,,97f632f8-7d5a-489e-9111-66bc6e1fab32
public_holiday,PT,Portugal,Municipal holiday,2024-12-11,2024-12-11,False,,PT-FA-PO,,,ddc90cd9-e662-441e-8ae2-4e4e6512cae7
public_holiday,PT,Portugal,Christmas,2024-12-25,2024-12-25,True,,,,,145ebb2e-3375-4f0d-bc6c-cee998871dfe
public_holiday,PT,Portugal,Boxing Day,2024-12-26,2024-12-26,False,,PT-MA,,,9786b198-eb5f-4e74-b87a-b9e0c3dd4240
public_holiday,PT,Portugal,New Year's Day,2025-01-01,2025-01-01,True,,,,,556f819f-56e2-498d-9a1e-599017e85f8a
public_holiday,PT,Portugal,Municipal holiday,2025-01-11,2025-01-11,False,,PT-LE-OB,,,8b5dcdb6-ca26-4252-b7a7-d9489358dce0
public_holiday,PT,Portugal,Municipal holiday,2025-01-13,2025-01-13,False,,PT-VR-SM|PT-LI-CD|PT-CO-VP|PT-EV-VA,,,cc508c57-52f1-4aca-8a82-ab333314875b
public_holiday,PT,Portugal,Municipal holiday,2025-01-14,2025-01-14,False,,PT-PA-EL,,,f3cb5db9-444b-493c-b472-a502bb339f05
public_holiday,PT,Portugal,St Amaro's Day,2025-01-15,2025-01-15,False,,PT-MA-SC,,,34c21d41-2711-4ab6-93cf-5d09a1ef1b6c
public_holiday,PT,Portugal,Municipal holiday,2025-01-20,2025-01-20,False,,PT-AV-SM,,,ed2503d5-f288-4e55-b4dc-6c30388f4856
public_holiday,PT,Portugal,St Vincent's Day,2025-01-22,2025-01-22,False,,PT-FA-VB|PT-MA-SV,,,5fee6b1d-23bf-457c-8dc3-b96923a79200
public_holiday,PT,Portugal,Municipal holiday,2025-02-02,2025-02-02,False,,PT-EV-MO,,,456280b6-1eb9-4ce3-b0f8-313ff5ca9d45
public_holiday,PT,Portugal,Municipal holiday,2025-02-10,2025-02-10,False,,PT-GU-AB,,,54f4740b-fdfb-479c-b4d5-9ffe666f69e3
public_holiday,PT,Portugal,Municipal holiday,2025-02-18,2025-02-18,False,,PT-VC-VA,,,53bde8cb-5005-481d-88fa-0624a070d97a
public_holiday,PT,Portugal,Municipal holiday,2025-03-01,2025-03-01,False,,PT-SA-TM,,,785296e8-66cd-4e25-bf9b-c28c9520475b
public_holiday,PT,Portugal,Municipal holiday,2025-03-02,2025-03-02,False,,PT-VI-VP,,,578d3f80-fef0-4d04-9e4a-8e7ebaf5f406
public_holiday,PT,Portugal,Carnival,2025-03-04,2025-03-04,True,,,,,177be62f-624c-4d18-94c5-3a588fd4c307
public_holiday,PT,Portugal,Municipal holiday,2025-03-04,2025-03-04,False,,PT-GU-MA,,,9f354ef4-045b-49ca-b300-0b1b9e271a5c
public_holiday,PT,Portugal,Municipal holiday,2025-03-05,2025-03-05,False,,PT-BE-FA,,,22653014-cc88-4460-a93b-2d8688696fdf
public_holiday,PT,Portugal,Municipal holiday,2025-03-08,2025-03-08,False,,PT-EV-MN,,,d7acaf13-cb31-43ea-860f-a09758b66981
public_holiday,PT,Portugal,Municipal holiday,2025-03-12,2025-03-12,False,,PT-VC-MO,,,80c694ca-242f-44a0-8a05-c7f4834949f3
public_holiday,PT,Portugal,Municipal holiday,2025-03-19,2025-03-19,False,,PT-BR-VZ|PT-SA-SA|PT-BA-TM|PT-BR-PL,,,a9f8009a-e90d-4b61-98ff-538bf61b3a33
public_holiday,PT,Portugal,Municipal holiday,2025-04-02,2025-04-02,False,,PT-SA-AP,,,382724d3-8d4c-42bb-a974-b7e30ae3880c
public_holiday,PT,Portugal,Battle of Atoleiros,2025-04-06,2025-04-06,False,,PT-PA-FR,,,f9b5f1d6-b93e-45a7-b1bb-4f038e21689c
public_holiday,PT,Portugal,Municipal holiday,2025-04-10,2025-04-10,False,,PT-CO-PS|PT-CO-TA,,,0a5d1f54-6cf6-4f1b-9e0d-b4e58ae7e200
public_holiday,PT,Portugal,Municipal holiday,2025-04-11,2025-04-11,False,,PT-AC-LG,,,9b3ec176-932a-4e8f-af87-8d262f258327
public_holiday,PT,Portugal,Good Friday,2025-04-18,2025-04-18,True,,,,,6dc9e537-28fc-43f1-b739-1c831c6e2f34
public_holiday,PT,Portugal,Easter Sunday,2025-04-20,2025-04-20,True,,,,,035df30c-4f45-4e47-9205-75e2b5dcf802
public_holiday,PT,Portugal,Easter Monday,2025-04-21,2025-04-21,False,,PT-PA-CR|PT-AV-IL|PT-EV-MR|PT-PA-NI|PT-EV-BO|PT-PA-PS|PT-VC-CA|PT-SA-MA|PT-BA-FE|PT-SA-CN|PT-PA-CV|PT-PA-CM|PT-EV-RD|PT-PA-SO|PT-EV-PO|PT-BE-CU|PT-CB-PE,,,372a56cd-946d-4bd6-b5f1-367965f5f159
public_holiday,PT,Portugal,Municipal holiday,2025-04-22,2025-04-22,False,,PT-AC-PD|PT-BE-SE,,,fdbef48e-620f-4de3-8020-8e6f13ae7fe8
public_holiday,PT,Portugal,St George's Day,2025-04-23,2025-04-23,False,,PT-AC-VE,,,eaf093c1-8b3d-4c66-93c2-f6573f214fc2
public_holiday,PT,Portugal,Liberty Day,2025-04-25,2025-04-25,True,,,,,40b8df7c-98b5-4333-8449-1ef5a81a586b
public_holiday,PT,Portugal,Municipal holiday,2025-04-26,2025-04-26,False,,PT-CB-BE,,,4b36bb0d-ec72-4d1a-aef3-7291c577d3a5
public_holiday,PT,Portugal,Monday after the first Sunday after Easter,2025-04-28,2025-04-28,False,,PT-PA-AV|PT-GU-SA|PT-PA-MO|PT-EV-AL,,,6ea0e5ad-9bf6-4ff7-82d2-9dbab2b72bb4
public_holiday,PT,Portugal,Labor Day,2025-05-01,2025-05-01,True,,,,,37b51c8a-de34-4d38-898c-2e9504474fc8
public_holiday,PT,Portugal,Municipal holiday,2025-05-02,2025-05-02,False,,PT-AV-AR,,,ccf091b6-b392-4a2a-991b-927397b98afa
public_holiday,PT,Portugal,Municipal holiday,2025-05-03,2025-05-03,False,,PT-VI-SE|PT-BR-BA,,,538c37b9-d8e6-4d06-8e96-e330881aa150
public_holiday,PT,Portugal,Municipal holiday,2025-05-04,2025-05-04,False,,PT-SE-SS,,,95aa4f68-00bd-4bd4-8e89-8061ef2368ba
public_holiday,PT,Portugal,Municipal holiday,2025-05-05,2025-05-05,False,,PT-CB-CB,,,265c6803-e956-4ffd-ac85-97b9fe8105e3
public_holiday,PT,Portugal,Municipal holiday,2025-05-05,2025-05-05,False,,PT-CB-IN,,,99bf6de0-4e1e-4bf1-90e5-51f65ad88eec
public_holiday,PT,Portugal,Municipal holiday,2025-05-08,2025-05-08,False,,PT-VR-MU,,,2334134a-ba46-4e16-8ff0-e07375e825df
public_holiday,PT,Portugal,Municipal holiday,2025-05-12,2025-05-12,False,,PT-AV-AV,,,66f98bcc-57e5-42c7-9920-86aa0ca385b8
public_holiday,PT,Portugal,Municipal holiday,2025-05-13,2025-05-13,False,,PT-FA-VS,,,ed8a4ee6-e6e9-4c1d-9352-418ba68bb61a
public_holiday,PT,Portugal,Day of St Giles of Santarém,2025-05-14,2025-05-14,False,,PT-VI-VO,,,40d519dc-a1ec-4e7e-8b6c-899c52e6e549
public_holiday,PT,Portugal,Municipal holiday,2025-05-15,2025-05-15,False,,PT-LE-CR,,,cc3eb446-ff05-4977-ad6c-0965d11c377c
public_holiday,PT,Portugal,Municipal holiday,2025-05-16,2025-05-16,False,,PT-BR-FA,,,dd0cea70-d7c2-45f4-a49f-a5de6942525a
public_holiday,PT,Portugal,Municipal holiday,2025-05-17,2025-05-17,False,,PT-LI-VX|PT-LE-MG|PT-BE-BE|PT-AV-AN|PT-SA-TN,,,ed2dfbe1-9ab6-4008-acfc-8dfe4eae7bdb
public_holiday,PT,Portugal,Municipal holiday,2025-05-20,2025-05-20,False,,PT-BA-VN,,,b1c55ca3-97d7-4685-b435-30436d5dc6f8
public_holiday,PT,Portugal,Municipal holiday,2025-05-21,2025-05-21,False,,PT-GU-VF,,,c5b5a59c-a138-4025-808d-a1b65ef5ee0f
public_holiday,PT,Portugal,Municipal holiday,2025-05-22,2025-05-22,False,,PT-LE-LE,,,178b6973-5fdd-4e57-93b2-75c7bf85c1b5
public_holiday,PT,Portugal,Birthday of Sacadura Cabral,2025-05-23,2025-05-23,False,,PT-GU-CB,,,23d188db-780d-434f-b1a5-26ff9061153d
public_holiday,PT,Portugal,Municipal holiday,2025-05-23,2025-05-23,False,,PT-PA-PA,,,b956bfcf-4075-495a-a786-e1e1e8547f25
public_holiday,PT,Portugal,Municipal holiday,2025-05-25,2025-05-25,False,,PT-MA-SA|PT-BA-MI|PT-SA-TN|PT-FA-LO,,,f9421434-e416-4fb7-8477-e28aceb26c78
public_holiday,PT,Portugal,Municipal holiday,2025-05-29,2025-05-29,False,,PT-LI-VX|PT-LI-AL|PT-VI-SC|PT-LI-AZ|PT-LI-SM|PT-VC-ME|PT-FA-MO|PT-LE-AN|PT-LI-AV|PT-VI-MR|PT-EV-ES|PT-SA-CH|PT-GU-TR|PT-EV-AR|PT-LE-MG|PT-SA-AC|PT-SA-CA|PT-PA-AC|PT-SA-AM|PT-SA-SM|PT-SA-GO|PT-BE-AV|PT-BE-VI|PT-BE-BE|PT-AV-ME|PT-AV-AN|PT-SA-BE|PT-LI-MA|PT-AV-OB|PT-SA-TN,,,3f5736fe-2cde-4f0c-863d-66cfae76971d
public_holiday,PT,Portugal,Birthday of José Falcão,2025-06-01,2025-06-01,False,,PT-CO-MC,,,69983d0c-0669-4f3e-be51-209bcc0ecfef
public_holiday,PT,Portugal,Municipal holiday,2025-06-01,2025-06-01,False,,PT-SE-PA,,,c64e171e-a80a-4c8f-8a30-d9fab59fbcf3
public_holiday,PT,Portugal,Municipal holiday,2025-06-01,2025-06-01,False,,PT-FA-SB,,,ded481e3-039f-4683-9400-9811329f91ec
public_holiday,PT,Portugal,Municipal holiday,2025-06-04,2025-06-04,False,,PT-AV-AG,,,55492cf9-a9e3-4564-bd67-46e45a6bb87b
public_holiday,PT,Portugal,Municipal holiday,2025-06-07,2025-06-07,False,,PT-LI-OE,,,7c4cdce3-434d-4ff0-8279-3654f7e7d6be
public_holiday,PT,Portugal,Whit Monday,2025-06-09,2025-06-09,False,,PT-AV-VG|PT-AV-AG,,,594b14fb-6869-4abf-8432-5b36f3ece2a1
public_holiday,PT,Portugal,Azores Day,2025-06-09,2025-06-09,False,,PT-AC,,,7ab47b64-8607-42d8-b121-036e3d0c5be3
public_holiday,PT,Portugal,Municipal holiday,2025-06-09,2025-06-09,False,,PT-VR-MT,,,e59c5758-8b2f-4fe8-8ff7-60bb27d956a9
public_holiday,PT,Portugal,Whit Tuesday,2025-06-10,2025-06-10,False,,PT-PO-MT,,,3bc0a10a-3b91-464d-82e2-6e4da453c70c
public_holiday,PT,Portugal,Portugal Day,2025-06-10,2025-06-10,True,,,,,8b912098-6f90-48e0-9971-ee0039744575
public_holiday,PT,Portugal,St Anthony's Day,2025-06-13,2025-06-13,False,,PT-EV-RM|PT-BR-VV|PT-AV-VC|PT-VR-VR|PT-CB-PN|PT-SA-FZ|PT-BR-AM|PT-AV-ER|PT-LE-AV|PT-SA-VB|PT-BE-AJ|PT-LI-CS|PT-BR-VF|PT-LI-LI,,,27032c41-0bb4-4ba7-8b58-50da804760ce
public_holiday,PT,Portugal,Municipal holiday,2025-06-14,2025-06-14,False,,PT-SA-AB,,,0cc80368-e823-448f-9560-3bb57a24fa9a
public_holiday,PT,Portugal,Municipal holiday,2025-06-16,2025-06-16,False,,PT-FA-OL|PT-AV-EN,,,35ee00c1-968e-4389-97d4-0c564521a00f
public_holiday,PT,Portugal,Corpus Christi,2025-06-19,2025-06-19,True,,,,,4008d91f-4308-41c8-bf50-927d709ba511
public_holiday,PT,Portugal,Municipal holiday,2025-06-20,2025-06-20,False,,PT-AC-CO|PT-AC-PC|PT-SA-OU,,,61df77ab-6e34-4c0a-a434-57a3645e448f
public_holiday,PT,Portugal,Municipal holiday,2025-06-22,2025-06-22,False,,PT-VR-VP,,,b96ed037-bc20-4c6a-aabe-75c3bfdd1491
public_holiday,PT,Portugal,St John's Day,2025-06-24,2025-06-24,False,,PT-PO-VG|PT-AV-CP|PT-CO-LO|PT-AC-SF|PT-AC-HO|PT-BR-BR|PT-PO-VA|PT-VI-SJ|PT-SE-AC|PT-PO-PO|PT-AC-AH|PT-PA-AR|PT-PO-VC|PT-BE-MO|PT-VI-NE|PT-BE-AM|PT-VI-MB|PT-AC-VC|PT-LI-LN|PT-LE-FV|PT-FA-CM|PT-AC-CA|PT-SE-AM|PT-VI-TB|PT-VI-AR|PT-VI-CI|PT-BE-ME|PT-AC-VP|PT-SE-AS|PT-FA-TA|PT-CO-FF,,,03503bbf-f424-4f51-8eec-904792df94d1
public_holiday,PT,Portugal,Battle of São Mamede,2025-06-24,2025-06-24,False,,PT-BR-GU,,,66ae4e14-60f6-4f67-a2de-8c639a0cf34f
public_holiday,PT,Portugal,St Day of Nuno de Santa Maria,2025-06-24,2025-06-24,False,,PT-CB-SE,,,a0dc9294-2ea3-49b4-bc91-bcc12f32ebb1
public_holiday,PT,Portugal,Municipal holiday,2025-06-24,2025-06-24,False,,PT-MA-PS,,,e0924e5a-7886-48cf-9bf0-cba2762094e3
public_holiday,PT,Portugal,Municipal holiday,2025-06-28,2025-06-28,False,,PT-SE-BA,,,c7fa5e31-9de8-4aa8-b5c7-218e7772f939
public_holiday,PT,Portugal,St Peter's Day,2025-06-29,2025-06-29,False,,PT-SE-SX|PT-LI-SI|PT-VI-PE|PT-PO-PV|PT-EV-EV|PT-SE-SE|PT-LI-TV|PT-BR-BA|PT-BA-MC|PT-SE-MN,,,54383a6b-2305-4f10-9707-fddfc8b55830
public_holiday,PT,Portugal,Municipal holiday,2025-06-29,2025-06-29,False,,PT-AC-LP,,,aa6832f8-bdba-4f78-a49a-6874fd00f277
public_holiday,PT,Portugal,St Peter's Day,2025-06-29,2025-06-29,False,,PT-BE-CV|PT-MA-RB|PT-AC-RG|PT-LE-PM|PT-VI-CD|PT-PO-FE|PT-LE-BO|PT-BA-AF|PT-VI-SP,,,b40e8c2e-4343-4515-a768-a8e426061f27
public_holiday,PT,Portugal,Madeira Day,2025-07-01,2025-07-01,False,,PT-MA,,,11cf5a34-f107-497b-a86e-d729caf2c060
public_holiday,PT,Portugal,Battle of the Côa,2025-07-02,2025-07-02,False,,PT-GU-AL,,,d4b63fd4-3101-402b-95c2-cdde80a476c5
public_holiday,PT,Portugal,Municipal holiday,2025-07-03,2025-07-03,False,,PT-GU-SE,,,04b80a61-76f8-489e-a1e2-bda296bb9376
public_holiday,PT,Portugal,Municipal holiday,2025-07-04,2025-07-04,False,,PT-LE-CP|PT-CO-CO,,,df6c6667-4232-4cbc-b4b9-640924804766
public_holiday,PT,Portugal,Battle of Salgadela,2025-07-07,2025-07-07,False,,PT-GU-FC,,,4a943cdd-cc15-47bf-aa43-98b604ceaeaf
public_holiday,PT,Portugal,Municipal holiday,2025-07-08,2025-07-08,False,,PT-PO-AM|PT-VR-CH,,,f6e8856b-c375-4c40-9d81-2d1730066f09
public_holiday,PT,Portugal,Municipal holiday,2025-07-10,2025-07-10,False,,PT-BA-MD|PT-VC-AV,,,ab5b54f1-86fb-492d-843a-7f554eb827b2
public_holiday,PT,Portugal,Day of Benedict of Nursia,2025-07-11,2025-07-11,False,,PT-PO-ST,,,181adea2-810e-46f0-aceb-2da841196b14
public_holiday,PT,Portugal,Municipal holiday,2025-07-14,2025-07-14,False,,PT-PO-MI,,,7158c1d2-eeb5-4bbd-8bc1-adb59af5d8cd
public_holiday,PT,Portugal,Birthday of António José de Almeid,2025-07-17,2025-07-17,False,,PT-CO-PC,,,92de0671-ff25-4fbe-a81d-5763ee26684f
public_holiday,PT,Portugal,Municipal holiday,2025-07-18,2025-07-18,False,,PT-AC-NO,,,bad151e5-96a3-46d6-94d9-8c563a3e6c17
public_holiday,PT,Portugal,Municipal holiday,2025-07-21,2025-07-21,False,,PT-AC-LF|PT-PO-PA|PT-VI-CS,,,831b0da4-3390-416a-880e-7e88cd2ee00c
public_holiday,PT,Portugal,St Mary Magdalene's Day,2025-07-22,2025-07-22,False,,PT-MA-PM|PT-AC-MA,,,823318e0-71dc-4c8c-8821-89dbc7b17d59
public_holiday,PT,Portugal,St Christina's Day,2025-07-24,2025-07-24,False,,PT-CO-CN,,,30678172-b90c-453a-bc14-59feb902214e
public_holiday,PT,Portugal,Municipal holiday,2025-07-24,2025-07-24,False,,PT-LE-PG,,,5b5c7c20-8c79-42aa-87cf-d03ee7b06b0d
public_holiday,PT,Portugal,St Christopher's Day,2025-07-25,2025-07-25,False,,PT-AV-OV,,,2a7e7591-f19d-4dd6-8ade-9e3b6596c1e0
public_holiday,PT,Portugal,Day of St Thomas of Mira,2025-07-25,2025-07-25,False,,PT-CO-MI,,,9884aa3f-09fc-44ea-a19c-f86c243a5850
public_holiday,PT,Portugal,St James' Day,2025-07-25,2025-07-25,False,,PT-SE-SC|PT-BR-CL|PT-VR-MB|PT-CO-CA,,,dfc2bb97-8822-4913-ad97-a8d5229bb58f
public_holiday,PT,Portugal,Municipal holiday,2025-07-26,2025-07-26,False,,PT-LI-LS,,,fafa03ff-0a43-49e0-b0c3-5cbac35f14a3
public_holiday,PT,Portugal,Municipal holiday,2025-07-28,2025-07-28,False,,PT-PO-LO,,,5ae603da-7da1-4521-892f-0cd9b3bd8a6a
public_holiday,PT,Portugal,Municipal holiday,2025-08-06,2025-08-06,False,,PT-LE-PN,,,b6472c9b-7e18-4b17-b61d-ff2d08fd18e8
public_holiday,PT,Portugal,St Lawrence's Day,2025-08-10,2025-08-10,False,,PT-VC-PC|PT-BA-VM,,,5e4fb90d-345e-4d82-ae0f-00f5f97d2f6a
public_holiday,PT,Portugal,Municipal holiday,2025-08-11,2025-08-11,False,,PT-AC-SG|PT-AV-OA|PT-GU-GO|PT-AC-PV|PT-CB-OL,,,785c1766-988b-457c-a563-e0fdb2e55cf0
public_holiday,PT,Portugal,Municipal holiday,2025-08-13,2025-08-13,False,,PT-CO-GO,,,c985fc6d-5610-4977-890c-0d28982791a6
public_holiday,PT,Portugal,Municipal holiday,2025-08-14,2025-08-14,False,,PT-LE-BA,,,2f1fc691-3a45-4d3e-8505-f76bbf60790c
public_holiday,PT,Portugal,Assumption Day,2025-08-15,2025-08-15,True,,,,,1b06541b-f2c3-46ea-a897-046652f0ee82
public_holiday,PT,Portugal,Municipal holiday,2025-08-16,2025-08-16,False,,PT-VR-RP|PT-VR-PR,,,4d7d71eb-6c2c-4951-beb6-e3cac48543f0
public_holiday,PT,Portugal,Birthday of Couto Jardim,2025-08-16,2025-08-16,False,,PT-EV-VV,,,8f3a0844-9b0b-42f3-ab9e-09a005fbc67c
public_holiday,PT,Portugal,St Roch's Day,2025-08-16,2025-08-16,False,,PT-AC-SP,,,c090a587-bebe-4471-b646-7d44807d9a34
public_holiday,PT,Portugal,Municipal holiday,2025-08-17,2025-08-17,False,,PT-SA-CR,,,367aab78-18ae-44ac-8c21-4b2f05268894
public_holiday,PT,Portugal,Municipal holiday,2025-08-18,2025-08-18,False,,PT-AV-AL,,,d183e8cc-c9fc-442b-a9ec-91d50cdd7354
public_holiday,PT,Portugal,Municipal holiday,2025-08-19,2025-08-19,False,,PT-BR-ES,,,f70c1486-09a9-46c6-8ea9-232c53dfb640
public_holiday,PT,Portugal,Day of St Bernard of Clairvaux,2025-08-20,2025-08-20,False,,PT-VI-ST,,,c494496a-e09a-476f-9f0f-1958b11ec1fb
public_holiday,PT,Portugal,Municipal holiday,2025-08-20,2025-08-20,False,,PT-VC-VC|PT-FA-AB|PT-LE-AC,,,cd8799ac-0213-43cf-8623-71b6b29dcc97
public_holiday,PT,Portugal,Municipal holiday,2025-08-21,2025-08-21,False,,PT-MA-FU,,,a9c27675-ce68-44ff-bee7-a14d0d94e4d4
public_holiday,PT,Portugal,Municipal holiday,2025-08-22,2025-08-22,False,,PT-BA-BR,,,3a3abe22-831b-4dbc-ada1-1dc70611d0da
public_holiday,PT,Portugal,St Bartholomew's Day,2025-08-24,2025-08-24,False,,PT-VC-PB|PT-PO-BA|PT-BA-VF,,,3895b527-f347-420c-8923-eda318987c85
public_holiday,PT,Portugal,Municipal holiday,2025-08-25,2025-08-25,False,,PT-CB-VV|PT-VI-PC|PT-GU-PI,,,8ae335d9-cc5c-432a-9d57-454028bd3cd2
public_holiday,PT,Portugal,Municipal holiday,2025-08-28,2025-08-28,False,,PT-BE-BA,,,c31d16d7-ab14-45a2-b1c6-c63f25c57b0d
public_holiday,PT,Portugal,Municipal holiday,2025-08-29,2025-08-29,False,,PT-BA-CA|PT-FA-AJ,,,ecb255ca-177c-4977-b67b-4d5a3676c0cc
public_holiday,PT,Portugal,Conquest of the city from the Moors,2025-09-03,2025-09-03,False,,PT-FA-SI,,,e40c5c82-969a-44e3-be75-86328979196a
public_holiday,PT,Portugal,Municipal holiday,2025-09-07,2025-09-07,False,,PT-CO-AR|PT-EV-VN|PT-FA-FA,,,1e92ca26-fa18-4918-9cf8-d40a75b0d6e4
public_holiday,PT,Portugal,Municipal holiday,2025-09-08,2025-09-08,False,,PT-BE-OD|PT-VI-LA|PT-BE-OU|PT-PO-MC|PT-MA-PD|PT-LE-NA|PT-PA-MA|PT-VR-SA|PT-CO-MV|PT-FA-LA|PT-VI-MA|PT-AV-MU,,,0728a32c-5f11-407b-b576-2dab11beca2d
public_holiday,PT,Portugal,Municipal holiday,2025-09-11,2025-09-11,False,,PT-SE-MT|PT-LI-AM,,,b814933e-1593-4d72-838d-dedc8e8652b1
public_holiday,PT,Portugal,Municipal holiday,2025-09-15,2025-09-15,False,,PT-SE-SE|PT-CB-FU|PT-FA-AC,,,ab6926a5-749d-40f6-aee5-ebcf62a4520c
public_holiday,PT,Portugal,St Euphemia's Day,2025-09-16,2025-09-16,False,,PT-VI-TO,,,fa9f2de0-2bc0-4ecf-bd9f-6f9cdc73784a
public_holiday,PT,Portugal,Municipal holiday,2025-09-19,2025-09-19,False,,PT-CB-VR,,,fffc4cff-25ab-41ba-be7d-65a78d0f4cb3
public_holiday,PT,Portugal,Municipal holiday,2025-09-20,2025-09-20,False,,PT-VC-PL,,,e53fbd58-e393-4da2-b2ec-77cea47e3bbd
public_holiday,PT,Portugal,Municipal holiday,2025-09-21,2025-09-21,False,,PT-VI-VS|PT-CO-SO,,,05c93b0a-0009-4eeb-bce7-6957da42fcb6
public_holiday,PT,Portugal,St Matthew's Day,2025-09-21,2025-09-21,False,,PT-AV-SV,,,3b3d87ca-dd91-4f32-aeab-72054cd2e4bb
public_holiday,PT,Portugal,Municipal holiday,2025-09-22,2025-09-22,False,,PT-SA-SD,,,8989d5b4-6790-49f9-b4da-6437352a366c
public_holiday,PT,Portugal,Day of St Michael the Archangel,2025-09-29,2025-09-29,False,,PT-BR-CB|PT-GU-FA|PT-CO-PL,,,0d01e33f-5a74-45f7-a6f0-262be94780a2
public_holiday,PT,Portugal,Municipal holiday,2025-09-29,2025-09-29,False,,PT-VI-TR|PT-VI-RE,,,e7ad11de-0bec-4a45-8aff-63d33caccf6e
public_holiday,PT,Portugal,Municipal holiday,2025-10-01,2025-10-01,False,,PT-VC-VN,,,f0e2cb8b-e528-4659-9140-6ecc037e7de1
public_holiday,PT,Portugal,Republic Day,2025-10-05,2025-10-05,True,,,,,7f92fd24-535d-404d-a8b7-a363f632eb1c
public_holiday,PT,Portugal,Municipal holiday,2025-10-06,2025-10-06,False,,PT-BR-VM|PT-PO-GO,,,6b409093-e955-4937-99ad-5d2427c8eaa5
public_holiday,PT,Portugal,Municipal holiday,2025-10-07,2025-10-07,False,,PT-CO-OH|PT-VI-OF,,,4119cf56-fa43-43fe-b445-265f5a23a343
public_holiday,PT,Portugal,Municipal holiday,2025-10-09,2025-10-09,False,,PT-MA-MA,,,a1a6aba8-6697-4b22-aeef-3be0fa48441d
public_holiday,PT,Portugal,Municipal holiday,2025-10-11,2025-10-11,False,,PT-AV-SJ,,,fedb3729-0e84-494f-bc7e-2787b36651a8
public_holiday,PT,Portugal,Municipal holiday,2025-10-15,2025-10-15,False,,PT-BA-MO,,,1c7953ea-afd0-4227-9f60-48dc49e6caa4
public_holiday,PT,Portugal,Municipal holiday,2025-10-16,2025-10-16,False,,PT-MA-CL,,,7ac59e35-51d2-45ef-b31a-dcfc946e3e02
public_holiday,PT,Portugal,Municipal holiday,2025-10-20,2025-10-20,False,,PT-CB-CO|PT-BR-TB,,,4ca94c9b-5dca-4d71-95d8-4f0587ad7404
public_holiday,PT,Portugal,Municipal holiday,2025-10-22,2025-10-22,False,,PT-SE-GR,,,c013dbc0-a534-4053-9f2c-a60f58b08cbb
public_holiday,PT,Portugal,St Catherine's Day,2025-10-25,2025-10-25,False,,PT-MA-CT,,,eba6a08b-dc7d-47e0-b639-15ba81ca09a4
public_holiday,PT,Portugal,Municipal holiday,2025-10-27,2025-10-27,False,,PT-FA-LS,,,6d308e64-b058-46c0-8045-c514bfd644eb
public_holiday,PT,Portugal,All Saints' Day,2025-11-01,2025-11-01,True,,,,,2442451c-3186-48b6-ba4e-fc52d8282fa9
public_holiday,PT,Portugal,Municipal holiday,2025-11-06,2025-11-06,False,,PT-VR-VA|PT-SA-RM|PT-VR-BO|PT-PO-PF,,,7300cad7-acfe-4757-bd64-3985aeba07c3
public_holiday,PT,Portugal,St Martin's Day,2025-11-11,2025-11-11,False,,PT-LE-PB|PT-GU-ME|PT-VR-AL|PT-LI-TV|PT-PO-TR|PT-PO-PE,,,7dc4589b-1e71-4569-9049-977b32a05d2e
public_holiday,PT,Portugal,Municipal holiday,2025-11-19,2025-11-19,False,,PT-LI-OD,,,6b30e3d9-4d6b-4ef6-a058-d3b7ccedb46b
public_holiday,PT,Portugal,Municipal holiday,2025-11-23,2025-11-23,False,,PT-PA-GA,,,29c3671d-4d4e-44f8-acca-062ec592ee5e
public_holiday,PT,Portugal,Municipal holiday,2025-11-24,2025-11-24,False,,PT-SA-EN|PT-SE-SI,,,d7401994-a0cc-4d06-b815-e42fd54d3a48
public_holiday,PT,Portugal,Municipal holiday,2025-11-27,2025-11-27,False,,PT-GU-GU,,,504815d7-3f6b-439f-a7f3-b099c89ca521
public_holiday,PT,Portugal,St Andrew's Day,2025-11-30,2025-11-30,False,,PT-VR-MF,,,0f2202f2-08e2-48f5-8592-ae1264207ff1
public_holiday,PT,Portugal,Independence Day,2025-12-01,2025-12-01,True,,,,,246eb060-45fb-4069-9afd-dbef3c1f4758
public_holiday,PT,Portugal,Immaculate Conception Day,2025-12-08,2025-12-08,True,,,,,3d0ecf15-beb2-4a44-8051-71f428fe3684
public_holiday,PT,Portugal,Municipal holiday,2025-12-11,2025-12-11,False,,PT-FA-PO,,,4b925157-69fc-4fd1-b759-b481ad5ad32e
public_holiday,PT,Portugal,Christmas,2025-12-25,2025-12-25,True,,,,,9824adc5-fbf0-4800-ab29-cf8cdbef7fca
public_holiday,PT,Portugal,Boxing Day,2025-12-26,2025-12-26,False,,PT-MA,,,5be2f7db-6930-4f90-b89c-d03309e5cd3b
school_holiday,PT,Portugal,Christmas holidays,2022-12-19,2023-01-02,True,,,,,f10c31a7-2f43-489d-935f-cb6722f03182
school_holiday,PT,Portugal,Carnival holidays,2023-02-20,2023-02-22,True,,,,,f1136082-d1fa-43a9-bfb8-4451120c64b3
school_holiday,PT,Portugal,Easter holidays,2023-04-03,2023-04-14,True,,,,,1ac1b8bd-a4dd-4be0-8e77-a2d34e2f1d30
school_holiday,PT,Portugal,Summer holidays,2023-06-08,2023-09-11,True,,,,"[{'language': 'EN', 'text': '9th, 11th and 12th grades'}]",3ca586a3-a212-4a40-869a-ff79f90781fc
school_holiday,PT,Portugal,Summer holidays,2023-06-15,2023-09-11,True,,,,"[{'language': 'EN', 'text': '5th, 6th, 7th, 8th and 10th grades'}]",8bacf741-89a7-409b-b01a-daec18f73b35
school_holiday,PT,Portugal,Summer holidays,2023-07-01,2023-09-11,True,,,,"[{'language': 'EN', 'text': 'Pre-school education and 1st, 2nd, 3rd and 4th grades'}]",b23d7dc8-c2ef-411a-aea3-39d936352efe
school_holiday,PT,Portugal,Christmas holidays,2023-12-18,2024-01-02,True,,,,,7895a195-f45e-4822-9d87-93bf3b33d193
school_holiday,PT,Portugal,Carnival holidays,2024-02-12,2024-02-14,True,,,,,5923ab86-0394-472f-a1ed-90350c663c5d
school_holiday,PT,Portugal,Easter holidays,2024-03-25,2024-04-05,True,,,,,f5f877ee-d8aa-475f-9375-528d3027416f
school_holiday,PT,Portugal,Summer holidays,2024-06-05,2024-09-11,True,,,,"[{'language': 'EN', 'text': '9th, 11th and 12th grades'}]",9b047af5-a916-410f-ae3b-474e284be386
school_holiday,PT,Portugal,Summer holidays,2024-06-15,2024-09-11,True,,,,"[{'language': 'EN', 'text': '5th, 6th, 7th, 8th and 10th grades'}]",e1f74e06-f6b5-41d3-b821-4feba1ca2bac
school_holiday,PT,Portugal,Summer holidays,2024-06-29,2024-09-11,True,,,,"[{'language': 'EN', 'text': 'Pre-school education and 1st, 2nd, 3rd and 4th grades'}]",84696cc8-5666-4e4b-9a9f-50152b438c40
school_holiday,PT,Portugal,Christmas holidays,2024-12-18,2025-01-03,True,,,,,ac976de0-a115-4577-8a45-c5e4e0e4e8f9
school_holiday,PT,Portugal,Carnival holidays,2025-03-03,2025-03-05,True,,,,,869d1fc2-ddf7-4439-b494-d1d6ccd3b090
school_holiday,PT,Portugal,Easter holidays,2025-04-07,2025-04-21,True,,,,,fb026fe7-bc97-4536-b608-18ffaefce849
school_holiday,PT,Portugal,Summer holidays,2025-06-07,2025-09-10,True,,,,"[{'language': 'EN', 'text': '9th, 11th and 12th grades'}]",4dc54156-9f9f-40d9-845f-5f1f6baa5886
school_holiday,PT,Portugal,Summer holidays,2025-06-14,2025-09-10,True,,,,"[{'language': 'EN', 'text': '5th, 6th, 7th, 8th and 10th grades'}]",d6e0e794-db44-42c5-be73-390f9ef26571
school_holiday,PT,Portugal,Summer holidays,2025-06-28,2025-09-10,True,,,,"[{'language': 'EN', 'text': 'Pre-school education and 1st, 2nd, 3rd and 4th grades'}]",33a815a6-9bcc-48a8-ae98-0fc27cc48fde
school_holiday,PT,Portugal,Christmas holidays,2025-12-16,2026-01-05,True,,,,,d5ea568d-f5ad-4cc3-849f-8dd7ae7c23ce
public_holiday,PT,Portugal,New Year's Day,2026-01-01,2026-01-01,True,,,,,eb86e163-1ed7-4b16-aab6-dee82f79d51b
public_holiday,PT,Portugal,Municipal holiday,2026-01-11,2026-01-11,False,,PT-LE-OB,,,a1658ed4-d834-4c8e-b91a-6faca4beb01e
public_holiday,PT,Portugal,Municipal holiday,2026-01-13,2026-01-13,False,,PT-VR-SM|PT-LI-CD|PT-CO-VP|PT-EV-VA,,,cf009943-c80a-4a3d-9c3c-4479dadb2b52
public_holiday,PT,Portugal,Municipal holiday,2026-01-14,2026-01-14,False,,PT-PA-EL,,,25b9c6ae-65e5-478a-b5c5-98eb067caef4
public_holiday,PT,Portugal,St Amaro's Day,2026-01-15,2026-01-15,False,,PT-MA-SC,,,6ff9aa0f-813e-4e71-bf81-b398e9c06137
public_holiday,PT,Portugal,Municipal holiday,2026-01-20,2026-01-20,False,,PT-AV-SM,,,cbae83c9-3487-4bb8-b298-283e92c942c9
public_holiday,PT,Portugal,St Vincent's Day,2026-01-22,2026-01-22,False,,PT-FA-VB|PT-MA-SV,,,e2228ff0-35e8-47ad-9770-9573a7df69f0
public_holiday,PT,Portugal,Municipal holiday,2026-02-02,2026-02-02,False,,PT-EV-MO,,,ee768bb1-5071-46c2-ba9b-eb0d57fb731c
public_holiday,PT,Portugal,Municipal holiday,2026-02-10,2026-02-10,False,,PT-GU-AB,,,55e57583-ee08-437d-aae8-414a8f040beb
public_holiday,PT,Portugal,Carnival,2026-02-17,2026-02-17,True,,,,,fc1236a1-20e5-4704-b80b-a29045e56bb5
public_holiday,PT,Portugal,Municipal holiday,2026-02-18,2026-02-18,False,,PT-VC-VA,,,14be2370-d685-44d9-9878-4ec18c7c8026
public_holiday,PT,Portugal,Municipal holiday,2026-03-01,2026-03-01,False,,PT-SA-TM,,,75835db6-9020-4103-b419-57d8bb02847a
public_holiday,PT,Portugal,Municipal holiday,2026-03-02,2026-03-02,False,,PT-VI-VP,,,31721d5b-84cb-4e14-9625-8b567cf2728e
public_holiday,PT,Portugal,Municipal holiday,2026-03-04,2026-03-04,False,,PT-GU-MA,,,e9766ab5-7734-4877-bd3c-3d1f8ebe12bc
public_holiday,PT,Portugal,Municipal holiday,2026-03-05,2026-03-05,False,,PT-BE-FA,,,e47262a6-11e5-42d0-b4ed-8a0ae82cb9d3
public_holiday,PT,Portugal,Municipal holiday,2026-03-08,2026-03-08,False,,PT-EV-MN,,,b821bc39-3858-454d-9daa-402c828b7d44
public_holiday,PT,Portugal,Municipal holiday,2026-03-12,2026-03-12,False,,PT-VC-MO,,,937cf76f-ca81-432d-8ae2-2e9b83a11871
public_holiday,PT,Portugal,Municipal holiday,2026-03-19,2026-03-19,False,,PT-BR-VZ|PT-SA-SA|PT-BA-TM|PT-BR-PL,,,712698a3-6d4d-4517-983d-c4b939e88b72
public_holiday,PT,Portugal,Municipal holiday,2026-04-02,2026-04-02,False,,PT-SA-AP,,,4b333acb-0f39-4bde-b59a-ae2d6d6a0158
public_holiday,PT,Portugal,Good Friday,2026-04-03,2026-04-03,True,,,,,b795d6b9-c230-4054-bbc7-0b4bbbae1d71
public_holiday,PT,Portugal,Easter Sunday,2026-04-05,2026-04-05,True,,,,,af6096ef-ba9c-40d7-ab0f-62e8e21f85c9
public_holiday,PT,Portugal,Battle of Atoleiros,2026-04-06,2026-04-06,False,,PT-PA-FR,,,db92a6ea-e441-4451-9b5d-43f11b3a54a9
public_holiday,PT,Portugal,Easter Monday,2026-04-06,2026-04-06,False,,PT-PA-CR|PT-AV-IL|PT-EV-MR|PT-PA-NI|PT-EV-BO|PT-PA-PS|PT-VC-CA|PT-SA-MA|PT-BA-FE|PT-SA-CN|PT-PA-CV|PT-PA-CM|PT-EV-RD|PT-PA-SO|PT-EV-PO|PT-BE-CU|PT-CB-PE,,,e120652a-8915-414d-907c-e3094819b2ce
public_holiday,PT,Portugal,Municipal holiday,2026-04-07,2026-04-07,False,,PT-BE-SE,,,bbe25f3d-8e2d-4f91-83c9-42c00628e1bf
public_holiday,PT,Portugal,Municipal holiday,2026-04-10,2026-04-10,False,,PT-CO-PS|PT-CO-TA,,,89d396f0-fa88-4f6e-9457-32858463d1c2
public_holiday,PT,Portugal,Municipal holiday,2026-04-11,2026-04-11,False,,PT-AC-LG,,,534d0eaf-1fbc-4ca4-a1e4-ce955de34ea4
public_holiday,PT,Portugal,Monday after the first Sunday after Easter,2026-04-13,2026-04-13,False,,PT-PA-AV|PT-GU-SA|PT-PA-MO|PT-EV-AL,,,180e96f6-1437-4f3f-862a-b8005cd25340
public_holiday,PT,Portugal,Municipal holiday,2026-04-20,2026-04-20,False,,PT-CB-CB,,,03ca5f86-a94d-42cc-949d-c105b6469b73
public_holiday,PT,Portugal,Municipal holiday,2026-04-20,2026-04-20,False,,PT-CB-IN,,,42c17097-36f9-4eeb-83c2-4808a0e2be29
public_holiday,PT,Portugal,Municipal holiday,2026-04-22,2026-04-22,False,,PT-AC-PD,,,d729fccb-f1da-4d30-9a11-485a75183246
public_holiday,PT,Portugal,St George's Day,2026-04-23,2026-04-23,False,,PT-AC-VE,,,c2ace560-d63c-4076-a8e3-07dbb2a464d2
public_holiday,PT,Portugal,Liberty Day,2026-04-25,2026-04-25,True,,,,,f30befde-c2c5-4bc8-ba70-492cbcbb7a78
public_holiday,PT,Portugal,Municipal holiday,2026-04-26,2026-04-26,False,,PT-CB-BE,,,c68e69a4-3464-4e26-8757-1a9643025c4c
public_holiday,PT,Portugal,Labor Day,2026-05-01,2026-05-01,True,,,,,d931fd2b-f291-4547-8712-afbb83367bf1
public_holiday,PT,Portugal,Municipal holiday,2026-05-02,2026-05-02,False,,PT-AV-AR,,,8b4cb1db-2c74-4380-93be-60fe446c4596
public_holiday,PT,Portugal,Municipal holiday,2026-05-03,2026-05-03,False,,PT-VI-SE|PT-BR-BA,,,9fec357d-9c3b-4e0c-8510-68f36262d751
public_holiday,PT,Portugal,Municipal holiday,2026-05-04,2026-05-04,False,,PT-SE-SS,,,76ea7bb3-7f7b-449a-8a5d-acd49b79ac6a
public_holiday,PT,Portugal,Municipal holiday,2026-05-08,2026-05-08,False,,PT-VR-MU,,,1682b4f6-fd8e-479c-a2a7-c75476894d14
public_holiday,PT,Portugal,Municipal holiday,2026-05-12,2026-05-12,False,,PT-AV-AV,,,252cc905-0cc4-46a6-b94f-7c9fbf93e1ff
public_holiday,PT,Portugal,Municipal holiday,2026-05-13,2026-05-13,False,,PT-FA-VS,,,20ac94a8-71fa-404a-ba44-08237f991caf
public_holiday,PT,Portugal,Day of St Giles of Santarém,2026-05-14,2026-05-14,False,,PT-VI-VO,,,02a0502a-6cd5-46c5-a271-26039320f69f
public_holiday,PT,Portugal,Municipal holiday,2026-05-14,2026-05-14,False,,PT-LI-VX|PT-LI-AL|PT-VI-SC|PT-LI-AZ|PT-LI-SM|PT-VC-ME|PT-FA-MO|PT-LE-AN|PT-LI-AV|PT-VI-MR|PT-EV-ES|PT-SA-CH|PT-EV-AR|PT-LE-MG|PT-SA-AC|PT-SA-CA|PT-PA-AC|PT-SA-AM|PT-SA-SM|PT-SA-GO|PT-BE-AV|PT-BE-VI|PT-BE-BE|PT-AV-ME|PT-AV-AN|PT-SA-BE|PT-LI-MA|PT-AV-OB|PT-SA-TN,,,a5ed8ed6-5e1c-45d5-b78e-d8d3d27a1246
public_holiday,PT,Portugal,Municipal holiday,2026-05-15,2026-05-15,False,,PT-LE-CR,,,1f31485e-6656-4ac1-9590-cc00d713f6a0
public_holiday,PT,Portugal,Municipal holiday,2026-05-16,2026-05-16,False,,PT-BR-FA,,,23fad1bc-5368-4da0-87f7-bbf14463ca3c
public_holiday,PT,Portugal,Municipal holiday,2026-05-17,2026-05-17,False,,PT-LI-VX|PT-LE-MG|PT-BE-BE|PT-AV-AN|PT-SA-TN,,,d328b5dc-7898-4a28-8b79-8c5d3b5e4b7d
public_holiday,PT,Portugal,Municipal holiday,2026-05-20,2026-05-20,False,,PT-BA-VN,,,ff3c65f0-4727-4817-85c7-491b466f096c
public_holiday,PT,Portugal,Municipal holiday,2026-05-21,2026-05-21,False,,PT-GU-VF,,,11ccb529-ac74-4f4f-ad03-d32c3cfc55be
public_holiday,PT,Portugal,Municipal holiday,2026-05-22,2026-05-22,False,,PT-LE-LE,,,9e05b6b6-b68d-4941-95de-be2de321c5d0
public_holiday,PT,Portugal,Municipal holiday,2026-05-23,2026-05-23,False,,PT-PA-PA,,,732b2593-a5bf-4ab5-90e1-95877ed22c80
public_holiday,PT,Portugal,Birthday of Sacadura Cabral,2026-05-23,2026-05-23,False,,PT-GU-CB,,,f138cf8b-06ac-490d-994e-44ee1d9cc8fa
public_holiday,PT,Portugal,Azores Day,2026-05-25,2026-05-25,False,,PT-AC,,,5ddfcc52-ea06-4a80-9a05-4fa21d86b4fb
public_holiday,PT,Portugal,Whit Monday,2026-05-25,2026-05-25,False,,PT-AV-VG|PT-AV-AG,,,c848f2a1-a276-4e38-9282-5bbc8daffad5
public_holiday,PT,Portugal,Municipal holiday,2026-05-25,2026-05-25,False,,PT-MA-SA|PT-BA-MI|PT-SA-TN|PT-FA-LO,,,ea9931b8-a479-45c3-afd0-72f517210247
public_holiday,PT,Portugal,Whit Tuesday,2026-05-26,2026-05-26,False,,PT-PO-MT,,,f4a97adc-f767-48a7-b206-cc9a14e428bf
public_holiday,PT,Portugal,Municipal holiday,2026-05-29,2026-05-29,False,,PT-GU-TR,,,b39c42ae-2f20-47f6-bb4a-f40ef4ae3b77
public_holiday,PT,Portugal,Birthday of José Falcão,2026-06-01,2026-06-01,False,,PT-CO-MC,,,17fad516-ccb8-47ce-9947-6721eccb6833
public_holiday,PT,Portugal,Municipal holiday,2026-06-01,2026-06-01,False,,PT-SE-PA,,,5757a2b6-5063-425d-a60e-794aff3e8f71
public_holiday,PT,Portugal,Municipal holiday,2026-06-01,2026-06-01,False,,PT-FA-SB,,,a08ee596-0591-4aa1-8192-e519123a369e
public_holiday,PT,Portugal,Corpus Christi,2026-06-04,2026-06-04,True,,,,,abc5571a-b6b8-40aa-b166-bb57d5b562e4
public_holiday,PT,Portugal,Municipal holiday,2026-06-04,2026-06-04,False,,PT-AV-AG,,,d5d2550f-e7e5-422b-874a-8480ac8fb63a
public_holiday,PT,Portugal,Municipal holiday,2026-06-05,2026-06-05,False,,PT-AC-PC,,,e71b3a68-df70-4ad2-a45e-536b12748534
public_holiday,PT,Portugal,Municipal holiday,2026-06-07,2026-06-07,False,,PT-LI-OE,,,eb052a2c-4546-485b-a800-7517581c626e
public_holiday,PT,Portugal,Municipal holiday,2026-06-09,2026-06-09,False,,PT-VR-MT,,,88ab6674-cc4b-4f70-ab63-e717a51dce92
public_holiday,PT,Portugal,Portugal Day,2026-06-10,2026-06-10,True,,,,,41bc2134-572f-4a30-9a1f-afce15e7c236
public_holiday,PT,Portugal,St Anthony's Day,2026-06-13,2026-06-13,False,,PT-EV-RM|PT-BR-VV|PT-AV-VC|PT-VR-VR|PT-CB-PN|PT-SA-FZ|PT-BR-AM|PT-AV-ER|PT-LE-AV|PT-SA-VB|PT-BE-AJ|PT-LI-CS|PT-BR-VF|PT-LI-LI,,,572e6982-fe8c-4c71-a2b3-b219573ecf29
public_holiday,PT,Portugal,Municipal holiday,2026-06-14,2026-06-14,False,,PT-SA-AB,,,3ca1cfe4-3301-4f99-a131-71546565e1bf
public_holiday,PT,Portugal,Municipal holiday,2026-06-16,2026-06-16,False,,PT-FA-OL|PT-AV-EN,,,e45899bb-66b3-470d-ae63-6ce5dfbe4322
public_holiday,PT,Portugal,Municipal holiday,2026-06-20,2026-06-20,False,,PT-AC-CO|PT-SA-OU,,,cdc38d19-6291-4e5c-90df-c93382534ed0
public_holiday,PT,Portugal,Municipal holiday,2026-06-22,2026-06-22,False,,PT-VR-VP,,,2155f493-dee2-4483-934a-f2829e1bcb59
public_holiday,PT,Portugal,St John's Day,2026-06-24,2026-06-24,False,,PT-PO-VG|PT-AV-CP|PT-CO-LO|PT-AC-SF|PT-AC-HO|PT-BR-BR|PT-PO-VA|PT-VI-SJ|PT-SE-AC|PT-PO-PO|PT-AC-AH|PT-PA-AR|PT-PO-VC|PT-BE-MO|PT-VI-NE|PT-BE-AM|PT-VI-MB|PT-AC-VC|PT-LI-LN|PT-LE-FV|PT-FA-CM|PT-AC-CA|PT-SE-AM|PT-VI-TB|PT-VI-AR|PT-VI-CI|PT-BE-ME|PT-AC-VP|PT-SE-AS|PT-FA-TA|PT-CO-FF,,,108b484a-4821-4ae9-8690-42da992ce3ef
public_holiday,PT,Portugal,Battle of São Mamede,2026-06-24,2026-06-24,False,,PT-BR-GU,,,436b3dc7-5cb2-4774-a671-25cba45eed50
public_holiday,PT,Portugal,St Day of Nuno de Santa Maria,2026-06-24,2026-06-24,False,,PT-CB-SE,,,f24ce11b-f974-4dca-a082-ea1471705695
public_holiday,PT,Portugal,Municipal holiday,2026-06-24,2026-06-24,False,,PT-MA-PS,,,f6297509-58c3-40c7-85f2-085f18a1fa65
public_holiday,PT,Portugal,Municipal holiday,2026-06-28,2026-06-28,False,,PT-SE-BA,,,fad34182-5f48-439b-9182-c9e1d5339898
public_holiday,PT,Portugal,St Peter's Day,2026-06-29,2026-06-29,False,,PT-SE-SX|PT-LI-SI|PT-VI-PE|PT-PO-PV|PT-EV-EV|PT-SE-SE|PT-LI-TV|PT-BR-BA|PT-BA-MC|PT-SE-MN,,,0ab2d992-b655-4656-90ff-1a2bf0d2ce62
public_holiday,PT,Portugal,Municipal holiday,2026-06-29,2026-06-29,False,,PT-AC-LP,,,c08a60ed-168b-4426-aae0-032a65ebea2e
public_holiday,PT,Portugal,St Peter's Day,2026-06-29,2026-06-29,False,,PT-BE-CV|PT-MA-RB|PT-AC-RG|PT-LE-PM|PT-VI-CD|PT-PO-FE|PT-LE-BO|PT-BA-AF|PT-VI-SP,,,c8bdfd0a-6ddd-4aa0-8872-0c492631f329
public_holiday,PT,Portugal,Madeira Day,2026-07-01,2026-07-01,False,,PT-MA,,,cc20ad6d-b172-4f23-a03d-a2e516e8f054
public_holiday,PT,Portugal,Battle of the Côa,2026-07-02,2026-07-02,False,,PT-GU-AL,,,0c5213af-6b90-452b-af88-93ce9f63e378
public_holiday,PT,Portugal,Municipal holiday,2026-07-03,2026-07-03,False,,PT-GU-SE,,,5dd7d4b1-6ba7-4ef5-82f3-4ba71fe0a6ae
public_holiday,PT,Portugal,Municipal holiday,2026-07-04,2026-07-04,False,,PT-LE-CP|PT-CO-CO,,,31d6e225-de30-4390-a57e-de776c4b5928
public_holiday,PT,Portugal,Battle of Salgadela,2026-07-07,2026-07-07,False,,PT-GU-FC,,,9055b573-3580-43b3-b234-c479e1b7e606
public_holiday,PT,Portugal,Municipal holiday,2026-07-08,2026-07-08,False,,PT-PO-AM|PT-VR-CH,,,921a0492-6843-44a1-a36b-453337843d2b
public_holiday,PT,Portugal,Municipal holiday,2026-07-10,2026-07-10,False,,PT-BA-MD|PT-VC-AV,,,6ba93976-f2f5-46e2-b472-8559c432146d
public_holiday,PT,Portugal,Day of Benedict of Nursia,2026-07-11,2026-07-11,False,,PT-PO-ST,,,377ae993-92c1-4ab7-b13b-ef01f368a4c7
public_holiday,PT,Portugal,Municipal holiday,2026-07-13,2026-07-13,False,,PT-PO-MI,,,7df1ab3f-f37c-4993-b7c2-8613ed6a78d3
public_holiday,PT,Portugal,Birthday of António José de Almeid,2026-07-17,2026-07-17,False,,PT-CO-PC,,,70e0189b-14df-4b57-86ef-983896ddbb3b
public_holiday,PT,Portugal,Municipal holiday,2026-07-18,2026-07-18,False,,PT-AC-NO,,,89b76ee3-06ff-4ccf-91dd-520424aa6458
public_holiday,PT,Portugal,Municipal holiday,2026-07-20,2026-07-20,False,,PT-AC-LF|PT-PO-PA|PT-VI-CS,,,9cb27d93-ea07-4952-b444-1548427e0de1
public_holiday,PT,Portugal,St Mary Magdalene's Day,2026-07-22,2026-07-22,False,,PT-MA-PM|PT-AC-MA,,,04755aba-79f8-48c3-8c48-96c24e7183a0
public_holiday,PT,Portugal,St Christina's Day,2026-07-24,2026-07-24,False,,PT-CO-CN,,,66ebb5a6-9c9f-48bb-ac60-d92d5930d3bf
public_holiday,PT,Portugal,Municipal holiday,2026-07-24,2026-07-24,False,,PT-LE-PG,,,d506896b-fce4-4e64-9454-56e3f0e2144b
public_holiday,PT,Portugal,St Christopher's Day,2026-07-25,2026-07-25,False,,PT-AV-OV,,,7a2b6813-ba14-4269-9ca4-46d9cee26cee
public_holiday,PT,Portugal,St James' Day,2026-07-25,2026-07-25,False,,PT-SE-SC|PT-BR-CL|PT-VR-MB|PT-CO-CA,,,b57bd7ea-a796-4f48-96a9-d7bc63247c20
public_holiday,PT,Portugal,Day of St Thomas of Mira,2026-07-25,2026-07-25,False,,PT-CO-MI,,,dba02fd0-d2dc-4593-8e3e-57deba0f30f1
public_holiday,PT,Portugal,Municipal holiday,2026-07-26,2026-07-26,False,,PT-LI-LS,,,df4412a6-915d-49e4-83e4-0981066ac2cb
public_holiday,PT,Portugal,Municipal holiday,2026-07-27,2026-07-27,False,,PT-PO-LO,,,42cf3e80-e188-4e1e-8b23-2acd98e73811
public_holiday,PT,Portugal,Municipal holiday,2026-08-06,2026-08-06,False,,PT-LE-PN,,,006cef0b-736b-489b-8bbd-d17b9ad17ab3
public_holiday,PT,Portugal,Municipal holiday,2026-08-10,2026-08-10,False,,PT-AC-SG|PT-AV-OA|PT-GU-GO|PT-CB-OL,,,bb818f11-4881-4474-96c0-d61af346713a
public_holiday,PT,Portugal,St Lawrence's Day,2026-08-10,2026-08-10,False,,PT-VC-PC|PT-BA-VM,,,f258c56f-bced-4c95-bcb8-a84c3a44f4c3
public_holiday,PT,Portugal,Municipal holiday,2026-08-11,2026-08-11,False,,PT-AC-PV,,,04a05da5-d274-4fcc-9d7a-19802f9b8deb
public_holiday,PT,Portugal,Municipal holiday,2026-08-13,2026-08-13,False,,PT-CO-GO,,,9b7025ee-997b-4523-a1d7-91a2d45266c9
public_holiday,PT,Portugal,Municipal holiday,2026-08-14,2026-08-14,False,,PT-LE-BA,,,72bb4dcb-569b-4e42-b7e0-4199d52c378f
public_holiday,PT,Portugal,Assumption Day,2026-08-15,2026-08-15,True,,,,,f6ead66e-408e-48a2-8441-9207cf6b9361
public_holiday,PT,Portugal,Birthday of Couto Jardim,2026-08-16,2026-08-16,False,,PT-EV-VV,,,0db6259e-833e-4b75-9cae-7d3f403841e7
public_holiday,PT,Portugal,St Roch's Day,2026-08-16,2026-08-16,False,,PT-AC-SP,,,4ea3d05c-d18e-4546-b38d-55158439be68
public_holiday,PT,Portugal,Municipal holiday,2026-08-16,2026-08-16,False,,PT-VR-RP|PT-VR-PR,,,818ff8c8-70a7-4a0d-ad2a-1b5029e3fb83
public_holiday,PT,Portugal,Municipal holiday,2026-08-17,2026-08-17,False,,PT-SA-CR|PT-AV-AL,,,99d0a30a-8dd0-4972-9898-f8eb8cedebbc
public_holiday,PT,Portugal,Municipal holiday,2026-08-19,2026-08-19,False,,PT-BR-ES,,,a55c95b2-764c-4a21-b77c-e4831881eb10
public_holiday,PT,Portugal,Day of St Bernard of Clairvaux,2026-08-20,2026-08-20,False,,PT-VI-ST,,,c78ab223-2f2f-4c14-a735-5efcab65e893
public_holiday,PT,Portugal,Municipal holiday,2026-08-20,2026-08-20,False,,PT-VC-VC|PT-FA-AB|PT-LE-AC,,,dac171af-76f7-4292-a7bc-d46fa9144a5e
public_holiday,PT,Portugal,Municipal holiday,2026-08-21,2026-08-21,False,,PT-MA-FU,,,1a1d8d73-9c5d-4ac3-8c3d-4419f9551717
public_holiday,PT,Portugal,Municipal holiday,2026-08-22,2026-08-22,False,,PT-BA-BR,,,621e2b96-a24b-4191-9b3c-492d15381297
public_holiday,PT,Portugal,St Bartholomew's Day,2026-08-24,2026-08-24,False,,PT-VC-PB|PT-PO-BA|PT-BA-VF,,,712f70dd-f9b2-4e4a-a939-9b06bd88c64e
public_holiday,PT,Portugal,Municipal holiday,2026-08-24,2026-08-24,False,,PT-CB-VV,,,e3143e29-bdb3-49ae-b581-432c27f1d836
public_holiday,PT,Portugal,Municipal holiday,2026-08-25,2026-08-25,False,,PT-VI-PC|PT-GU-PI,,,a754265f-adfb-4eef-85ec-301cf35c9de5
public_holiday,PT,Portugal,Municipal holiday,2026-08-28,2026-08-28,False,,PT-BE-BA|PT-BA-CA,,,bcc10291-13ad-449a-bd98-173a0c257b35
public_holiday,PT,Portugal,Municipal holiday,2026-08-29,2026-08-29,False,,PT-FA-AJ,,,33248ae5-a2a0-43ee-9fb4-d28d374ebdd8
public_holiday,PT,Portugal,Conquest of the city from the Moors,2026-09-03,2026-09-03,False,,PT-FA-SI,,,9395034b-8d82-4140-ba36-8a951bf93e2d
public_holiday,PT,Portugal,Municipal holiday,2026-09-07,2026-09-07,False,,PT-CO-AR|PT-EV-VN|PT-FA-FA,,,361b32ce-9eef-44e1-ab62-fe9a1ea11ba0
public_holiday,PT,Portugal,Municipal holiday,2026-09-08,2026-09-08,False,,PT-BE-OD|PT-VI-LA|PT-BE-OU|PT-PO-MC|PT-MA-PD|PT-LE-NA|PT-PA-MA|PT-VR-SA|PT-CO-MV|PT-FA-LA|PT-VI-MA|PT-AV-MU,,,8939ebaa-3650-4dbb-ba41-2277772fb3c9
public_holiday,PT,Portugal,Municipal holiday,2026-09-11,2026-09-11,False,,PT-SE-MT|PT-LI-AM,,,06b1700e-95eb-4f83-8e7e-f37aafd5f4a2
public_holiday,PT,Portugal,Municipal holiday,2026-09-15,2026-09-15,False,,PT-SE-SE|PT-CB-FU|PT-FA-AC,,,45503f59-99c4-4080-80a0-347daa7f723c
public_holiday,PT,Portugal,St Euphemia's Day,2026-09-16,2026-09-16,False,,PT-VI-TO,,,0ef1be8d-cbd9-4968-9342-598d7482a716
public_holiday,PT,Portugal,Municipal holiday,2026-09-19,2026-09-19,False,,PT-CB-VR,,,fd9eefab-e6ad-4fd8-b7f8-5b40a319a0f9
public_holiday,PT,Portugal,Municipal holiday,2026-09-20,2026-09-20,False,,PT-VC-PL,,,c306e8ba-9ee8-4a92-a6a7-3cb7d7868087
public_holiday,PT,Portugal,Municipal holiday,2026-09-21,2026-09-21,False,,PT-VI-VS|PT-CO-SO,,,114d6a3a-7018-4441-b453-5398941915d8
public_holiday,PT,Portugal,St Matthew's Day,2026-09-21,2026-09-21,False,,PT-AV-SV,,,147d0ca2-ce44-483e-be9a-54a2957ed5b4
public_holiday,PT,Portugal,Municipal holiday,2026-09-22,2026-09-22,False,,PT-SA-SD,,,95558b4e-d964-4cc9-bbcc-7dc13f929a8b
public_holiday,PT,Portugal,Municipal holiday,2026-09-29,2026-09-29,False,,PT-VI-TR|PT-VI-RE,,,76571c8e-045a-499d-96f7-c766f8d4dc73
public_holiday,PT,Portugal,Day of St Michael the Archangel,2026-09-29,2026-09-29,False,,PT-BR-CB|PT-GU-FA|PT-CO-PL,,,f3991f17-20c4-4c2d-bde9-81b947ee5d86
public_holiday,PT,Portugal,Municipal holiday,2026-10-01,2026-10-01,False,,PT-VC-VN,,,5ccf89ab-99d6-4687-816b-24048b1d0e09
public_holiday,PT,Portugal,Municipal holiday,2026-10-05,2026-10-05,False,,PT-BR-VM|PT-PO-GO,,,16622350-2d5f-4a5d-a4da-774f1a270561
public_holiday,PT,Portugal,Republic Day,2026-10-05,2026-10-05,True,,,,,da1960fa-83a9-4299-8a74-fbd8cde79cb1
public_holiday,PT,Portugal,Municipal holiday,2026-10-07,2026-10-07,False,,PT-CO-OH|PT-VI-OF,,,7370095a-907d-4c8e-9fc4-eab78d788464
public_holiday,PT,Portugal,Municipal holiday,2026-10-09,2026-10-09,False,,PT-MA-MA,,,079b1184-2cc6-4412-b9f6-a4ea41cd7744
public_holiday,PT,Portugal,Municipal holiday,2026-10-11,2026-10-11,False,,PT-AV-SJ,,,53932fb4-8598-4510-b231-d810f927f20e
public_holiday,PT,Portugal,Municipal holiday,2026-10-15,2026-10-15,False,,PT-BA-MO,,,f35867c7-c330-49c5-a2ea-467a16bfa6e1
public_holiday,PT,Portugal,Municipal holiday,2026-10-16,2026-10-16,False,,PT-MA-CL,,,a068cfce-141f-47ba-a343-a49205ce6b80
public_holiday,PT,Portugal,Municipal holiday,2026-10-20,2026-10-20,False,,PT-CB-CO|PT-BR-TB,,,0fc132a6-3f19-48ef-a578-823c632b262e
public_holiday,PT,Portugal,Municipal holiday,2026-10-22,2026-10-22,False,,PT-SE-GR,,,b516163d-b4de-4e64-a014-c4853d07515e
public_holiday,PT,Portugal,St Catherine's Day,2026-10-25,2026-10-25,False,,PT-MA-CT,,,8ddb655f-62cb-413a-a445-e37f97d576d8
public_holiday,PT,Portugal,Municipal holiday,2026-10-27,2026-10-27,False,,PT-FA-LS,,,9e1a514b-8ac9-426b-bf6f-a2b78b8a6c2d
public_holiday,PT,Portugal,All Saints' Day,2026-11-01,2026-11-01,True,,,,,94af43a6-3d3a-46bf-9442-07b2069bb5cf
public_holiday,PT,Portugal,Municipal holiday,2026-11-06,2026-11-06,False,,PT-VR-VA|PT-SA-RM|PT-VR-BO|PT-PO-PF,,,2cc608a9-ba80-4383-a8f6-ffa1cb5d834a
public_holiday,PT,Portugal,St Martin's Day,2026-11-11,2026-11-11,False,,PT-LE-PB|PT-GU-ME|PT-VR-AL|PT-LI-TV|PT-PO-TR|PT-PO-PE,,,7a9d4ec9-6082-463c-8356-6c8aa7cc320f
public_holiday,PT,Portugal,Municipal holiday,2026-11-19,2026-11-19,False,,PT-LI-OD,,,90458496-fd2b-4222-a143-04e192a23b22
public_holiday,PT,Portugal,Municipal holiday,2026-11-23,2026-11-23,False,,PT-PA-GA,,,9b43fd97-ce4f-43db-b9a0-fd431fc7fb28
public_holiday,PT,Portugal,Municipal holiday,2026-11-24,2026-11-24,False,,PT-SA-EN|PT-SE-SI,,,c7ca0bb0-4c12-4bdc-9de1-6b841e532d38
public_holiday,PT,Portugal,Municipal holiday,2026-11-27,2026-11-27,False,,PT-GU-GU,,,6ff702bb-a62a-4754-9b7f-ea1fda4f24bd
public_holiday,PT,Portugal,St Andrew's Day,2026-11-30,2026-11-30,False,,PT-VR-MF,,,08bfd39e-76d8-47fd-9352-ae30ea3bf8d8
public_holiday,PT,Portugal,Independence Day,2026-12-01,2026-12-01,True,,,,,5e5d815d-bfec-4b19-9263-25dd8a5a1cf3
public_holiday,PT,Portugal,Immaculate Conception Day,2026-12-08,2026-12-08,True,,,,,f1fe4a60-cc2d-4072-bbee-82d186a0973f
public_holiday,PT,Portugal,Municipal holiday,2026-12-11,2026-12-11,False,,PT-FA-PO,,,b0d77e55-59a3-478d-95ac-bee92b678c06
public_holiday,PT,Portugal,Christmas,2026-12-25,2026-12-25,True,,,,,eb3e78ec-59bd-4f81-beb5-c3a492ef53d7
public_holiday,PT,Portugal,Boxing Day,2026-12-26,2026-12-26,False,,PT-MA,,,4f5d1318-d085-440e-9acd-3422c0c3659f
public_holiday,PT,Portugal,New Year's Day,2027-01-01,2027-01-01,True,,,,,d3839e66-4c07-4a8d-a2be-7f881686b8f6
public_holiday,PT,Portugal,Municipal holiday,2027-01-11,2027-01-11,False,,PT-LE-OB,,,5d9f15f4-a596-47ff-b2ee-b5e37a434bec
public_holiday,PT,Portugal,Municipal holiday,2027-01-13,2027-01-13,False,,PT-VR-SM|PT-LI-CD|PT-CO-VP|PT-EV-VA,,,3937b65c-7dde-410d-b5e7-5a2f572cb385
public_holiday,PT,Portugal,Municipal holiday,2027-01-14,2027-01-14,False,,PT-PA-EL,,,2b623a8b-05ce-4e91-9fdc-25f00988c087
public_holiday,PT,Portugal,St Amaro's Day,2027-01-15,2027-01-15,False,,PT-MA-SC,,,e99a457b-1446-457e-a76e-1660bfcb9716
public_holiday,PT,Portugal,Municipal holiday,2027-01-20,2027-01-20,False,,PT-AV-SM,,,6476c0e5-826d-4b1c-acad-e671b291cde5
public_holiday,PT,Portugal,St Vincent's Day,2027-01-22,2027-01-22,False,,PT-FA-VB|PT-MA-SV,,,b79e9632-b4af-4a2c-9837-03699e65d05e
public_holiday,PT,Portugal,Municipal holiday,2027-02-02,2027-02-02,False,,PT-EV-MO,,,77036c56-9cbd-4f11-8e03-eab01536d15c
public_holiday,PT,Portugal,Carnival,2027-02-09,2027-02-09,True,,,,,d102e975-53a2-44e1-916c-ab8d95d71891
public_holiday,PT,Portugal,Municipal holiday,2027-02-10,2027-02-10,False,,PT-GU-AB,,,fbcd8232-91b8-4f05-b484-bf99087afd61
public_holiday,PT,Portugal,Municipal holiday,2027-02-18,2027-02-18,False,,PT-VC-VA,,,ab471f15-4bfe-476d-8851-1663403057b9
public_holiday,PT,Portugal,Municipal holiday,2027-03-01,2027-03-01,False,,PT-SA-TM,,,b3ba3a1e-fe39-4402-997c-d1c122bbb1c5
public_holiday,PT,Portugal,Municipal holiday,2027-03-02,2027-03-02,False,,PT-VI-VP,,,7c1483d9-a50f-41e1-8c69-4d5a790e51e3
public_holiday,PT,Portugal,Municipal holiday,2027-03-04,2027-03-04,False,,PT-GU-MA,,,8168dbbc-a71c-48f4-889e-631d37e94675
public_holiday,PT,Portugal,Municipal holiday,2027-03-05,2027-03-05,False,,PT-BE-FA,,,7eca7172-f384-4e7f-8131-673c605cb5fb
public_holiday,PT,Portugal,Municipal holiday,2027-03-08,2027-03-08,False,,PT-EV-MN,,,11533e11-03ef-4fc1-b192-c6df161cb4af
public_holiday,PT,Portugal,Municipal holiday,2027-03-12,2027-03-12,False,,PT-VC-MO,,,0896a44d-60e2-4d47-bdaf-890502aaef37
public_holiday,PT,Portugal,Municipal holiday,2027-03-19,2027-03-19,False,,PT-BR-VZ|PT-SA-SA|PT-BA-TM|PT-BR-PL,,,0d451be3-a531-4558-87ac-6a5c49620c80
public_holiday,PT,Portugal,Good Friday,2027-03-26,2027-03-26,True,,,,,09f7e12b-281c-4f96-b474-f7abc86cef29
public_holiday,PT,Portugal,Easter Sunday,2027-03-28,2027-03-28,True,,,,,b0c4c282-a1d5-422e-8c51-b99de91f34fc
public_holiday,PT,Portugal,Easter Monday,2027-03-29,2027-03-29,False,,PT-PA-CR|PT-AV-IL|PT-EV-MR|PT-PA-NI|PT-EV-BO|PT-PA-PS|PT-VC-CA|PT-SA-MA|PT-BA-FE|PT-SA-CN|PT-PA-CV|PT-PA-CM|PT-EV-RD|PT-PA-SO|PT-EV-PO|PT-BE-CU|PT-CB-PE,,,8a1994e0-4832-4985-9c25-968c4b03f4e5
public_holiday,PT,Portugal,Municipal holiday,2027-03-30,2027-03-30,False,,PT-BE-SE,,,816f0189-4023-497f-8beb-c8b56801a686
public_holiday,PT,Portugal,Municipal holiday,2027-04-02,2027-04-02,False,,PT-SA-AP,,,34e4b4f5-ace8-447b-947b-1a382cf35626
public_holiday,PT,Portugal,Monday after the first Sunday after Easter,2027-04-05,2027-04-05,False,,PT-PA-AV|PT-GU-SA|PT-PA-MO|PT-EV-AL,,,9eb9a3e4-1f7c-4a7f-97d1-0f0c0915d444
public_holiday,PT,Portugal,Battle of Atoleiros,2027-04-06,2027-04-06,False,,PT-PA-FR,,,6e19adc9-a96c-43a4-a9f1-a4d51cf02456
public_holiday,PT,Portugal,Municipal holiday,2027-04-10,2027-04-10,False,,PT-CO-PS|PT-CO-TA,,,fee725b7-d7c8-4a5b-a39e-c14110246b14
public_holiday,PT,Portugal,Municipal holiday,2027-04-11,2027-04-11,False,,PT-AC-LG,,,7cf464a6-4f44-42a0-91d5-74f00261dd63
public_holiday,PT,Portugal,Municipal holiday,2027-04-12,2027-04-12,False,,PT-CB-IN,,,3a04139c-6e53-41c7-a4e6-e011145360b4
public_holiday,PT,Portugal,Municipal holiday,2027-04-12,2027-04-12,False,,PT-CB-CB,,,e6397370-5e07-4563-9686-8ce6a9a1baea
public_holiday,PT,Portugal,Municipal holiday,2027-04-22,2027-04-22,False,,PT-AC-PD,,,24d9b12c-2ffa-41d1-99ba-604ce6ea1a5c
public_holiday,PT,Portugal,St George's Day,2027-04-23,2027-04-23,False,,PT-AC-VE,,,8b2bd305-5384-4e3d-9378-eb1595d6f223
public_holiday,PT,Portugal,Liberty Day,2027-04-25,2027-04-25,True,,,,,54d09fa1-3e92-415e-bcdc-dc4babfa9d38
public_holiday,PT,Portugal,Municipal holiday,2027-04-26,2027-04-26,False,,PT-CB-BE,,,9c32ae21-1b71-4514-b42c-602cfbd0a94c
public_holiday,PT,Portugal,Labor Day,2027-05-01,2027-05-01,True,,,,,a8ef5d37-5ba9-433e-9690-a04cea94ed4d
public_holiday,PT,Portugal,Municipal holiday,2027-05-02,2027-05-02,False,,PT-AV-AR,,,356d9385-72a5-4a0e-a0da-b397f0fb4b61
public_holiday,PT,Portugal,Municipal holiday,2027-05-03,2027-05-03,False,,PT-VI-SE|PT-BR-BA,,,9142efbc-332f-472b-b56a-6eab8c0c7cfe
public_holiday,PT,Portugal,Municipal holiday,2027-05-04,2027-05-04,False,,PT-SE-SS,,,14ab270e-c2a0-4e99-9266-8882dcb69a1d
public_holiday,PT,Portugal,Municipal holiday,2027-05-06,2027-05-06,False,,PT-LI-VX|PT-LI-AL|PT-VI-SC|PT-LI-AZ|PT-LI-SM|PT-VC-ME|PT-FA-MO|PT-LE-AN|PT-LI-AV|PT-VI-MR|PT-EV-ES|PT-SA-CH|PT-EV-AR|PT-LE-MG|PT-SA-AC|PT-SA-CA|PT-PA-AC|PT-SA-AM|PT-SA-SM|PT-SA-GO|PT-BE-AV|PT-BE-VI|PT-BE-BE|PT-AV-ME|PT-AV-AN|PT-SA-BE|PT-LI-MA|PT-AV-OB|PT-SA-TN,,,b816596a-e0b5-478d-8815-fcb16ffee3e7
public_holiday,PT,Portugal,Municipal holiday,2027-05-08,2027-05-08,False,,PT-VR-MU,,,c14c2a24-9aed-4ef1-ab61-893aff11d7ee
public_holiday,PT,Portugal,Municipal holiday,2027-05-12,2027-05-12,False,,PT-AV-AV,,,2c20d144-08ae-481c-aebc-383ebf2783fd
public_holiday,PT,Portugal,Municipal holiday,2027-05-13,2027-05-13,False,,PT-FA-VS,,,c02e54e4-a058-4f2b-b459-0e6ec56d3982
public_holiday,PT,Portugal,Day of St Giles of Santarém,2027-05-14,2027-05-14,False,,PT-VI-VO,,,f39493af-1afc-45e7-a984-9aafac9a6356
public_holiday,PT,Portugal,Municipal holiday,2027-05-15,2027-05-15,False,,PT-LE-CR,,,fd92c363-0a60-4299-b146-41cf4ed3cdc0
public_holiday,PT,Portugal,Municipal holiday,2027-05-16,2027-05-16,False,,PT-BR-FA,,,bd3c05ca-0ead-4abb-968a-4af26eda70ad
public_holiday,PT,Portugal,Whit Monday,2027-05-17,2027-05-17,False,,PT-AV-VG|PT-AV-AG,,,adeb6ffb-52d8-4b61-a2bd-cd9d08c7cdb2
public_holiday,PT,Portugal,Azores Day,2027-05-17,2027-05-17,False,,PT-AC,,,bccb85ba-6a57-4931-83b4-97db565cd242
public_holiday,PT,Portugal,Municipal holiday,2027-05-17,2027-05-17,False,,PT-LI-VX|PT-LE-MG|PT-BE-BE|PT-AV-AN|PT-SA-TN,,,bd5047ef-167f-46d3-bde4-ab6300add4e1
public_holiday,PT,Portugal,Whit Tuesday,2027-05-18,2027-05-18,False,,PT-PO-MT,,,e000252d-dfe4-4abf-b1fd-0c9646b50895
public_holiday,PT,Portugal,Municipal holiday,2027-05-20,2027-05-20,False,,PT-BA-VN,,,13f8f872-013d-413f-b529-44f4b5055fc6
public_holiday,PT,Portugal,Municipal holiday,2027-05-21,2027-05-21,False,,PT-GU-VF,,,fe6e63b5-446d-4494-a025-958f88823636
public_holiday,PT,Portugal,Municipal holiday,2027-05-22,2027-05-22,False,,PT-LE-LE,,,82306ccf-7639-4497-baa4-d9454d87ba2d
public_holiday,PT,Portugal,Birthday of Sacadura Cabral,2027-05-23,2027-05-23,False,,PT-GU-CB,,,f39b97ea-4f01-4fba-9704-c399954bebac
public_holiday,PT,Portugal,Municipal holiday,2027-05-23,2027-05-23,False,,PT-PA-PA,,,f7d3a405-b02d-4a15-aeff-a1dfa7246800
public_holiday,PT,Portugal,Municipal holiday,2027-05-25,2027-05-25,False,,PT-MA-SA|PT-BA-MI|PT-SA-TN|PT-FA-LO,,,3ed9a72f-1baf-4fd9-8562-a264b5bd3789
public_holiday,PT,Portugal,Corpus Christi,2027-05-27,2027-05-27,True,,,,,6665c22d-d2f6-4fd3-84fd-4e1de8795bdf
public_holiday,PT,Portugal,Municipal holiday,2027-05-28,2027-05-28,False,,PT-AC-PC,,,f5508336-8e5c-4c15-ab95-041ff8f59165
public_holiday,PT,Portugal,Municipal holiday,2027-05-29,2027-05-29,False,,PT-GU-TR,,,9f5a38dd-c244-4956-a082-c13a2aa9db9b
public_holiday,PT,Portugal,Birthday of José Falcão,2027-06-01,2027-06-01,False,,PT-CO-MC,,,6f33cc9e-760a-427b-b823-6547d365be3f
public_holiday,PT,Portugal,Municipal holiday,2027-06-01,2027-06-01,False,,PT-SE-PA,,,8569682e-fb8a-44c3-93aa-04f07775c644
public_holiday,PT,Portugal,Municipal holiday,2027-06-01,2027-06-01,False,,PT-FA-SB,,,d6e02f54-9518-424a-83cd-a4c5394f6667
public_holiday,PT,Portugal,Municipal holiday,2027-06-04,2027-06-04,False,,PT-AV-AG,,,46fc796a-35ad-48a6-b632-528b137d1bab
public_holiday,PT,Portugal,Municipal holiday,2027-06-07,2027-06-07,False,,PT-LI-OE,,,072891d7-3a5e-4db9-a937-445f7bcf68ea
public_holiday,PT,Portugal,Municipal holiday,2027-06-09,2027-06-09,False,,PT-VR-MT,,,7f2a702e-9587-4d90-8ea8-726da03716c5
public_holiday,PT,Portugal,Portugal Day,2027-06-10,2027-06-10,True,,,,,2898f393-5333-4e6f-9600-1e77475aa9d9
public_holiday,PT,Portugal,St Anthony's Day,2027-06-13,2027-06-13,False,,PT-EV-RM|PT-BR-VV|PT-AV-VC|PT-VR-VR|PT-CB-PN|PT-SA-FZ|PT-BR-AM|PT-AV-ER|PT-LE-AV|PT-SA-VB|PT-BE-AJ|PT-LI-CS|PT-BR-VF|PT-LI-LI,,,0f1a21d5-0c9b-409c-96bf-88a6487f6590
public_holiday,PT,Portugal,Municipal holiday,2027-06-14,2027-06-14,False,,PT-SA-AB,,,77defaab-1ec9-4ce2-8916-be058946c1be
public_holiday,PT,Portugal,Municipal holiday,2027-06-16,2027-06-16,False,,PT-FA-OL|PT-AV-EN,,,dd726015-0391-4154-9605-c873540c0d6c
public_holiday,PT,Portugal,Municipal holiday,2027-06-20,2027-06-20,False,,PT-AC-CO|PT-SA-OU,,,b19a9ba3-636f-41f3-9e39-d084a3a8a3ee
public_holiday,PT,Portugal,Municipal holiday,2027-06-22,2027-06-22,False,,PT-VR-VP,,,49fdf205-5d22-456f-979b-c9d5961e05e7
public_holiday,PT,Portugal,St John's Day,2027-06-24,2027-06-24,False,,PT-PO-VG|PT-AV-CP|PT-CO-LO|PT-AC-SF|PT-AC-HO|PT-BR-BR|PT-PO-VA|PT-VI-SJ|PT-SE-AC|PT-PO-PO|PT-AC-AH|PT-PA-AR|PT-PO-VC|PT-BE-MO|PT-VI-NE|PT-BE-AM|PT-VI-MB|PT-AC-VC|PT-LI-LN|PT-LE-FV|PT-FA-CM|PT-AC-CA|PT-SE-AM|PT-VI-TB|PT-VI-AR|PT-VI-CI|PT-BE-ME|PT-AC-VP|PT-SE-AS|PT-FA-TA|PT-CO-FF,,,1875a4e0-62f8-47f0-ad73-8888492ed88f
public_holiday,PT,Portugal,Municipal holiday,2027-06-24,2027-06-24,False,,PT-MA-PS,,,3c0837d0-48e2-4e1d-a84a-5521d9263d78
public_holiday,PT,Portugal,St Day of Nuno de Santa Maria,2027-06-24,2027-06-24,False,,PT-CB-SE,,,9dd437a5-a31d-4906-840f-0bef59fe095f
public_holiday,PT,Portugal,Battle of São Mamede,2027-06-24,2027-06-24,False,,PT-BR-GU,,,caedca94-a0bf-43cb-8337-07c84ead0d8b
public_holiday,PT,Portugal,Municipal holiday,2027-06-28,2027-06-28,False,,PT-SE-BA,,,015bcf90-642c-4061-aed1-108768c926c9
public_holiday,PT,Portugal,St Peter's Day,2027-06-29,2027-06-29,False,,PT-SE-SX|PT-LI-SI|PT-VI-PE|PT-PO-PV|PT-EV-EV|PT-SE-SE|PT-LI-TV|PT-BR-BA|PT-BA-MC|PT-SE-MN,,,5d50d4cf-7950-41c2-96cd-402a31f4e42e
public_holiday,PT,Portugal,St Peter's Day,2027-06-29,2027-06-29,False,,PT-BE-CV|PT-MA-RB|PT-AC-RG|PT-LE-PM|PT-VI-CD|PT-PO-FE|PT-LE-BO|PT-BA-AF|PT-VI-SP,,,8359f430-bfae-4f9c-ac8a-809fc30c0ca6
public_holiday,PT,Portugal,Municipal holiday,2027-06-29,2027-06-29,False,,PT-AC-LP,,,ec1513ec-b0e2-4e69-8ea4-8b739df443ff
public_holiday,PT,Portugal,Madeira Day,2027-07-01,2027-07-01,False,,PT-MA,,,86bc610b-ece6-4136-b353-9e55966bebb9
public_holiday,PT,Portugal,Battle of the Côa,2027-07-02,2027-07-02,False,,PT-GU-AL,,,da90a3c5-3aab-4508-931d-2b2e80b4dcbb
public_holiday,PT,Portugal,Municipal holiday,2027-07-03,2027-07-03,False,,PT-GU-SE,,,4bc72a26-c425-478c-a9a6-9fd5e7e2bc47
public_holiday,PT,Portugal,Municipal holiday,2027-07-04,2027-07-04,False,,PT-LE-CP|PT-CO-CO,,,4c29f145-329a-4ecb-847c-d3e031638a99
public_holiday,PT,Portugal,Battle of Salgadela,2027-07-07,2027-07-07,False,,PT-GU-FC,,,87430703-f904-423f-b0a3-6c70df141d97
public_holiday,PT,Portugal,Municipal holiday,2027-07-08,2027-07-08,False,,PT-PO-AM|PT-VR-CH,,,9cf70877-fb3d-4cc3-9996-9078333a2426
public_holiday,PT,Portugal,Municipal holiday,2027-07-10,2027-07-10,False,,PT-BA-MD|PT-VC-AV,,,1d7b9d0e-12a8-4eb3-8c3e-fe9da265c2ef
public_holiday,PT,Portugal,Day of Benedict of Nursia,2027-07-11,2027-07-11,False,,PT-PO-ST,,,d6cc78cd-fd06-45b4-bc06-00896b82cade
public_holiday,PT,Portugal,Municipal holiday,2027-07-12,2027-07-12,False,,PT-PO-MI,,,486c8af1-53e8-4b08-994c-6dfb54a36064
public_holiday,PT,Portugal,Birthday of António José de Almeid,2027-07-17,2027-07-17,False,,PT-CO-PC,,,1fbdc628-4964-42dc-a9e8-ecdd6e4d5110
public_holiday,PT,Portugal,Municipal holiday,2027-07-18,2027-07-18,False,,PT-AC-NO,,,93ba14bf-cf14-47dd-94bb-266d00207b86
public_holiday,PT,Portugal,Municipal holiday,2027-07-19,2027-07-19,False,,PT-AC-LF|PT-PO-PA|PT-VI-CS,,,b6e4aa0b-7257-4e5f-8de1-3273334d0591
public_holiday,PT,Portugal,St Mary Magdalene's Day,2027-07-22,2027-07-22,False,,PT-MA-PM|PT-AC-MA,,,2088a8a5-0079-438c-80f1-c74bedd9dedd
public_holiday,PT,Portugal,Municipal holiday,2027-07-24,2027-07-24,False,,PT-LE-PG,,,3bd44ed1-9646-4529-a45b-deb8a99a45ed
public_holiday,PT,Portugal,St Christina's Day,2027-07-24,2027-07-24,False,,PT-CO-CN,,,3fef4b5c-9319-4084-ab05-8ba711205cc6
public_holiday,PT,Portugal,St James' Day,2027-07-25,2027-07-25,False,,PT-SE-SC|PT-BR-CL|PT-VR-MB|PT-CO-CA,,,26178600-afd9-4afa-9fdc-042e8115b636
public_holiday,PT,Portugal,St Christopher's Day,2027-07-25,2027-07-25,False,,PT-AV-OV,,,a4658568-150f-460b-9879-9e06e74343c5
public_holiday,PT,Portugal,Day of St Thomas of Mira,2027-07-25,2027-07-25,False,,PT-CO-MI,,,ef535c66-6be9-409c-9e18-a78bf4a011f9
public_holiday,PT,Portugal,Municipal holiday,2027-07-26,2027-07-26,False,,PT-LI-LS|PT-PO-LO,,,28db0395-b8b5-4351-b520-ac2edfee96db
public_holiday,PT,Portugal,Municipal holiday,2027-08-06,2027-08-06,False,,PT-LE-PN,,,0ec6c97f-cbb2-47a4-9875-2bb0a3c19d8e
public_holiday,PT,Portugal,Municipal holiday,2027-08-09,2027-08-09,False,,PT-AC-SG|PT-AV-OA|PT-GU-GO|PT-CB-OL,,,9d138e9a-ac68-4336-960f-0be19144bc73
public_holiday,PT,Portugal,St Lawrence's Day,2027-08-10,2027-08-10,False,,PT-VC-PC|PT-BA-VM,,,07aca7cb-08f7-4967-9932-af6415d06b1c
public_holiday,PT,Portugal,Municipal holiday,2027-08-11,2027-08-11,False,,PT-AC-PV,,,5bc974a6-49aa-44f1-be34-4e817618da5f
public_holiday,PT,Portugal,Municipal holiday,2027-08-13,2027-08-13,False,,PT-CO-GO,,,07640ae5-2f78-4350-b564-5be4373b478e
public_holiday,PT,Portugal,Municipal holiday,2027-08-14,2027-08-14,False,,PT-LE-BA,,,bc33d946-2c3f-4011-b865-b2946daca88a
public_holiday,PT,Portugal,Assumption Day,2027-08-15,2027-08-15,True,,,,,1ea615b3-ca25-4024-aa8b-18a4024435db
public_holiday,PT,Portugal,St Roch's Day,2027-08-16,2027-08-16,False,,PT-AC-SP,,,0940dc9f-08d4-4290-9add-1f08abb3e168
public_holiday,PT,Portugal,Birthday of Couto Jardim,2027-08-16,2027-08-16,False,,PT-EV-VV,,,3c388be8-9aa4-4c53-82c1-a74964048be5
public_holiday,PT,Portugal,Municipal holiday,2027-08-16,2027-08-16,False,,PT-VR-RP|PT-AV-AL|PT-VR-PR,,,b4becc3b-087f-4582-9f80-36d1604aaae3
public_holiday,PT,Portugal,Municipal holiday,2027-08-17,2027-08-17,False,,PT-SA-CR,,,bd75ab69-9a9b-480d-96f4-fd2bd64d7e9e
public_holiday,PT,Portugal,Municipal holiday,2027-08-19,2027-08-19,False,,PT-BR-ES,,,e718a418-55f0-4bd9-912a-1951a3a0f2c9
public_holiday,PT,Portugal,Municipal holiday,2027-08-20,2027-08-20,False,,PT-VC-VC|PT-FA-AB|PT-LE-AC,,,e030969f-f2d3-463e-a642-01be9da402dd
public_holiday,PT,Portugal,Day of St Bernard of Clairvaux,2027-08-20,2027-08-20,False,,PT-VI-ST,,,fb4f8ba7-1001-4d4e-aab6-27e0dc7e8c8c
public_holiday,PT,Portugal,Municipal holiday,2027-08-21,2027-08-21,False,,PT-MA-FU,,,e0989592-d55a-4c9a-bec1-5688f9af1f40
public_holiday,PT,Portugal,Municipal holiday,2027-08-22,2027-08-22,False,,PT-BA-BR,,,335546c0-ef75-4414-b7bf-d2e6416cf9b8
public_holiday,PT,Portugal,Municipal holiday,2027-08-23,2027-08-23,False,,PT-CB-VV,,,30e53921-5a4b-46db-9377-97d8fa916de0
public_holiday,PT,Portugal,St Bartholomew's Day,2027-08-24,2027-08-24,False,,PT-VC-PB|PT-PO-BA|PT-BA-VF,,,2b87c9c6-9ee4-46d3-a7bf-0e1c3f0b9a57
public_holiday,PT,Portugal,Municipal holiday,2027-08-25,2027-08-25,False,,PT-VI-PC|PT-GU-PI,,,7164b3c8-b8d3-4e63-b7b3-1703b6b695ef
public_holiday,PT,Portugal,Municipal holiday,2027-08-27,2027-08-27,False,,PT-BA-CA,,,884ee464-70d4-4f91-bfda-dfe173901858
public_holiday,PT,Portugal,Municipal holiday,2027-08-28,2027-08-28,False,,PT-BE-BA,,,ef17a96f-ee84-401b-aa4a-0fde3d5d944a
public_holiday,PT,Portugal,Municipal holiday,2027-08-29,2027-08-29,False,,PT-FA-AJ,,,5f8995dc-8f2c-4ceb-8a5a-b54b3fa5a335
public_holiday,PT,Portugal,Conquest of the city from the Moors,2027-09-03,2027-09-03,False,,PT-FA-SI,,,630d733e-3d22-4eb2-9944-dfda42457142
public_holiday,PT,Portugal,Municipal holiday,2027-09-07,2027-09-07,False,,PT-CO-AR|PT-EV-VN|PT-FA-FA,,,5194fcc0-16d7-487e-b5af-618f8d680b2e
public_holiday,PT,Portugal,Municipal holiday,2027-09-08,2027-09-08,False,,PT-BE-OD|PT-VI-LA|PT-BE-OU|PT-PO-MC|PT-MA-PD|PT-LE-NA|PT-PA-MA|PT-VR-SA|PT-CO-MV|PT-FA-LA|PT-VI-MA|PT-AV-MU,,,b459979f-5839-49dc-b808-539c52055a21
public_holiday,PT,Portugal,Municipal holiday,2027-09-11,2027-09-11,False,,PT-SE-MT|PT-LI-AM,,,3d64da3e-292d-46c4-8378-3419cad84f49
public_holiday,PT,Portugal,Municipal holiday,2027-09-15,2027-09-15,False,,PT-SE-SE|PT-CB-FU|PT-FA-AC,,,2e7270de-d6c7-465a-ba31-68404c053706
public_holiday,PT,Portugal,St Euphemia's Day,2027-09-16,2027-09-16,False,,PT-VI-TO,,,ad76f2bc-e7d3-45e2-a798-59244c5262dc
public_holiday,PT,Portugal,Municipal holiday,2027-09-19,2027-09-19,False,,PT-CB-VR,,,90620d82-27f0-4250-a489-1a3c37430491
public_holiday,PT,Portugal,Municipal holiday,2027-09-20,2027-09-20,False,,PT-VC-PL,,,4d4c5761-771d-48b4-903b-09998a9b9f14
public_holiday,PT,Portugal,Municipal holiday,2027-09-21,2027-09-21,False,,PT-VI-VS|PT-CO-SO,,,4380320d-5e35-49d5-9124-c36f8ebdd680
public_holiday,PT,Portugal,St Matthew's Day,2027-09-21,2027-09-21,False,,PT-AV-SV,,,e16dcfb6-fb63-4b11-aa15-130e11f8d2f5
public_holiday,PT,Portugal,Municipal holiday,2027-09-22,2027-09-22,False,,PT-SA-SD,,,623a5450-cb01-4e91-8917-799bfc21fe8b
public_holiday,PT,Portugal,Day of St Michael the Archangel,2027-09-29,2027-09-29,False,,PT-BR-CB|PT-GU-FA|PT-CO-PL,,,90aa3e65-ff31-4f4e-b68f-7ed5ac3f7f44
public_holiday,PT,Portugal,Municipal holiday,2027-09-29,2027-09-29,False,,PT-VI-TR|PT-VI-RE,,,de888a75-d402-49d0-9ebb-876b0c5e5b5e
public_holiday,PT,Portugal,Municipal holiday,2027-10-01,2027-10-01,False,,PT-VC-VN,,,c0ed3353-6f60-49ae-81e8-3e3123364e82
public_holiday,PT,Portugal,Municipal holiday,2027-10-04,2027-10-04,False,,PT-BR-VM|PT-PO-GO,,,3dac1d9d-f4f4-4ba2-87ce-87b485ed4c98
public_holiday,PT,Portugal,Republic Day,2027-10-05,2027-10-05,True,,,,,a4ff132f-3df3-40f9-837e-7714218495f8
public_holiday,PT,Portugal,Municipal holiday,2027-10-07,2027-10-07,False,,PT-CO-OH|PT-VI-OF,,,7c6a72ec-3f1d-444d-98cd-a097cdd00674
public_holiday,PT,Portugal,Municipal holiday,2027-10-09,2027-10-09,False,,PT-MA-MA,,,b56fa6a0-91a3-4b3a-b512-781fcab6501d
public_holiday,PT,Portugal,Municipal holiday,2027-10-11,2027-10-11,False,,PT-AV-SJ,,,6b10a731-64fe-4835-b885-3c1130d633f9
public_holiday,PT,Portugal,Municipal holiday,2027-10-15,2027-10-15,False,,PT-BA-MO,,,8ecd081a-0a4b-47b2-8ecb-33096d342ea5
public_holiday,PT,Portugal,Municipal holiday,2027-10-16,2027-10-16,False,,PT-MA-CL,,,5ea51b03-26db-4604-843f-692b2ee89566
public_holiday,PT,Portugal,Municipal holiday,2027-10-20,2027-10-20,False,,PT-CB-CO|PT-BR-TB,,,488fb33b-b6a0-4b6a-ad48-52d12ee03e79
public_holiday,PT,Portugal,Municipal holiday,2027-10-22,2027-10-22,False,,PT-SE-GR,,,6f97bae1-8e23-486f-a646-b4f4fbed093a
public_holiday,PT,Portugal,St Catherine's Day,2027-10-25,2027-10-25,False,,PT-MA-CT,,,bc51bf09-3af9-4345-868f-7cd54b52d31e
public_holiday,PT,Portugal,Municipal holiday,2027-10-27,2027-10-27,False,,PT-FA-LS,,,e9d38d3e-f92e-48d9-a88c-c0e61c0e250f
public_holiday,PT,Portugal,All Saints' Day,2027-11-01,2027-11-01,True,,,,,8c2a0306-edf2-4df8-a96f-52fab19dfac3
public_holiday,PT,Portugal,Municipal holiday,2027-11-06,2027-11-06,False,,PT-VR-VA|PT-SA-RM|PT-VR-BO|PT-PO-PF,,,bd6b4ca7-aba7-4b51-8052-880e62d777fe
public_holiday,PT,Portugal,St Martin's Day,2027-11-11,2027-11-11,False,,PT-LE-PB|PT-GU-ME|PT-VR-AL|PT-LI-TV|PT-PO-TR|PT-PO-PE,,,37b1141c-2b3d-4260-b959-3db721efd332
public_holiday,PT,Portugal,Municipal holiday,2027-11-19,2027-11-19,False,,PT-LI-OD,,,94d99159-c799-4a71-94e1-2e73d2095cec
public_holiday,PT,Portugal,Municipal holiday,2027-11-23,2027-11-23,False,,PT-PA-GA,,,e48470d4-2ea0-41c6-8ea3-fd31d53c331e
public_holiday,PT,Portugal,Municipal holiday,2027-11-24,2027-11-24,False,,PT-SA-EN|PT-SE-SI,,,bd8ea930-a899-49ea-928b-6ebbefa4edc3
public_holiday,PT,Portugal,Municipal holiday,2027-11-27,2027-11-27,False,,PT-GU-GU,,,6a3419b8-effb-400c-ac4f-676ed91a90f3
public_holiday,PT,Portugal,St Andrew's Day,2027-11-30,2027-11-30,False,,PT-VR-MF,,,fb6bcff6-2f2e-413a-95fc-cd9a101f1078
public_holiday,PT,Portugal,Independence Day,2027-12-01,2027-12-01,True,,,,,0dd4a150-a341-4418-a5be-530c8f64fb9a
public_holiday,PT,Portugal,Immaculate Conception Day,2027-12-08,2027-12-08,True,,,,,2ad3c27d-1335-4071-bbe7-88ea85d79194
public_holiday,PT,Portugal,Municipal holiday,2027-12-11,2027-12-11,False,,PT-FA-PO,,,fd1bf707-855c-4c69-85af-0e70a28b8df6
public_holiday,PT,Portugal,Christmas,2027-12-25,2027-12-25,True,,,,,bd912014-41c5-46b2-bf24-939ea00308bd
public_holiday,PT,Portugal,Boxing Day,2027-12-26,2027-12-26,False,,PT-MA,,,8ef49255-fa7d-418c-9f94-37fe1521ab69
school_holiday,PT,Portugal,Carnival holidays,2026-02-16,2026-02-18,True,,,,,310f386f-3ad2-4410-adcd-43e211e4361d
school_holiday,PT,Portugal,Easter holidays,2026-03-30,2026-04-10,True,,,,,31e7ca3f-80b1-4f5c-8267-bdef875c141d
school_holiday,PT,Portugal,Summer holidays,2026-06-06,2026-09-10,True,,,,"[{'language': 'EN', 'text': '9th, 11th and 12th grades'}]",58d5990c-fe9d-4c18-a0c5-bd795f9f5eea
school_holiday,PT,Portugal,Summer holidays,2026-06-13,2026-09-10,True,,,,"[{'language': 'EN', 'text': '5th, 6th, 7th, 8th and 10th grades'}]",67da3e11-22de-4f72-956d-ccc835298faf
school_holiday,PT,Portugal,Summer holidays,2026-07-01,2026-09-10,True,,,,"[{'language': 'EN', 'text': 'Pre-school education and 1st, 2nd, 3rd and 4th grades'}]",8a68174d-36d9-4581-ad3b-be1499de0fd3
school_holiday,PT,Portugal,Christmas holidays,2026-12-16,2026-12-31,True,,,,,d3a3ab26-8346-4998-b29d-205252266453
school_holiday,PT,Portugal,Carnival holidays,2027-02-08,2027-02-10,True,,,,,bd1107c9-187c-490a-bee2-b3f6e5c4218b
school_holiday,PT,Portugal,Easter holidays,2027-03-22,2027-04-02,True,,,,,a6d346c3-d759-4ada-ba41-b9647892353f
school_holiday,PT,Portugal,Summer holidays,2027-06-05,2027-09-12,True,,,,"[{'language': 'EN', 'text': '9th, 11th and 12th grades'}]",545ea139-ceb8-4dcd-8b35-c393d784682a
school_holiday,PT,Portugal,Summer holidays,2027-06-12,2027-09-12,True,,,,"[{'language': 'EN', 'text': '5th, 6th, 7th, 8th and 10th grades'}]",e5b50f11-ae1e-4418-ac03-a5a7be60a3cb
school_holiday,PT,Portugal,Summer holidays,2027-07-01,2027-09-12,True,,,,"[{'language': 'EN', 'text': 'Pre-school education and 1st, 2nd, 3rd and 4th grades'}]",bd0c9414-a8f9-433f-a4cb-84ca9c3beed9
school_holiday,PT,Portugal,Christmas holidays,2027-12-20,2027-12-31,True,,,,,39eb3434-997b-4061-85be-09452024cbbb
public_holiday,RO,Romania,New Year,2023-01-01,2023-01-02,True,,,,,c01d20d0-d1dd-48ef-81a5-34a070638bde
public_holiday,RO,Romania,Epiphany,2023-01-06,2023-01-06,True,,,,,194828ca-e864-469d-9328-794540af0b78
public_holiday,RO,Romania,Saint John the Baptist Day,2023-01-07,2023-01-07,True,,,,,d2ac8a61-40c5-4820-b517-0bba4e6fc707
public_holiday,RO,Romania,Day of the Unification of the Romanian Principalities,2023-01-24,2023-01-24,True,,,,,8afb8011-b10a-4c64-8813-0ce986de364d
public_holiday,RO,Romania,Orthodox Good Friday,2023-04-14,2023-04-14,True,,,,,f38f8b15-511f-4460-88c2-083aeb90823f
public_holiday,RO,Romania,Orthodox Easter Sunday,2023-04-17,2023-04-17,True,,,,,2883698f-c64b-4a07-a456-af70dc711f18
public_holiday,RO,Romania,Orthodox Easter Monday,2023-04-18,2023-04-18,True,,,,,be54443b-c057-4b7a-b2d6-9e06916b9f19
public_holiday,RO,Romania,Labour Day,2023-05-01,2023-05-01,True,,,,,43f7f590-b5a8-4812-88aa-ecd027e4e7b4
public_holiday,RO,Romania,Children's Day,2023-06-01,2023-06-01,True,,,,,a15adac2-8635-4917-af42-85b9474c8fdc
public_holiday,RO,Romania,Orthodox Pentecost Sunday,2023-06-04,2023-06-04,True,,,,,6d61f4d9-ba6e-42b5-9ecd-a6ee5bae4568
public_holiday,RO,Romania,Orthodox Pentecost Monday,2023-06-05,2023-06-05,True,,,,,8192fe6e-6115-4cb5-a8c4-4bfb4791d799
public_holiday,RO,Romania,Assumption Day,2023-08-15,2023-08-15,True,,,,,3f9223b7-7854-4c6c-acfc-a4427ce16d03
public_holiday,RO,Romania,Saint Andrew's Day,2023-11-30,2023-11-30,True,,,,,136888b7-d66e-4372-b991-cd8879562c76
public_holiday,RO,Romania,National Day of Romania,2023-12-01,2023-12-01,True,,,,,d41320cd-42dc-4502-a54e-adb27db289b4
public_holiday,RO,Romania,First Christmas Day,2023-12-25,2023-12-25,True,,,,,99744264-b6ef-4c13-bd03-410dcc7239df
public_holiday,RO,Romania,Second Christmas Day,2023-12-26,2023-12-26,True,,,,,836481aa-e205-4de0-aecb-ec12f33da707
public_holiday,RO,Romania,New Year,2024-01-01,2024-01-02,True,,,,,42ec785f-1e7e-4a71-81af-732c37b9b5f9
public_holiday,RO,Romania,Epiphany,2024-01-06,2024-01-06,True,,,,,cacd3cc0-bfe0-480f-9dc7-f40f819daa6b
public_holiday,RO,Romania,Saint John the Baptist Day,2024-01-07,2024-01-07,True,,,,,5210ef93-5a28-46d0-ac3f-162d0f514d59
public_holiday,RO,Romania,Day of the Unification of the Romanian Principalities,2024-01-24,2024-01-24,True,,,,,deb2a2cc-0c29-48eb-b793-4fecf9974af1
public_holiday,RO,Romania,Labour Day,2024-05-01,2024-05-01,True,,,,,dda345c1-31b9-4798-8238-bb06e584cea5
public_holiday,RO,Romania,Orthodox Good Friday,2024-05-03,2024-05-03,True,,,,,c59f4854-1eb1-4259-b582-777abafe3897
public_holiday,RO,Romania,Orthodox Easter Sunday,2024-05-05,2024-05-05,True,,,,,06a0ff53-e30e-4484-b75b-e53d08743c2b
public_holiday,RO,Romania,Orthodox Easter Monday,2024-05-06,2024-05-06,True,,,,,e10d4700-aa95-4ae6-b3f0-69f56ab30d75
public_holiday,RO,Romania,Children's Day,2024-06-01,2024-06-01,True,,,,,4d396879-ec1e-473a-b0fd-418b1a33a886
public_holiday,RO,Romania,Orthodox Pentecost Sunday,2024-06-23,2024-06-23,True,,,,,156d2831-9301-4aa8-9786-c02dae0a06ba
public_holiday,RO,Romania,Orthodox Pentecost Monday,2024-06-24,2024-06-24,True,,,,,38a4ea92-91ab-45c0-a33b-7150e14fc303
public_holiday,RO,Romania,Assumption Day,2024-08-15,2024-08-15,True,,,,,64909585-9fb3-4e6d-96c8-95bb66d79058
public_holiday,RO,Romania,Saint Andrew's Day,2024-11-30,2024-11-30,True,,,,,cae18ec7-13b1-4ab5-bfa8-d330b2e83460
public_holiday,RO,Romania,National Day of Romania,2024-12-01,2024-12-01,True,,,,,98be5148-0739-4179-a6b5-437ace904e27
public_holiday,RO,Romania,First Christmas Day,2024-12-25,2024-12-25,True,,,,,90624f7a-1ec4-42ef-94ad-2108f16243ee
public_holiday,RO,Romania,Second Christmas Day,2024-12-26,2024-12-26,True,,,,,bb8649d4-7a84-4550-a97a-5396e3ccbb77
public_holiday,RO,Romania,New Year,2025-01-01,2025-01-02,True,,,,,476fc620-e806-446f-8863-e0300a0af021
public_holiday,RO,Romania,Epiphany,2025-01-06,2025-01-06,True,,,,,8b8ea7fe-12a3-47b2-8db0-d430d9eba886
public_holiday,RO,Romania,Saint John the Baptist Day,2025-01-07,2025-01-07,True,,,,,65948c41-55e0-496f-9c87-49fa2d9212c6
public_holiday,RO,Romania,Day of the Unification of the Romanian Principalities,2025-01-24,2025-01-24,True,,,,,2f48dc64-9db2-40f0-b5c8-ad35d1f0586e
public_holiday,RO,Romania,Orthodox Good Friday,2025-04-18,2025-04-18,True,,,,,4bc5f669-f94f-4bd2-8cb7-66a7e2978308
public_holiday,RO,Romania,Orthodox Easter Sunday,2025-04-20,2025-04-20,True,,,,,28a8e409-244e-4aa2-91c1-ac3f99b0f305
public_holiday,RO,Romania,Orthodox Easter Monday,2025-04-21,2025-04-21,True,,,,,65f12cf6-ecb7-4931-810d-7146b621809f
public_holiday,RO,Romania,Labour Day,2025-05-01,2025-05-01,True,,,,,4882fdc9-3865-4ba8-8316-ba465037d2c2
public_holiday,RO,Romania,Children's Day,2025-06-01,2025-06-01,True,,,,,20a0d239-65de-4b9e-a444-49b4076b9c19
public_holiday,RO,Romania,Orthodox Pentecost Sunday,2025-06-08,2025-06-08,True,,,,,69101ffa-34e8-4847-ab0b-ab082fe12406
public_holiday,RO,Romania,Orthodox Pentecost Monday,2025-06-09,2025-06-09,True,,,,,6d147a12-3276-459d-bfdb-553377ecdd4f
public_holiday,RO,Romania,Assumption Day,2025-08-15,2025-08-15,True,,,,,255c92bb-42af-4503-b07d-ebfe5b13eea6
public_holiday,RO,Romania,Saint Andrew's Day,2025-11-30,2025-11-30,True,,,,,8605d51c-cfa2-4265-bb1a-8bdcc8855103
public_holiday,RO,Romania,National Day of Romania,2025-12-01,2025-12-01,True,,,,,cd7e36f2-f81f-4326-a8c7-75eeca7a6734
public_holiday,RO,Romania,First Christmas Day,2025-12-25,2025-12-25,True,,,,,fc66765d-fe3d-4837-8a81-1bba30a49bf5
public_holiday,RO,Romania,Second Christmas Day,2025-12-26,2025-12-26,True,,,,,9fcd3858-b9fc-4b9a-b8c8-c899d22ede37
school_holiday,RO,Romania,Winter holidays,2022-12-23,2023-01-08,True,,,,,ac2e3e4e-0a61-4a7d-ad71-f26199927a61
school_holiday,RO,Romania,Ski holidays,2023-02-06,2023-02-12,False,,RO-IF|RO-SV,,,9b45007a-021a-42b3-8a7b-a1f61c85c55c
school_holiday,RO,Romania,Ski holidays,2023-02-13,2023-02-19,False,,RO-PH|RO-CL|RO-AG|RO-TR|RO-CJ|RO-BN|RO-BH|RO-GJ|RO-DB|RO-HD,,,47e6453b-5cfb-4cd9-adb6-3581800b7803
school_holiday,RO,Romania,Ski holidays,2023-02-20,2023-02-26,False,,RO-IS|RO-SM|RO-IL|RO-TL|RO-BC|RO-MM|RO-VN|RO-BR|RO-BZ|RO-AR|RO-TM|RO-MH|RO-SB|RO-AB|RO-BT|RO-DJ|RO-GL|RO-VS|RO-BU|RO-MS|RO-CS|RO-NT|RO-CT|RO-CV|RO-GR|RO-OT|RO-BV|RO-VL|RO-SJ|RO-HR,,,8be007b2-a8f0-438f-a066-daf58b7937aa
school_holiday,RO,Romania,Spring holidays,2023-04-07,2023-04-18,True,,,,,c592db8f-6296-477e-8c8f-e609716ea1d2
school_holiday,RO,Romania,Summer holidays,2023-06-17,2023-09-03,True,,,,,01ad15d0-989d-41aa-8a8f-257facdbcb35
school_holiday,RO,Romania,Autumn holidays,2023-10-28,2023-11-05,True,,,,,4be5a84a-dd54-4c6f-997e-e477d4dec631
school_holiday,RO,Romania,Winter holidays,2023-12-23,2024-01-07,True,,,,,7640eac6-f45e-4498-b4a9-f3c74db38d33
school_holiday,RO,Romania,Ski holidays,2024-02-12,2024-02-18,True,,,,,0fe6db0a-6ed5-41e8-8a64-6ffae4262a44
school_holiday,RO,Romania,Ski holidays,2024-02-12,2024-02-18,False,,RO-SM|RO-BN,,,da5a8406-8feb-4b9c-842a-de425cc4b45e
school_holiday,RO,Romania,Ski holidays,2024-02-19,2024-02-25,False,,RO-IS|RO-PH|RO-IL|RO-VN|RO-BR|RO-CL|RO-AG|RO-IF|RO-BZ|RO-TR|RO-CJ|RO-BT|RO-GL|RO-VS|RO-BU|RO-BH|RO-CS|RO-NT|RO-CV|RO-GR|RO-OT|RO-GJ|RO-DB|RO-SJ|RO-HR|RO-HD,,,a5571ab6-f081-41b8-8427-48b0b15b520b
school_holiday,RO,Romania,Ski holidays,2024-02-26,2024-03-03,False,,RO-TL|RO-BC|RO-MM|RO-SV|RO-AR|RO-TM|RO-MH|RO-SB|RO-AB|RO-DJ|RO-MS|RO-CT|RO-BV|RO-VL,,,0386a6f6-adbe-46ef-a8e1-4cd75dae3602
school_holiday,RO,Romania,Spring holidays,2024-04-27,2024-05-07,True,,,,,0f1e63ad-76a3-46c2-9396-0b5fe8cc5ce2
school_holiday,RO,Romania,Summer holidays,2024-06-22,2024-09-08,True,,,,,853de039-1d6d-4b6c-8e2c-94e7c11acbee
school_holiday,RO,Romania,Autumn holidays,2024-10-26,2024-11-03,True,,,,,47bd03e2-465e-4691-b3d5-b6aa3f194b29
school_holiday,RO,Romania,Winter holidays,2024-12-21,2025-01-07,True,,,,,ea6ea79a-a281-450c-9e40-438ea94b771f
school_holiday,RO,Romania,Ski holidays,2025-02-10,2025-02-14,False,,RO-BN,,,4aa88c50-1823-46e9-b2bf-83f789488625
school_holiday,RO,Romania,Ski holidays,2025-02-17,2025-02-21,False,,RO-PH|RO-IL|RO-VN|RO-BR|RO-CL|RO-AG|RO-IF|RO-BZ|RO-TR|RO-TM|RO-CJ|RO-MH|RO-VS|RO-BU|RO-BH|RO-CS|RO-GR|RO-OT|RO-GJ|RO-DB|RO-VL|RO-SJ|RO-HD,,,d35d02ba-6507-420c-834d-f42aead69a61
school_holiday,RO,Romania,Ski holidays,2025-02-24,2025-02-28,False,,RO-IS|RO-SM|RO-TL|RO-BC|RO-MM|RO-SV|RO-AR|RO-SB|RO-AB|RO-BT|RO-DJ|RO-GL|RO-MS|RO-NT|RO-CT|RO-CV|RO-BV|RO-HR,,,f5fd4dd5-5d30-4ace-b4d3-43e01041e254
school_holiday,RO,Romania,Spring holidays,2025-04-18,2025-04-27,True,,,,,17084d44-2b8f-4bea-b515-dae3ac5448ee
school_holiday,RO,Romania,Summer holidays,2025-06-21,2025-09-07,True,,,,,24413657-34ff-42c5-8296-642bdc48e1db
school_holiday,RO,Romania,Autumn holidays,2025-10-25,2025-11-01,True,,,,,0b4fbd69-3f91-4251-b9f2-c454b5f59a00
school_holiday,RO,Romania,Winter holidays,2025-12-20,2026-01-07,True,,,,,93c47368-2db1-44d8-9211-d5ed7a1e28e1
public_holiday,RO,Romania,New Year,2026-01-01,2026-01-02,True,,,,,52224920-b9a1-45cc-a38f-f0a021b984a3
public_holiday,RO,Romania,Epiphany,2026-01-06,2026-01-06,True,,,,,722c9c81-c2bd-496d-ac84-018c3e627a40
public_holiday,RO,Romania,Saint John the Baptist Day,2026-01-07,2026-01-07,True,,,,,3fb05d33-2992-4810-9ada-bc69ce870c3d
public_holiday,RO,Romania,Day of the Unification of the Romanian Principalities,2026-01-24,2026-01-24,True,,,,,900f2d79-b245-4445-810b-341d4dc33f7d
public_holiday,RO,Romania,Orthodox Good Friday,2026-04-10,2026-04-10,True,,,,,2b73b7cc-6fb2-428b-a781-2e4cd27f414b
public_holiday,RO,Romania,Orthodox Easter Sunday,2026-04-12,2026-04-12,True,,,,,521ef66a-4069-4f99-bb21-ae90e505e95c
public_holiday,RO,Romania,Orthodox Easter Monday,2026-04-13,2026-04-13,True,,,,,787cfad3-d467-4563-b2ed-f20698d68174
public_holiday,RO,Romania,Labour Day,2026-05-01,2026-05-01,True,,,,,b8a2a7eb-a8f8-48df-ae1b-0d7ac79cde93
public_holiday,RO,Romania,Orthodox Pentecost Sunday,2026-05-31,2026-05-31,True,,,,,ac8826c0-d617-4044-827f-df87b80c6c8f
public_holiday,RO,Romania,Children's Day,2026-06-01,2026-06-01,True,,,,,535eac22-02c1-4cc6-9c61-4a355144e63a
public_holiday,RO,Romania,Orthodox Pentecost Monday,2026-06-01,2026-06-01,True,,,,,fd45cf8f-1bc3-4fdf-8a91-b62bd261cd87
public_holiday,RO,Romania,Assumption Day,2026-08-15,2026-08-15,True,,,,,0ea70c5f-b264-4523-aa85-f29750bf9c14
public_holiday,RO,Romania,Saint Andrew's Day,2026-11-30,2026-11-30,True,,,,,57ee4510-be69-4dfa-b98a-f84de4ce1077
public_holiday,RO,Romania,National Day of Romania,2026-12-01,2026-12-01,True,,,,,a19f090d-a58b-4b9e-95f3-81842cbb4e03
public_holiday,RO,Romania,First Christmas Day,2026-12-25,2026-12-25,True,,,,,34bc3299-d3c9-407c-a34f-8beea94290e2
public_holiday,RO,Romania,Second Christmas Day,2026-12-26,2026-12-26,True,,,,,b9648c89-8eb8-4baf-a708-1a418ec9ab2f
public_holiday,RO,Romania,New Year,2027-01-01,2027-01-02,True,,,,,ba8f1a1d-8ad8-4777-a2dc-2b35044fc15c
public_holiday,RO,Romania,Epiphany,2027-01-06,2027-01-06,True,,,,,18886b52-0328-40a6-b442-e552c4546982
public_holiday,RO,Romania,Saint John the Baptist Day,2027-01-07,2027-01-07,True,,,,,7672d292-44e3-41ed-b3ac-534184b2341e
public_holiday,RO,Romania,Day of the Unification of the Romanian Principalities,2027-01-24,2027-01-24,True,,,,,c0c48d63-330c-454d-8284-80664e4b6f08
public_holiday,RO,Romania,Orthodox Good Friday,2027-04-30,2027-04-30,True,,,,,e800b84a-9bff-4859-92ea-b78c68e0056b
public_holiday,RO,Romania,Labour Day,2027-05-01,2027-05-01,True,,,,,f80dac02-942d-49c3-b242-1631b1ce20c5
public_holiday,RO,Romania,Orthodox Easter Sunday,2027-05-02,2027-05-02,True,,,,,4379d891-8868-4db7-a48b-2d236d04d148
public_holiday,RO,Romania,Orthodox Easter Monday,2027-05-03,2027-05-03,True,,,,,5e893651-3ded-47be-be40-987de5147ed3
public_holiday,RO,Romania,Children's Day,2027-06-01,2027-06-01,True,,,,,9cd64ce4-1486-4f59-93d3-1e735aae22c9
public_holiday,RO,Romania,Orthodox Pentecost Sunday,2027-06-07,2027-06-07,True,,,,,8ba6b90f-0306-4a59-8abc-99e79a990fad
public_holiday,RO,Romania,Orthodox Pentecost Monday,2027-06-20,2027-06-20,True,,,,,259296cb-3c86-4174-b41b-1f4622a65897
public_holiday,RO,Romania,Assumption Day,2027-08-21,2027-08-21,True,,,,,f995e297-0d77-430e-9866-0ead7fca2969
public_holiday,RO,Romania,Saint Andrew's Day,2027-11-30,2027-11-30,True,,,,,9f3b3948-c28f-425d-ab74-789d236dc676
public_holiday,RO,Romania,National Day of Romania,2027-12-01,2027-12-01,True,,,,,cb107743-f5de-4108-b720-eb61d8af5326
public_holiday,RO,Romania,First Christmas Day,2027-12-25,2027-12-25,True,,,,,86c752a6-efd8-4f15-a7ac-6a5a064e513c
public_holiday,RO,Romania,Second Christmas Day,2027-12-26,2027-12-26,True,,,,,27ddcb10-50fc-45bd-8f72-ac2296163159
school_holiday,RO,Romania,Ski holidays,2026-02-09,2026-02-13,False,,RO-TM|RO-CJ|RO-BN,,,3397afd6-c3ab-4c37-b8a7-52d2e4d57f4a
school_holiday,RO,Romania,Ski holidays,2026-02-16,2026-02-20,False,,RO-IS|RO-PH|RO-IL|RO-TL|RO-CL|RO-AG|RO-IF|RO-BZ|RO-TR|RO-AR|RO-MH|RO-DJ|RO-BU|RO-BH|RO-CS|RO-OT|RO-BV|RO-GJ|RO-DB|RO-VL|RO-SJ|RO-HD,,,29a4574b-9af1-406a-bea5-01d36282b1db
school_holiday,RO,Romania,Ski holidays,2026-02-23,2026-02-27,False,,RO-SM|RO-BC|RO-MM|RO-VN|RO-BR|RO-SV|RO-SB|RO-AB|RO-BT|RO-GL|RO-VS|RO-MS|RO-NT|RO-CT|RO-CV|RO-GR|RO-HR,,,fc73c211-14e9-47fa-9d6e-242a2a17849a
school_holiday,RO,Romania,Spring holidays,2026-04-04,2026-04-14,True,,,,,3aac2d5c-ac70-4d98-9196-bee3040c3cec
school_holiday,RO,Romania,Summer holidays,2026-06-20,2026-09-06,True,,,,,33211819-537b-4146-87b7-f5acea44fd7e
public_holiday,RS,Serbia,New Year's Day,2023-01-01,2023-01-02,True,,,,,b0abd5c5-547e-43e9-9042-4540394e1b3a
public_holiday,RS,Serbia,Christmas (Orthodox),2023-01-07,2023-01-07,True,,,,,a03efbac-15c5-45b7-b799-850456f19213
public_holiday,RS,Serbia,Sovereignty Day,2023-02-15,2023-02-16,True,,,,,fafc0882-6435-4c5e-bf2d-2f2e76b6473f
public_holiday,RS,Serbia,Good Friday (Orthodox),2023-04-14,2023-04-14,True,,,,,81435555-04d9-4155-8e99-8653c4837d1f
public_holiday,RS,Serbia,Easter Saturday (Orthodox),2023-04-15,2023-04-15,True,,,,,41d8913c-534c-4d8c-be01-40dbe70e8034
public_holiday,RS,Serbia,Easter Sunday (Orthodox),2023-04-16,2023-04-16,True,,,,,6d1749b2-c469-43ec-833d-f8c162b3771b
public_holiday,RS,Serbia,Easter Monday (Orthodox),2023-04-17,2023-04-17,True,,,,,c4bdd27f-2f77-4d4a-b7d9-56c575a6f75c
public_holiday,RS,Serbia,Labour Day,2023-05-01,2023-05-02,True,,,,,ddfda89c-f650-4383-90b5-e63ec6c2c320
public_holiday,RS,Serbia,Armistice Day,2023-11-11,2023-11-11,True,,,,,6b8fefb3-7df8-4988-aa66-6560bbfc55bf
public_holiday,RS,Serbia,New Year's Day,2024-01-01,2024-01-02,True,,,,,11a9449d-94ed-4127-9eda-f1e720c8dca0
public_holiday,RS,Serbia,Christmas (Orthodox),2024-01-07,2024-01-07,True,,,,,624caada-2090-4566-a235-d03fcbdae00f
public_holiday,RS,Serbia,Sovereignty Day,2024-02-15,2024-02-16,True,,,,,62da73f9-42de-477e-a6cc-d446e7332af1
public_holiday,RS,Serbia,Labour Day,2024-05-01,2024-05-02,True,,,,,20abf615-cf76-4003-9bcd-fe6debd9ff40
public_holiday,RS,Serbia,Good Friday (Orthodox),2024-05-03,2024-05-03,True,,,,,f86f6803-0acb-40f4-b376-94bec2f88072
public_holiday,RS,Serbia,Easter Saturday (Orthodox),2024-05-04,2024-05-04,True,,,,,e22c52a0-7124-4913-b2d5-53a1be96729a
public_holiday,RS,Serbia,Easter Sunday (Orthodox),2024-05-05,2024-05-05,True,,,,,442043a0-2d66-4141-ad69-951b951c3040
public_holiday,RS,Serbia,Easter Monday (Orthodox),2024-05-06,2024-05-06,True,,,,,94932555-cb4a-44b9-b6d3-986053b14e7f
public_holiday,RS,Serbia,Armistice Day,2024-11-11,2024-11-11,True,,,,,0ca850a5-43aa-49e8-8736-36a77d418770
public_holiday,RS,Serbia,New Year's Day,2025-01-01,2025-01-02,True,,,,,76a38947-cdfb-4775-950b-81ffeab93d5f
public_holiday,RS,Serbia,Christmas (Orthodox),2025-01-07,2025-01-07,True,,,,,93811894-5dcc-43eb-b55a-067633c59910
public_holiday,RS,Serbia,Sovereignty Day,2025-02-15,2025-02-16,True,,,,,baec2d83-c6d1-434d-8644-b4e601e1b225
public_holiday,RS,Serbia,Good Friday (Orthodox),2025-04-18,2025-04-18,True,,,,,b26ad982-a857-40c8-8183-6666f5f0110b
public_holiday,RS,Serbia,Easter Saturday (Orthodox),2025-04-19,2025-04-19,True,,,,,60393dfb-75b9-41fe-bfe3-882c69f0f9ab
public_holiday,RS,Serbia,Easter Sunday (Orthodox),2025-04-20,2025-04-20,True,,,,,0a3d4d8e-3a95-4c46-9094-2c0fb3c1db16
public_holiday,RS,Serbia,Easter Monday (Orthodox),2025-04-21,2025-04-21,True,,,,,125387c9-eb2d-47a8-91dd-3c5b7e53b01e
public_holiday,RS,Serbia,Labour Day,2025-05-01,2025-05-02,True,,,,,d70303ed-0231-482a-818c-8896b176a371
public_holiday,RS,Serbia,Armistice Day,2025-11-11,2025-11-11,True,,,,,d872aa1b-9564-4c63-a47a-00b0105fa8a4
school_holiday,RS,Serbia,Winter holidays,2023-01-03,2023-01-20,True,,,,"[{'language': 'EN', 'text': 'primary schools'}]",7ccad143-267a-488f-b4b7-04ae87cc0b7a
school_holiday,RS,Serbia,Winter holidays,2023-01-03,2023-01-13,True,,,,"[{'language': 'EN', 'text': 'post-primary schools'}]",849f79da-37b8-4858-a2db-bd4a9526b0b1
school_holiday,RS,Serbia,Spring holidays,2023-04-11,2023-04-18,True,,,,,bd8ea4b4-6e17-46a5-a838-8b11341ccf51
school_holiday,RS,Serbia,Summer holidays,2023-06-21,2023-08-31,True,,,,,42a36ac7-ec14-46c3-bc43-36965aed787e
school_holiday,RS,Serbia,Autumn holidays,2023-11-08,2023-11-10,True,,,,,bb069855-d711-4479-9222-12524336f363
school_holiday,RS,Serbia,Winter holidays,2024-01-01,2024-01-19,True,,,,,c10f1639-85bb-45a3-9922-842bda98d506
school_holiday,RS,Serbia,Spring holidays,2024-04-29,2024-05-06,True,,,,,85510275-c8da-4e43-aff9-0a16cbd8a264
school_holiday,RS,Serbia,Summer holidays,2024-06-24,2024-08-30,True,,,,,881a9770-041d-44be-b88c-af799ff865c5
school_holiday,RS,Serbia,Autumn holidays,2024-11-11,2024-11-12,True,,,,,144e8a2a-cc4e-4738-a3a4-5e1648c704b2
school_holiday,RS,Serbia,Winter holidays,2024-12-30,2025-01-17,True,,,,,249308fe-68e8-4d09-b55e-2538f8acb256
school_holiday,RS,Serbia,Spring holidays,2025-04-16,2025-04-21,True,,,,,820eef25-f4b3-43a9-9020-8c9419119ceb
school_holiday,RS,Serbia,Summer holidays,2025-06-16,2025-08-29,True,,,,"[{'language': 'EN', 'text': 'primary schools'}]",094b161f-0b3e-45c6-b55f-050796061f4d
school_holiday,RS,Serbia,Summer holidays,2025-06-23,2025-08-29,True,,,,"[{'language': 'EN', 'text': 'post-primary schools'}]",db3e8f05-deb6-421b-ab99-e5a0e0c97548
school_holiday,RS,Serbia,Autumn holidays,2025-11-10,2025-11-11,True,,,,,46fd7eef-e78d-43b5-abc9-4f89d36131e3
school_holiday,RS,Serbia,Winter holidays,2025-12-31,2026-01-16,True,,,,,971019d8-35e3-466c-93c2-e92930dc86de
public_holiday,RS,Serbia,New Year's Day,2026-01-01,2026-01-02,True,,,,,38ba8c2d-cf6f-4edc-b1fe-bf305b409a9f
public_holiday,RS,Serbia,Christmas (Orthodox),2026-01-07,2026-01-07,True,,,,,6d7ef3cc-6840-4b3e-b826-add4a60004b6
public_holiday,RS,Serbia,Sovereignty Day,2026-02-15,2026-02-16,True,,,,,2d8d15ae-9eea-4b11-bce8-43436ada823f
public_holiday,RS,Serbia,Good Friday (Orthodox),2026-04-10,2026-04-10,True,,,,,73233841-003f-4e5f-b325-9c8775d7768a
public_holiday,RS,Serbia,Easter Saturday (Orthodox),2026-04-11,2026-04-11,True,,,,,6c750288-7723-45ee-be00-490ed03db007
public_holiday,RS,Serbia,Easter Sunday (Orthodox),2026-04-12,2026-04-12,True,,,,,37497a3d-c32a-4cb1-8b4d-98565a695af7
public_holiday,RS,Serbia,Easter Monday (Orthodox),2026-04-13,2026-04-13,True,,,,,2abef0a5-fcea-478b-b6ae-0a136107028b
public_holiday,RS,Serbia,Labour Day,2026-05-01,2026-05-02,True,,,,,bb7ea2aa-26e9-4e9d-9206-ea4ad9db612d
public_holiday,RS,Serbia,Armistice Day,2026-11-11,2026-11-11,True,,,,,159d625c-0e52-41b7-9c5b-92632fe9fa8d
public_holiday,RS,Serbia,New Year's Day,2027-01-01,2027-01-02,True,,,,,82332607-02a6-415a-832c-4776422718b4
public_holiday,RS,Serbia,Christmas (Orthodox),2027-01-07,2027-01-07,True,,,,,909f8133-09bd-4285-81e6-40105b1b1422
public_holiday,RS,Serbia,Sovereignty Day,2027-02-15,2027-02-16,True,,,,,3e949640-5e10-4520-94a5-5d475f8a58d9
public_holiday,RS,Serbia,Good Friday (Orthodox),2027-04-30,2027-04-30,True,,,,,586126f9-6f13-4352-ac7c-9dddb944a263
public_holiday,RS,Serbia,Easter Saturday (Orthodox),2027-05-01,2027-05-01,True,,,,,83ad517d-67df-4920-bb14-20a28c1d333d
public_holiday,RS,Serbia,Labour Day,2027-05-01,2027-05-02,True,,,,,f04f8c06-780d-4da0-9668-c2561e03764f
public_holiday,RS,Serbia,Easter Sunday (Orthodox),2027-05-02,2027-05-02,True,,,,,124e1c71-7ada-46c2-9d1d-91fbca3b7872
public_holiday,RS,Serbia,Easter Monday (Orthodox),2027-05-03,2027-05-03,True,,,,,df745579-6050-4a91-9d2a-05c85c053734
public_holiday,RS,Serbia,Armistice Day,2027-11-11,2027-11-11,True,,,,,e4f00af7-e10d-40d4-9050-6e2a5f02f4b8
school_holiday,RS,Serbia,Sretenje holidays,2026-02-16,2026-02-20,True,,,,,0a982e92-2ef6-4c88-8b19-4fc6b0397454
school_holiday,RS,Serbia,Spring holidays,2026-04-10,2026-04-14,True,,,,,ec3531ef-ec5b-48bb-b491-c0ff92e5c94c
school_holiday,RS,Serbia,Summer holidays,2026-06-15,2026-08-31,True,,,,"[{'language': 'EN', 'text': 'primary schools'}]",b0d6f1b2-d0e3-4b86-b838-2bad47cfabaa
school_holiday,RS,Serbia,Summer holidays,2026-06-22,2026-08-31,True,,,,"[{'language': 'EN', 'text': 'post-primary schools'}]",5869baf6-07e4-46fe-910e-12406349a28b
public_holiday,SE,Sweden,New Year's Day,2023-01-01,2023-01-01,True,,,,,6b82a526-711f-4a41-b68b-b68ddb3bdc8c
public_holiday,SE,Sweden,Epiphany,2023-01-06,2023-01-06,True,,,,,78389eca-8f9c-4e90-889b-17eb2c40c5ab
public_holiday,SE,Sweden,Good Friday,2023-04-07,2023-04-07,True,,,,,4e51dab5-c2c4-4e06-a417-4a866b8faebb
public_holiday,SE,Sweden,Easter Sunday,2023-04-09,2023-04-09,True,,,,,eb83d587-e44a-48c6-bd9e-0f1340808f8d
public_holiday,SE,Sweden,Easter Monday,2023-04-10,2023-04-10,True,,,,,66a3da32-8493-4147-88ec-00afe89f7447
public_holiday,SE,Sweden,Labour Day,2023-05-01,2023-05-01,True,,,,,d75433ff-4587-40ea-b32a-eedf47d22b28
public_holiday,SE,Sweden,Ascension Day,2023-05-18,2023-05-18,True,,,,,f237bb04-483f-4ff4-84e4-e101cbed4ec7
public_holiday,SE,Sweden,Whit Sunday,2023-05-28,2023-05-28,True,,,,,dadb4436-68c6-4656-a21b-4f76c1c7c74c
public_holiday,SE,Sweden,National Day,2023-06-06,2023-06-06,True,,,,,9f4a01f2-8499-4370-8272-abc1a2571c5c
public_holiday,SE,Sweden,Midsummer Day,2023-06-24,2023-06-24,True,,,,,1172baf6-dc73-48d6-ae28-8ca72d7823be
public_holiday,SE,Sweden,All Saints' Day,2023-11-04,2023-11-04,True,,,,,7fa9d08a-31d2-46df-8cdc-b42b22010efa
public_holiday,SE,Sweden,Christmas Day,2023-12-25,2023-12-25,True,,,,,0c8899b0-6daa-4393-af7b-4bcb14836d09
public_holiday,SE,Sweden,Boxing Day,2023-12-26,2023-12-26,True,,,,,01ade76a-82e5-4a52-8648-050f538f31de
public_holiday,SE,Sweden,New Year's Day,2024-01-01,2024-01-01,True,,,,,d303dbcd-1e73-46b5-adfe-42053ef0a095
public_holiday,SE,Sweden,Epiphany,2024-01-06,2024-01-06,True,,,,,2621d001-e6e3-4a4c-9578-4c247aa5902d
public_holiday,SE,Sweden,Good Friday,2024-03-29,2024-03-29,True,,,,,a082b311-21c5-4d1c-83da-b952838fee57
public_holiday,SE,Sweden,Easter Sunday,2024-03-31,2024-03-31,True,,,,,b950d1e9-b19e-4f79-b7fe-467cecde8e0a
public_holiday,SE,Sweden,Easter Monday,2024-04-01,2024-04-01,True,,,,,810f017b-65ca-47d3-9328-83ba411e6f85
public_holiday,SE,Sweden,Labour Day,2024-05-01,2024-05-01,True,,,,,d00454d5-afbe-420f-ab30-1a77d49a7d0d
public_holiday,SE,Sweden,Ascension Day,2024-05-09,2024-05-09,True,,,,,f3594532-6568-44eb-8cbf-07a9e0fee312
public_holiday,SE,Sweden,Whit Sunday,2024-05-19,2024-05-19,True,,,,,f3d20b09-fa5d-4784-af34-ef3107640b95
public_holiday,SE,Sweden,National Day,2024-06-06,2024-06-06,True,,,,,5def3009-653d-4cb5-a698-32a06b0f62b1
public_holiday,SE,Sweden,Midsummer Day,2024-06-22,2024-06-22,True,,,,,c83ba6b3-531f-4e27-ba69-0f20ec3194b3
public_holiday,SE,Sweden,All Saints' Day,2024-11-02,2024-11-02,True,,,,,b43307a3-c467-4971-8544-1bad19874240
public_holiday,SE,Sweden,Christmas Day,2024-12-25,2024-12-25,True,,,,,a45c7b75-eb71-47b9-adbb-dd8631f9ccd0
public_holiday,SE,Sweden,Boxing Day,2024-12-26,2024-12-26,True,,,,,94d55d12-7f13-4270-853b-dc4f5f01765e
public_holiday,SE,Sweden,New Year's Day,2025-01-01,2025-01-01,True,,,,,61ba2496-1aaa-4a4f-b9d5-4fd4e54a20d6
public_holiday,SE,Sweden,Epiphany,2025-01-06,2025-01-06,True,,,,,340ef90d-3d10-4be2-b059-1a74f7d73e99
public_holiday,SE,Sweden,Good Friday,2025-04-18,2025-04-18,True,,,,,a9dd2888-8ea8-4730-9a78-b6dee4dd4011
public_holiday,SE,Sweden,Easter Sunday,2025-04-20,2025-04-20,True,,,,,90e1d903-8ec0-4965-8b3c-fbb1ec826f73
public_holiday,SE,Sweden,Easter Monday,2025-04-21,2025-04-21,True,,,,,3cce529e-831b-4f01-b228-60382c89b7ff
public_holiday,SE,Sweden,Labour Day,2025-05-01,2025-05-01,True,,,,,78403552-e5bb-4ee9-9c24-352380279a8f
public_holiday,SE,Sweden,Ascension Day,2025-05-29,2025-05-29,True,,,,,f9c7a8ea-795f-4f5a-bd30-72951f0bef53
public_holiday,SE,Sweden,National Day,2025-06-06,2025-06-06,True,,,,,6f232c9f-30cd-4df1-bd11-2e60f02a7904
public_holiday,SE,Sweden,Whit Sunday,2025-06-08,2025-06-08,True,,,,,4a526565-0b6c-4df5-9f2c-0c690afce2c0
public_holiday,SE,Sweden,Midsummer Day,2025-06-21,2025-06-21,True,,,,,c957e41e-4e5b-452b-a1fa-265a429cb45c
public_holiday,SE,Sweden,All Saints' Day,2025-11-01,2025-11-01,True,,,,,a782e52d-52c7-42ca-8b0e-30a2db6fa991
public_holiday,SE,Sweden,Christmas Day,2025-12-25,2025-12-25,True,,,,,12c674c3-9286-4864-ae5a-e5335ceeed0b
public_holiday,SE,Sweden,Boxing Day,2025-12-26,2025-12-26,True,,,,,0409eac2-c135-4473-93fe-b4390a0a90cf
public_holiday,SE,Sweden,New Year's Day,2026-01-01,2026-01-01,True,,,,,a25bab03-df30-45ed-97f5-b734dd3fd3c5
public_holiday,SE,Sweden,Epiphany,2026-01-06,2026-01-06,True,,,,,78dc72e3-97c1-41ae-bbb3-ac52f21f7e94
public_holiday,SE,Sweden,Good Friday,2026-04-03,2026-04-03,True,,,,,cf363fbc-55df-465c-a322-c146a660522e
public_holiday,SE,Sweden,Easter Sunday,2026-04-05,2026-04-05,True,,,,,ba6d376a-201d-4d0d-abfe-2ecd321f2571
public_holiday,SE,Sweden,Easter Monday,2026-04-06,2026-04-06,True,,,,,ffb9746f-9740-42d2-a846-34e33ff9aac8
public_holiday,SE,Sweden,Labour Day,2026-05-01,2026-05-01,True,,,,,92cd3125-9b09-4f80-ab3d-719fc041a1b8
public_holiday,SE,Sweden,Ascension Day,2026-05-14,2026-05-14,True,,,,,8de790ae-4db2-4293-b82a-74403e2dc368
public_holiday,SE,Sweden,Whit Sunday,2026-05-24,2026-05-24,True,,,,,7ba894e6-d895-4dc1-93ee-adf613845b51
public_holiday,SE,Sweden,National Day,2026-06-06,2026-06-06,True,,,,,6320f58a-d61c-481a-82b2-df04da6898b9
public_holiday,SE,Sweden,Midsummer Day,2026-06-20,2026-06-20,True,,,,,a08e2933-331e-49a7-80e1-2bf3ce6d2436
public_holiday,SE,Sweden,All Saints' Day,2026-10-31,2026-10-31,True,,,,,36d76fab-9828-415c-b273-5d4a61f69c7d
public_holiday,SE,Sweden,Christmas Day,2026-12-25,2026-12-25,True,,,,,c01c27f5-b7f8-4b33-8d51-04a580dcbbd8
public_holiday,SE,Sweden,Boxing Day,2026-12-26,2026-12-26,True,,,,,72510eea-ee7e-44e4-a466-77d8efd1e18a
public_holiday,SE,Sweden,New Year's Day,2027-01-01,2027-01-01,True,,,,,986bcf7f-6452-443b-888e-c0a0b2f03124
public_holiday,SE,Sweden,Epiphany,2027-01-06,2027-01-06,True,,,,,a3332b09-6c0a-4083-87c0-d317d32bfcc5
public_holiday,SE,Sweden,Good Friday,2027-03-26,2027-03-26,True,,,,,4cc91f7b-14a6-44a8-b07c-04abfc848a8e
public_holiday,SE,Sweden,Easter Sunday,2027-03-28,2027-03-28,True,,,,,e0662704-0f04-48df-a65f-8ece89f34e79
public_holiday,SE,Sweden,Easter Monday,2027-03-29,2027-03-29,True,,,,,395a4540-7ee6-490a-95eb-65d18206a765
public_holiday,SE,Sweden,Labour Day,2027-05-01,2027-05-01,True,,,,,aa21ee2f-2cd3-4de4-84b3-c697992a31fd
public_holiday,SE,Sweden,Ascension Day,2027-05-06,2027-05-06,True,,,,,bf29018c-f339-4685-990c-d489ddafaa74
public_holiday,SE,Sweden,Whit Sunday,2027-05-16,2027-05-16,True,,,,,bc342aa1-8448-4f87-bb5c-a4db4ef38346
public_holiday,SE,Sweden,National Day,2027-06-06,2027-06-06,True,,,,,980ce671-010e-40e0-94fd-14630b4abf09
public_holiday,SE,Sweden,Midsummer Day,2027-06-26,2027-06-26,True,,,,,e8eed3b7-3f3b-4393-81da-799785442815
public_holiday,SE,Sweden,All Saints' Day,2027-11-06,2027-11-06,True,,,,,496da2be-539c-430e-86a9-995f0b4b99c2
public_holiday,SE,Sweden,Christmas Day,2027-12-25,2027-12-25,True,,,,,91482391-7f1b-4355-98a5-99badbe02c95
public_holiday,SE,Sweden,Boxing Day,2027-12-26,2027-12-26,True,,,,,9621b072-eff2-416b-ad3b-3289f0ad801a
public_holiday,SI,Slovenia,New Year Holiday,2023-01-01,2023-01-02,True,,,,,d43b17bc-700d-4b63-aa21-3cb58e038490
public_holiday,SI,Slovenia,Prešeren Day,2023-02-08,2023-02-08,True,,,,,93d2021e-acbe-4ce0-8378-fe40931ca9fb
public_holiday,SI,Slovenia,Easter Sunday,2023-04-09,2023-04-09,True,,,,,b242b40e-8b3e-42f4-9e30-d2a04b801ef2
public_holiday,SI,Slovenia,Easter Monday,2023-04-10,2023-04-10,True,,,,,717d8c88-568b-4280-a580-05d92164de4b
public_holiday,SI,Slovenia,Day of Uprising Against the Occupation,2023-04-27,2023-04-27,True,,,,,5b846633-3415-4068-84ce-0bc6937013bd
public_holiday,SI,Slovenia,Labour Day,2023-05-01,2023-05-01,True,,,,,351f0c6c-8239-47a5-862b-f29d0a549fa1
public_holiday,SI,Slovenia,Labour Day,2023-05-02,2023-05-02,True,,,,,1f93dee3-4535-4359-bb02-f17c5af72957
public_holiday,SI,Slovenia,Whit Sunday,2023-05-28,2023-05-28,True,,,,,408d8507-ef4d-4bb3-9c30-0346fb84f6fc
public_holiday,SI,Slovenia,Statehood Day,2023-06-25,2023-06-25,True,,,,,ae48461a-b0df-436e-b8f6-a1ae936a725c
public_holiday,SI,Slovenia,Assumption Day,2023-08-15,2023-08-15,True,,,,,99b31265-aa84-4b1a-9faf-8fe7820a09e2
public_holiday,SI,Slovenia,Reformation Day,2023-10-31,2023-10-31,True,,,,,36f18457-9365-4f1b-9cce-bc7551066eed
public_holiday,SI,Slovenia,Day of Remembrance for the Dead,2023-11-01,2023-11-01,True,,,,,c8a42dba-9384-4e38-a22c-15619c496d5b
public_holiday,SI,Slovenia,Christmas Day,2023-12-25,2023-12-25,True,,,,,96fad19e-0a5a-49de-a60f-6f4451b96bfe
public_holiday,SI,Slovenia,Independence and Unity Day,2023-12-26,2023-12-26,True,,,,,a124893c-2c6f-48db-aa78-5ac9aed2499a
public_holiday,SI,Slovenia,New Year Holiday,2024-01-01,2024-01-02,True,,,,,b0f4deb0-2313-4ad8-aeae-30100d2ac0da
public_holiday,SI,Slovenia,Prešeren Day,2024-02-08,2024-02-08,True,,,,,9e5d837a-fc0e-48be-ad7e-353527749afc
public_holiday,SI,Slovenia,Easter Sunday,2024-03-31,2024-03-31,True,,,,,52ab3cc8-e969-4212-a807-2ba0d709b16c
public_holiday,SI,Slovenia,Easter Monday,2024-04-01,2024-04-01,True,,,,,de6d9738-300d-4923-ae39-147e7d7f206b
public_holiday,SI,Slovenia,Day of Uprising Against the Occupation,2024-04-27,2024-04-27,True,,,,,594e40d2-5516-4012-bac5-625fc570fd8b
public_holiday,SI,Slovenia,Labour Day,2024-05-01,2024-05-01,True,,,,,6c4d2a34-0187-4c21-a347-2097796b6906
public_holiday,SI,Slovenia,Labour Day,2024-05-02,2024-05-02,True,,,,,c02a98de-96cd-4a83-82cb-443251bcaafa
public_holiday,SI,Slovenia,Whit Sunday,2024-05-19,2024-05-19,True,,,,,8b66d909-f5f0-4ef4-8bc6-2668929a26b2
public_holiday,SI,Slovenia,Statehood Day,2024-06-25,2024-06-25,True,,,,,d0592e37-d366-4976-85b1-009bf8545562
public_holiday,SI,Slovenia,Assumption Day,2024-08-15,2024-08-15,True,,,,,f48deb1c-ea3d-4a10-8547-73aac8982250
public_holiday,SI,Slovenia,Reformation Day,2024-10-31,2024-10-31,True,,,,,b20e4462-617f-4ee1-b05b-165f3a832e0d
public_holiday,SI,Slovenia,Day of Remembrance for the Dead,2024-11-01,2024-11-01,True,,,,,df3d491d-3b04-4ffb-9afb-f4366e714edc
public_holiday,SI,Slovenia,Christmas Day,2024-12-25,2024-12-25,True,,,,,60cefc42-2603-4f90-9088-62dfbccd6f4e
public_holiday,SI,Slovenia,Independence and Unity Day,2024-12-26,2024-12-26,True,,,,,06806200-d57b-408e-b175-a69c115491db
public_holiday,SI,Slovenia,New Year Holiday,2025-01-01,2025-01-02,True,,,,,4550fa25-e3e7-4657-9bf1-cdd0f5a756fd
public_holiday,SI,Slovenia,Prešeren Day,2025-02-08,2025-02-08,True,,,,,f8b5c643-949e-408c-8899-84bed236686e
public_holiday,SI,Slovenia,Easter Sunday,2025-04-20,2025-04-20,True,,,,,313d4ca5-8193-4e1d-8c62-b071f476362b
public_holiday,SI,Slovenia,Easter Monday,2025-04-21,2025-04-21,True,,,,,3e14cf3c-cc49-4ad3-99ba-1e7b9b84635d
public_holiday,SI,Slovenia,Day of Uprising Against the Occupation,2025-04-27,2025-04-27,True,,,,,473f4514-1823-40c2-8665-365412380f30
public_holiday,SI,Slovenia,Labour Day,2025-05-01,2025-05-01,True,,,,,e570e1ef-7159-4d13-a07b-b480e57dc499
public_holiday,SI,Slovenia,Labour Day,2025-05-02,2025-05-02,True,,,,,354adb56-7d77-4f7c-8d2e-92be77584c32
public_holiday,SI,Slovenia,Whit Sunday,2025-06-08,2025-06-08,True,,,,,db489255-0685-42b7-b5ab-3a06312fb5e0
public_holiday,SI,Slovenia,Statehood Day,2025-06-25,2025-06-25,True,,,,,0f513110-d4ce-4ce6-a0a5-72f7a6bbbdfd
public_holiday,SI,Slovenia,Assumption Day,2025-08-15,2025-08-15,True,,,,,e1092e42-87da-426e-8be0-2f9a0058e8af
public_holiday,SI,Slovenia,Reformation Day,2025-10-31,2025-10-31,True,,,,,9093629a-544f-474b-879e-bf4b5a92a2c1
public_holiday,SI,Slovenia,Day of Remembrance for the Dead,2025-11-01,2025-11-01,True,,,,,9ad5ea42-1197-4a4a-87da-c37814b76039
public_holiday,SI,Slovenia,Christmas Day,2025-12-25,2025-12-25,True,,,,,700a97c8-fa28-48ae-960a-e6ee7b7af886
public_holiday,SI,Slovenia,Independence and Unity Day,2025-12-26,2025-12-26,True,,,,,bc17b3ae-5ae4-4d71-a91d-bfd127965617
school_holiday,SI,Slovenia,New Year holidays,2022-12-26,2023-01-02,True,,,,"[{'language': 'EN', 'text': 'Primary schools'}]",ae5ef139-7eb7-4ce2-8e43-7cde1454eb25
school_holiday,SI,Slovenia,Winter holidays,2023-01-30,2023-02-03,False,,SI-VR,,,2e13e735-78d3-4383-b641-6c487e8bda6b
school_holiday,SI,Slovenia,Winter holidays,2023-02-06,2023-02-10,False,,SI-ZR,,,a75041ae-367d-4066-b834-702b1c49eea8
school_holiday,SI,Slovenia,Maydays,2023-04-27,2023-05-02,True,,,,"[{'language': 'EN', 'text': 'Primary schools'}]",3558fe6b-d8af-486f-8e46-d7b8480e974e
school_holiday,SI,Slovenia,Maydays,2023-04-28,2023-04-28,True,,,,"[{'language': 'EN', 'text': 'Secondary schools'}]",6efe8847-5415-49ad-9d3c-62d0cc09d5fb
school_holiday,SI,Slovenia,Summer holidays,2023-06-26,2023-08-31,True,,,,,59b04ff1-46f6-4936-bde4-8df12a6fecd6
school_holiday,SI,Slovenia,Autumn holidays,2023-10-30,2023-11-01,True,,,,,bc7f399c-214b-4626-bef0-2f0ec2aeccea
school_holiday,SI,Slovenia,New Year holidays,2023-12-25,2024-01-02,True,,,,"[{'language': 'EN', 'text': 'Primary schools'}]",41f675c6-119d-408e-a499-aa57e9ef6c42
school_holiday,SI,Slovenia,New Year holidays,2023-12-27,2024-01-02,True,,,,"[{'language': 'EN', 'text': 'Secondary schools'}]",be8094f6-3305-4729-8cfe-1a8674f37594
school_holiday,SI,Slovenia,Winter holidays,2024-02-19,2024-02-23,False,,SI-ZR,,,fe88eeeb-e3d8-4a05-bfe6-7b355ad288cd
school_holiday,SI,Slovenia,Winter holidays,2024-02-26,2024-03-01,False,,SI-VR,,,fef171df-4e64-4110-813b-dfe48978ccd8
school_holiday,SI,Slovenia,Maydays,2024-04-27,2024-05-02,True,,,,"[{'language': 'EN', 'text': 'Primary schools'}]",f0f5b4fa-daa6-4126-9e82-91999af7686f
school_holiday,SI,Slovenia,Maydays,2024-04-28,2024-05-02,True,,,,"[{'language': 'EN', 'text': 'Secondary schools'}]",98358536-da06-42bf-bf98-58c18eedea0b
school_holiday,SI,Slovenia,Day off school,2024-05-03,2024-05-03,True,,,,,d146285b-e6f9-4b98-9ddb-fedeffff1898
school_holiday,SI,Slovenia,Summer holidays,2024-06-26,2024-08-31,True,,,,,ffbc2d0b-d2eb-4984-8b4d-39e00ddce039
school_holiday,SI,Slovenia,Autumn holidays,2024-10-28,2024-11-01,True,,,,,fe8b61d9-2e39-48d4-81f1-e32ef2c94c9a
school_holiday,SI,Slovenia,New Year holidays,2024-12-25,2025-01-02,True,,,,"[{'language': 'EN', 'text': 'Primary schools'}]",0396ab66-7e7e-4131-85e1-ccae37740506
school_holiday,SI,Slovenia,New Year holidays,2024-12-27,2025-01-02,True,,,,"[{'language': 'EN', 'text': 'Secondary schools'}]",b080c4f2-d0aa-443a-96e6-1a0e9a22da38
school_holiday,SI,Slovenia,Winter holidays,2025-02-17,2025-02-21,False,,SI-VR,,,d8849b21-fdf4-4302-8dbd-a3d632597124
school_holiday,SI,Slovenia,Winter holidays,2025-02-24,2025-02-28,False,,SI-ZR,,,823e9e27-640c-4def-8b94-b4e9a8ed7cf6
school_holiday,SI,Slovenia,Maydays,2025-04-27,2025-05-02,True,,,,"[{'language': 'EN', 'text': 'Primary schools'}]",dc44f034-f526-48cb-8ad7-957054f96835
school_holiday,SI,Slovenia,Maydays,2025-04-28,2025-05-02,True,,,,"[{'language': 'EN', 'text': 'Secondary schools'}]",9429cb61-f0c2-46f1-8034-525d6a2f028b
school_holiday,SI,Slovenia,Summer holidays,2025-06-26,2025-08-31,True,,,,,133f445e-5a24-4849-876b-192ca535ef3e
school_holiday,SI,Slovenia,Autumn holidays,2025-10-27,2025-10-31,True,,,,,38ba74cf-d2c2-437b-9714-0d905873fff5
school_holiday,SI,Slovenia,New Year holidays,2025-12-25,2026-01-02,True,,,,"[{'language': 'EN', 'text': 'Primary schools'}]",cc13db6f-20c0-4248-a394-5fe8155261bd
school_holiday,SI,Slovenia,New Year holidays,2025-12-29,2025-12-31,True,,,,"[{'language': 'EN', 'text': 'Secondary schools'}]",1bb8964b-79be-4a1a-906a-d333b7f869e7
public_holiday,SI,Slovenia,New Year Holiday,2026-01-01,2026-01-02,True,,,,,bd91e4b5-0f12-408c-aafb-60aa2e649887
public_holiday,SI,Slovenia,Prešeren Day,2026-02-08,2026-02-08,True,,,,,831f920f-5ee9-45be-8b27-9f8e6a775280
public_holiday,SI,Slovenia,Easter Sunday,2026-04-05,2026-04-05,True,,,,,71e5ff25-7965-493c-8e2c-74cfa7d486a5
public_holiday,SI,Slovenia,Easter Monday,2026-04-06,2026-04-06,True,,,,,b7fb301f-af0f-434f-bbe7-8415c7902795
public_holiday,SI,Slovenia,Day of Uprising Against the Occupation,2026-04-27,2026-04-27,True,,,,,63e9f924-879b-4c65-8c6f-ebbc60f7f273
public_holiday,SI,Slovenia,Labour Day,2026-05-01,2026-05-01,True,,,,,97e91c00-f97e-467f-bfdb-e8948147afe9
public_holiday,SI,Slovenia,Labour Day,2026-05-02,2026-05-02,True,,,,,717ebd44-a5c4-4453-9886-06e63e9edde1
public_holiday,SI,Slovenia,Whit Sunday,2026-05-24,2026-05-24,True,,,,,984f97e5-c6af-4adc-a257-20a7088e94b7
public_holiday,SI,Slovenia,Statehood Day,2026-06-25,2026-06-25,True,,,,,86cb883c-f904-4f9a-b618-7377e886c032
public_holiday,SI,Slovenia,Assumption Day,2026-08-15,2026-08-15,True,,,,,21b9cc9f-ddc2-4334-9efb-575bd924b8b5
public_holiday,SI,Slovenia,Reformation Day,2026-10-31,2026-10-31,True,,,,,35867343-6261-4ff8-bfbf-459561a3f909
public_holiday,SI,Slovenia,Day of Remembrance for the Dead,2026-11-01,2026-11-01,True,,,,,d0f7fc7c-0570-4850-b88a-2fd8804bab97
public_holiday,SI,Slovenia,Christmas Day,2026-12-25,2026-12-25,True,,,,,5d5362dc-9b39-4536-aaf4-b56702bee2d8
public_holiday,SI,Slovenia,Independence and Unity Day,2026-12-26,2026-12-26,True,,,,,491f2a29-3c08-456a-859d-22c899efa196
public_holiday,SI,Slovenia,New Year Holiday,2027-01-01,2027-01-02,True,,,,,6df1d9e0-b007-4ee2-9d87-b3a0f2dbff6f
public_holiday,SI,Slovenia,Prešeren Day,2027-02-08,2027-02-08,True,,,,,1cf115f9-32a1-4a85-a838-99e5229359dd
public_holiday,SI,Slovenia,Easter Sunday,2027-03-28,2027-03-28,True,,,,,26814091-3038-43b3-b767-bdeb00bf74c1
public_holiday,SI,Slovenia,Easter Monday,2027-03-29,2027-03-29,True,,,,,e8a2f780-e51c-48bc-ae27-7aa2dcab1406
public_holiday,SI,Slovenia,Day of Uprising Against the Occupation,2027-04-27,2027-04-27,True,,,,,67421e29-a76c-4db6-a26b-3b461ab6d2e7
public_holiday,SI,Slovenia,Labour Day,2027-05-01,2027-05-01,True,,,,,f8c44f4c-1dd2-4417-9a09-bb752a22d138
public_holiday,SI,Slovenia,Labour Day,2027-05-02,2027-05-02,True,,,,,a6d3484c-0303-4603-83e9-4e955f1d4993
public_holiday,SI,Slovenia,Whit Sunday,2027-05-16,2027-05-16,True,,,,,b59b985a-b684-45a6-aad0-bc8b6d790234
public_holiday,SI,Slovenia,Statehood Day,2027-06-25,2027-06-25,True,,,,,0315deb5-aa20-4c8c-b4fb-55e9632680a3
public_holiday,SI,Slovenia,Assumption Day,2027-08-15,2027-08-15,True,,,,,a4d67610-33a4-468f-8922-14fe5720535f
public_holiday,SI,Slovenia,Reformation Day,2027-10-31,2027-10-31,True,,,,,3702a280-faaa-4579-9c48-c40c83227046
public_holiday,SI,Slovenia,Day of Remembrance for the Dead,2027-11-01,2027-11-01,True,,,,,e15261a2-693d-4b1a-864b-59cd9cc3000f
public_holiday,SI,Slovenia,Christmas Day,2027-12-25,2027-12-25,True,,,,,64fe3edc-dcc5-4c18-accf-4a6c2f97e3af
public_holiday,SI,Slovenia,Independence and Unity Day,2027-12-26,2027-12-26,True,,,,,1ae693d0-aaa0-41de-8a5e-9a43dcca9889
school_holiday,SI,Slovenia,Winter holidays,2026-02-16,2026-02-20,False,,SI-ZR,,,e157f40c-996c-43bf-bf73-02b0f68ce773
school_holiday,SI,Slovenia,Winter holidays,2026-02-23,2026-02-27,False,,SI-VR,,,2ae9a3fd-3169-4491-9984-be4f94b7ee1a
school_holiday,SI,Slovenia,Maydays,2026-04-27,2026-05-01,True,,,,"[{'language': 'EN', 'text': 'Primary schools'}]",a9804371-009a-4b89-a1b4-46c210ad0d7f
school_holiday,SI,Slovenia,Maydays,2026-04-28,2026-04-30,True,,,,"[{'language': 'EN', 'text': 'Secondary schools'}]",9c2ab2b0-daec-43f1-837f-21002b8b5178
school_holiday,SI,Slovenia,Summer holidays,2026-06-26,2026-08-31,True,,,,,5a3966d7-1158-483a-b67f-6ff85eaf3683
public_holiday,SK,Slovakia,Day of the Slovak Republic,2023-01-01,2023-01-01,True,,,,,096ae8a9-f136-427e-915b-54178635f2a1
public_holiday,SK,Slovakia,Epiphany,2023-01-06,2023-01-06,True,,,,,d99801f1-ec63-4df6-92a6-c82adfe97fc3
public_holiday,SK,Slovakia,Good Friday,2023-04-07,2023-04-07,True,,,,,1700a309-ffb1-4cad-8076-ca4b8a5ee669
public_holiday,SK,Slovakia,Easter Monday,2023-04-10,2023-04-10,True,,,,,e756e782-e557-4d26-9000-37105ba037ae
public_holiday,SK,Slovakia,Labour Day,2023-05-01,2023-05-01,True,,,,,ed61617b-0e79-4c61-9f29-76fdc5989869
public_holiday,SK,Slovakia,Day of Victory over fascism,2023-05-08,2023-05-08,True,,,,,77a79300-9500-4e0c-9737-986fca05f098
public_holiday,SK,Slovakia,St. Cyril and Methodius Day,2023-07-05,2023-07-05,True,,,,,5a7efb14-e559-4020-8875-046b9e4635c0
public_holiday,SK,Slovakia,Slovak National Uprising anniversary,2023-08-29,2023-08-29,True,,,,,06af1371-f3a3-4ff1-a582-fe8c15e26224
public_holiday,SK,Slovakia,Day of the Constitution of the Slovak Republic,2023-09-01,2023-09-01,True,,,,,4a2c57f3-3f1c-40b1-b9da-81d6113e5437
public_holiday,SK,Slovakia,Day of Our Lady of the Seven Sorrows,2023-09-15,2023-09-15,True,,,,,beebecaa-883a-484a-85c7-ef6524fc2a98
public_holiday,SK,Slovakia,All Saints’ Day,2023-11-01,2023-11-01,True,,,,,0c23f511-606f-4523-9000-4f0756a3c857
public_holiday,SK,Slovakia,Day of Struggle for Freedom and Democracy,2023-11-17,2023-11-17,True,,,,,fd1de97f-f7c6-4d11-86fd-06184bd73a48
public_holiday,SK,Slovakia,Christmas Eve,2023-12-24,2023-12-24,True,,,,,c0e624f3-2f5e-42e7-9468-0894c87138a2
public_holiday,SK,Slovakia,Christmas Day,2023-12-25,2023-12-25,True,,,,,557a1a13-a995-4958-879c-f717eddb5dc3
public_holiday,SK,Slovakia,Second Christmas Day,2023-12-26,2023-12-26,True,,,,,d6863a0c-5408-46d9-a911-a172c1c83902
public_holiday,SK,Slovakia,Day of the Slovak Republic,2024-01-01,2024-01-01,True,,,,,789d0ef3-3379-4869-9e5b-6af552556fc3
public_holiday,SK,Slovakia,Epiphany,2024-01-06,2024-01-06,True,,,,,d8210344-8702-4542-a175-1ace87cc4d4a
public_holiday,SK,Slovakia,Good Friday,2024-03-29,2024-03-29,True,,,,,8d2a2fae-74a0-4c0a-9bbe-1fbdd9b5eee3
public_holiday,SK,Slovakia,Easter Monday,2024-04-01,2024-04-01,True,,,,,8f647c2d-88b4-4efe-bcb3-15c864effae7
public_holiday,SK,Slovakia,Labour Day,2024-05-01,2024-05-01,True,,,,,d7c03e0f-51d4-40e3-a1fa-c56a9e3fad4d
public_holiday,SK,Slovakia,Day of Victory over fascism,2024-05-08,2024-05-08,True,,,,,5d3dae88-4f2b-47ee-8c5c-bb9c00bed0b5
public_holiday,SK,Slovakia,St. Cyril and Methodius Day,2024-07-05,2024-07-05,True,,,,,1b8d6959-70a8-4887-b6c3-f72e82f68e11
public_holiday,SK,Slovakia,Slovak National Uprising anniversary,2024-08-29,2024-08-29,True,,,,,e5963514-c3ac-445b-85cc-1a7bbe6eba5f
public_holiday,SK,Slovakia,Day of the Constitution of the Slovak Republic,2024-09-01,2024-09-01,True,,,,,cb154038-9bc3-48e1-8d8b-815f8a42b979
public_holiday,SK,Slovakia,Day of Our Lady of the Seven Sorrows,2024-09-15,2024-09-15,True,,,,,fde90696-3be9-4f8d-ac43-99dcf3e4a90c
public_holiday,SK,Slovakia,All Saints’ Day,2024-11-01,2024-11-01,True,,,,,696d5409-1331-47a2-93f2-dc403857437e
public_holiday,SK,Slovakia,Day of Struggle for Freedom and Democracy,2024-11-17,2024-11-17,True,,,,,6315b57d-2f10-4148-be6b-eb4a0b9e3522
public_holiday,SK,Slovakia,Christmas Eve,2024-12-24,2024-12-24,True,,,,,0015fe9c-ab4a-4317-927b-634a7d147d94
public_holiday,SK,Slovakia,Christmas Day,2024-12-25,2024-12-25,True,,,,,256b25a3-823d-4f96-ae6c-f710c7cf81a9
public_holiday,SK,Slovakia,Second Christmas Day,2024-12-26,2024-12-26,True,,,,,15e05473-c8a9-4dc6-8808-8f4575b6313c
public_holiday,SK,Slovakia,Day of the Slovak Republic,2025-01-01,2025-01-01,True,,,,,915a2e98-b466-4787-9429-ed1cebdeca32
public_holiday,SK,Slovakia,Epiphany,2025-01-06,2025-01-06,True,,,,,7437cc54-3ffe-4df5-a386-7af30a2db2d8
public_holiday,SK,Slovakia,Good Friday,2025-04-18,2025-04-18,True,,,,,bd7fd5a7-6836-4ef4-a7bb-e6f0d9230706
public_holiday,SK,Slovakia,Easter Monday,2025-04-21,2025-04-21,True,,,,,60aa831a-aa0e-4578-8bcf-d736bef59d5f
public_holiday,SK,Slovakia,Labour Day,2025-05-01,2025-05-01,True,,,,,ffd83f25-8335-4c04-9816-ca29039048af
public_holiday,SK,Slovakia,Day of Victory over fascism,2025-05-08,2025-05-08,True,,,,,3c8d7a4f-392e-476c-a3c3-ddc0c05a3945
public_holiday,SK,Slovakia,St. Cyril and Methodius Day,2025-07-05,2025-07-05,True,,,,,840d2788-d033-42d2-a780-6d23ebb98a5b
public_holiday,SK,Slovakia,Slovak National Uprising anniversary,2025-08-29,2025-08-29,True,,,,,f23ce324-831c-4a18-98f0-a7c70002e98b
public_holiday,SK,Slovakia,Day of Our Lady of the Seven Sorrows,2025-09-15,2025-09-15,True,,,,,0fdc5978-0478-49a4-b35f-c2781b7dfc4d
public_holiday,SK,Slovakia,All Saints’ Day,2025-11-01,2025-11-01,True,,,,,413cfbbb-df2f-442e-8201-57333c96458e
public_holiday,SK,Slovakia,Day of Struggle for Freedom and Democracy,2025-11-17,2025-11-17,True,,,,,408bc6e9-c2a6-4228-b2c6-91153b7bbd04
public_holiday,SK,Slovakia,Christmas Eve,2025-12-24,2025-12-24,True,,,,,40675b93-1f90-45b0-99d7-579e19dd122d
public_holiday,SK,Slovakia,Christmas Day,2025-12-25,2025-12-25,True,,,,,d3e65eb8-9dc1-475a-8647-2e9a043142a2
public_holiday,SK,Slovakia,Second Christmas Day,2025-12-26,2025-12-26,True,,,,,6cb73908-5832-4eec-9193-410b9b0cd021
school_holiday,SK,Slovakia,Christmas holidays,2022-12-23,2023-01-07,False,,SK-NI|SK-BL|SK-BC|SK-TA|SK-ZI|SK-PV|SK-KI|SK-TC,,,14886d4b-c0f4-43a7-ade7-da43a2fcf115
school_holiday,SK,Slovakia,Spring holidays,2023-02-20,2023-02-24,False,,SK-NI|SK-BL|SK-TA,,,a8c74e20-d6fa-492f-8461-5f7fc6e1656e
school_holiday,SK,Slovakia,Spring holidays,2023-02-27,2023-03-03,False,,SK-BC|SK-ZI|SK-TC,,,306611e8-e3e8-47a1-9565-1f84e5541300
school_holiday,SK,Slovakia,Spring holidays,2023-03-06,2023-03-10,False,,SK-PV|SK-KI,,,f693564d-60ff-42e5-895f-3bb11e96e2fd
school_holiday,SK,Slovakia,Easter holidays,2023-04-06,2023-04-11,False,,SK-NI|SK-BL|SK-BC|SK-TA|SK-ZI|SK-PV|SK-KI|SK-TC,,,b4bec611-01d9-4745-b875-77be371494af
school_holiday,SK,Slovakia,Summer holidays,2023-07-01,2023-08-31,False,,SK-NI|SK-BL|SK-BC|SK-TA|SK-ZI|SK-PV|SK-KI|SK-TC,,,66554be9-6840-417a-9de0-dde342281123
school_holiday,SK,Slovakia,Autumn holidays,2023-10-30,2023-10-31,False,,SK-NI|SK-BL|SK-BC|SK-TA|SK-ZI|SK-PV|SK-KI|SK-TC,,,88b92da4-2485-4c9d-b5ee-ad3b48528eb1
school_holiday,SK,Slovakia,Christmas holidays,2023-12-23,2024-01-07,False,,SK-NI|SK-BL|SK-BC|SK-TA|SK-ZI|SK-PV|SK-KI|SK-TC,,,4d6562ad-9199-4c87-b3e4-30264fc186ae
school_holiday,SK,Slovakia,Spring holidays,2024-02-19,2024-02-23,False,,SK-BC|SK-ZI|SK-TC,,,4a19de1d-e1a7-4e4b-9348-b81535362dc9
school_holiday,SK,Slovakia,Spring holidays,2024-02-26,2024-03-01,False,,SK-PV|SK-KI,,,af3f7a43-15f4-4bcc-9cf3-ad2e6e23c56a
school_holiday,SK,Slovakia,Spring holidays,2024-03-04,2024-03-08,False,,SK-NI|SK-BL|SK-TA,,,1cb81fb2-4a46-4d12-9b37-57db2cbf3fef
school_holiday,SK,Slovakia,Easter holidays,2024-03-28,2024-04-02,False,,SK-NI|SK-BL|SK-BC|SK-TA|SK-ZI|SK-PV|SK-KI|SK-TC,,,f4db962e-7b94-4b7f-a5f1-7efae09ff480
school_holiday,SK,Slovakia,Summer holidays,2024-07-01,2024-09-01,False,,SK-NI|SK-BL|SK-BC|SK-TA|SK-ZI|SK-PV|SK-KI|SK-TC,,,2bb8e458-ed5d-4703-bef6-bacdbf6548fb
school_holiday,SK,Slovakia,Autumn holidays,2024-10-30,2024-10-31,False,,SK-NI|SK-BL|SK-BC|SK-TA|SK-ZI|SK-PV|SK-KI|SK-TC,,,cf553c6c-96f3-400d-a1cb-357fcc7e2f3a
school_holiday,SK,Slovakia,Christmas holidays,2024-12-23,2025-01-07,False,,SK-NI|SK-BL|SK-BC|SK-TA|SK-ZI|SK-PV|SK-KI|SK-TC,,,bfa9d212-0024-4859-b23b-b50adcad3554
school_holiday,SK,Slovakia,Spring holidays,2025-02-17,2025-02-21,False,,SK-PV|SK-KI,,,00a64d0e-db95-4605-9b13-6f7832df92fc
school_holiday,SK,Slovakia,Spring holidays,2025-02-24,2025-02-28,False,,SK-NI|SK-BL|SK-TA,,,00d70e5f-8756-4920-857c-a4a11af62ff5
school_holiday,SK,Slovakia,Spring holidays,2025-03-03,2025-03-07,False,,SK-BC|SK-ZI|SK-TC,,,35d169bd-88dd-46a4-8eac-d2862cd82a5c
school_holiday,SK,Slovakia,Easter holidays,2025-04-17,2025-04-22,False,,SK-NI|SK-BL|SK-BC|SK-TA|SK-ZI|SK-PV|SK-KI|SK-TC,,,6fa01ac8-cf23-4161-ae8a-817f47e8509f
school_holiday,SK,Slovakia,Summer holidays,2025-06-28,2025-09-01,False,,SK-NI|SK-BL|SK-BC|SK-TA|SK-ZI|SK-PV|SK-KI|SK-TC,,,062e5c50-ad61-40a9-963b-2fc271ae040e
school_holiday,SK,Slovakia,Autumn holidays,2025-10-30,2025-10-31,False,,SK-NI|SK-BL|SK-BC|SK-TA|SK-ZI|SK-PV|SK-KI|SK-TC,,,4accb7fb-9b16-43a7-a956-0e44927de558
school_holiday,SK,Slovakia,Christmas holidays,2025-12-22,2026-01-07,False,,SK-NI|SK-BL|SK-BC|SK-TA|SK-ZI|SK-PV|SK-KI|SK-TC,,,c0b48986-28ca-4bbd-9b90-a5125e469253
public_holiday,SK,Slovakia,Day of the Slovak Republic,2026-01-01,2026-01-01,True,,,,,5dfc5da6-8aa8-4ec5-92e2-5e59f95e9b38
public_holiday,SK,Slovakia,Epiphany,2026-01-06,2026-01-06,True,,,,,5bf95653-2feb-4b0e-b92f-b8ff4fc5259b
public_holiday,SK,Slovakia,Good Friday,2026-04-03,2026-04-03,True,,,,,8d2b2b55-f7d4-4977-bd66-668e91881e11
public_holiday,SK,Slovakia,Easter Monday,2026-04-06,2026-04-06,True,,,,,b41fcc98-755a-4d8e-a73c-671a5183cccf
public_holiday,SK,Slovakia,Labour Day,2026-05-01,2026-05-01,True,,,,,6496b8b9-9b8f-436f-9854-2c5d4335ccfa
public_holiday,SK,Slovakia,Day of Victory over fascism,2026-05-08,2026-05-08,True,,,,,1d31ad93-8ac8-4be8-8580-83b179f44531
public_holiday,SK,Slovakia,St. Cyril and Methodius Day,2026-07-05,2026-07-05,True,,,,,636fade1-4f71-46e4-8e0f-fb3e36430f29
public_holiday,SK,Slovakia,Slovak National Uprising anniversary,2026-08-29,2026-08-29,True,,,,,afa16078-4a7e-44a4-bb25-2d99acee28fd
public_holiday,SK,Slovakia,Day of Our Lady of the Seven Sorrows,2026-09-15,2026-09-15,True,,,,,0956ed18-5513-45a1-8133-8754ec39adba
public_holiday,SK,Slovakia,All Saints’ Day,2026-11-01,2026-11-01,True,,,,,e4f69c6d-ab1c-4e5a-a78b-c560dea17136
public_holiday,SK,Slovakia,Day of Struggle for Freedom and Democracy,2026-11-17,2026-11-17,True,,,,,4159b433-317f-444f-bf9c-37880e73ce0d
public_holiday,SK,Slovakia,Christmas Eve,2026-12-24,2026-12-24,True,,,,,888fae9f-7ac0-4b23-9ea3-f35510a6ffbe
public_holiday,SK,Slovakia,Christmas Day,2026-12-25,2026-12-25,True,,,,,64ecfed7-aafd-4450-ac61-2cd7fce42f8d
public_holiday,SK,Slovakia,Second Christmas Day,2026-12-26,2026-12-26,True,,,,,343e6e8d-2735-4da7-a5a4-27ffe2deb93a
public_holiday,SK,Slovakia,Day of the Slovak Republic,2027-01-01,2027-01-01,True,,,,,76621b0a-2078-49a7-815c-670a69a06b22
public_holiday,SK,Slovakia,Epiphany,2027-01-06,2027-01-06,True,,,,,c7c87555-16fb-4997-b539-8bd7f310b779
public_holiday,SK,Slovakia,Good Friday,2027-03-26,2027-03-26,True,,,,,373f6107-371d-41d4-875b-bc6642366279
public_holiday,SK,Slovakia,Easter Monday,2027-03-29,2027-03-29,True,,,,,2cef474c-86e1-4b6a-8847-47de3d69b7a0
public_holiday,SK,Slovakia,Labour Day,2027-05-01,2027-05-01,True,,,,,6fb7a069-32a5-414e-abbc-92cf0b6a08b1
public_holiday,SK,Slovakia,Day of Victory over fascism,2027-05-08,2027-05-08,True,,,,,2a746689-8fb3-40c6-9c93-735adc6126e4
public_holiday,SK,Slovakia,St. Cyril and Methodius Day,2027-07-05,2027-07-05,True,,,,,5abbbd2d-2db0-46b2-be54-7d09d0c0525e
public_holiday,SK,Slovakia,Slovak National Uprising anniversary,2027-08-29,2027-08-29,True,,,,,5ed64fc5-dd7b-444e-b0f7-bf1c98cb83cc
public_holiday,SK,Slovakia,Day of Our Lady of the Seven Sorrows,2027-09-15,2027-09-15,True,,,,,1f9479bd-cd7c-41e6-aa8c-82570ca244b4
public_holiday,SK,Slovakia,All Saints’ Day,2027-11-01,2027-11-01,True,,,,,c7157d04-51d0-4fd6-9642-cbacef2e8c74
public_holiday,SK,Slovakia,Day of Struggle for Freedom and Democracy,2027-11-17,2027-11-17,True,,,,,57295d19-638a-45ec-9942-ac6c23fb3199
public_holiday,SK,Slovakia,Christmas Eve,2027-12-24,2027-12-24,True,,,,,72b7e762-8bfa-4368-8a54-50a8b06bcc2d
public_holiday,SK,Slovakia,Christmas Day,2027-12-25,2027-12-25,True,,,,,b57a2ca7-cc35-40c1-bc6c-a71f55bee44f
public_holiday,SK,Slovakia,Second Christmas Day,2027-12-26,2027-12-26,True,,,,,16bc8d16-a08b-41ea-b984-e6f85a65d346
school_holiday,SK,Slovakia,Spring holidays,2026-02-16,2026-02-20,False,,SK-NI|SK-BL|SK-TA,,,6a52d0fd-4202-403e-8442-0d41f848c9ce
school_holiday,SK,Slovakia,Spring holidays,2026-02-23,2026-02-27,False,,SK-BC|SK-ZI|SK-TC,,,37c820a7-83e4-4521-b3cb-94e769120612
school_holiday,SK,Slovakia,Spring holidays,2026-03-02,2026-03-06,False,,SK-PV|SK-KI,,,e460a0c1-bac7-4fa6-8747-605208013ed2
school_holiday,SK,Slovakia,Easter holidays,2026-04-02,2026-04-07,False,,SK-NI|SK-BL|SK-BC|SK-TA|SK-ZI|SK-PV|SK-KI|SK-TC,,,bd2353b1-71ca-4437-9839-25127a48bdc9
school_holiday,SK,Slovakia,Summer holidays,2026-07-01,2026-08-31,False,,SK-NI|SK-BL|SK-BC|SK-TA|SK-ZI|SK-PV|SK-KI|SK-TC,,,b35b3003-65a6-4f6d-8f4d-4b7d7df2230f
school_holiday,SK,Slovakia,Autumn holidays,2026-10-29,2026-10-30,False,,SK-NI|SK-BL|SK-BC|SK-TA|SK-ZI|SK-PV|SK-KI|SK-TC,,,bc02aaf5-bda0-4234-b042-d949db9ef597
school_holiday,SK,Slovakia,Christmas holidays,2026-12-23,2027-01-07,False,,SK-NI|SK-BL|SK-BC|SK-TA|SK-ZI|SK-PV|SK-KI|SK-TC,,,e0be6e23-01d6-4ba8-8139-c6510e726e6e
school_holiday,SK,Slovakia,Spring holidays,2027-02-15,2027-02-19,False,,SK-BC|SK-ZI|SK-TC,,,6cf13766-762d-41e3-9cf0-134a9f138e0c
school_holiday,SK,Slovakia,Spring holidays,2027-02-22,2027-02-26,False,,SK-PV|SK-KI,,,90df5e84-204a-4346-927b-713dcca9d212
school_holiday,SK,Slovakia,Spring holidays,2027-03-01,2027-03-05,False,,SK-NI|SK-BL|SK-TA,,,920a1e59-0eb2-41bc-9f43-ff05b558c6f6
school_holiday,SK,Slovakia,Easter holidays,2027-03-25,2027-03-30,False,,SK-NI|SK-BL|SK-BC|SK-TA|SK-ZI|SK-PV|SK-KI|SK-TC,,,f5d7c364-f8c1-4990-afce-0038384cd04a
school_holiday,SK,Slovakia,Summer holidays,2027-07-01,2027-08-31,False,,SK-NI|SK-BL|SK-BC|SK-TA|SK-ZI|SK-PV|SK-KI|SK-TC,,,66d61d95-f68f-4387-8da3-08a692e51596
school_holiday,SK,Slovakia,Autumn holidays,2027-10-28,2027-10-29,False,,SK-NI|SK-BL|SK-BC|SK-TA|SK-ZI|SK-PV|SK-KI|SK-TC,,,79a68a1f-925a-4c79-bd8e-b78a4346c5d7
school_holiday,SK,Slovakia,Christmas holidays,2027-12-23,2028-01-07,False,,SK-NI|SK-BL|SK-BC|SK-TA|SK-ZI|SK-PV|SK-KI|SK-TC,,,015face5-ef77-4dd8-a34d-6a4c9c09304e
public_holiday,SM,San Marino,"Solemnity of Mary, the Holy Mother of God",2023-01-01,2023-01-01,True,,,,,23505e71-8df6-46ff-b960-6a1114f35ab4
public_holiday,SM,San Marino,Epiphany,2023-01-06,2023-01-06,True,,,,,a1bb6ee7-e796-4f7e-9cc9-95538dce2067
public_holiday,SM,San Marino,Saint Agatha's Day,2023-02-05,2023-02-05,True,,,,,1ce15d73-c472-4a54-a500-a8cfb05523e6
public_holiday,SM,San Marino,Anniversary of the 1906 Arengo and commemoration of the Militia,2023-03-25,2023-03-25,True,,,,,6b4c17fb-2bc4-4720-b8d2-8b686d3dfef7
public_holiday,SM,San Marino,Investiture of the Captains Regent (Heads of State),2023-04-01,2023-04-01,True,,,,,7b210840-9689-48b8-8b24-635d0e884ddf
public_holiday,SM,San Marino,Easter,2023-04-09,2023-04-09,True,,,,,76d2fa9f-9008-4fc1-94de-bce428eebd04
public_holiday,SM,San Marino,Easter Monday,2023-04-10,2023-04-10,True,,,,,4cb0c621-11e6-437e-a33e-8b1f92c4fe1b
public_holiday,SM,San Marino,Labour Day,2023-05-01,2023-05-01,True,,,,,9cd8648a-95f7-4477-ac7d-76537686405d
public_holiday,SM,San Marino,Corpus Christi,2023-06-08,2023-06-08,True,,,,,41ce627b-33e0-419a-962e-a85c67b9d14f
public_holiday,SM,San Marino,Anniversary of the Fall of Fascism and Day of Freedom,2023-07-28,2023-07-28,True,,,,,9942e0a0-7d76-4cb0-aaf4-622802a5db43
public_holiday,SM,San Marino,Assumption of the Virgin Day,2023-08-15,2023-08-15,True,,,,,59639c1a-b9fc-4b91-878c-955a52b68425
public_holiday,SM,San Marino,San Marino National Holiday / Foundation of the Republic (301 A.D.),2023-09-03,2023-09-03,True,,,,,da150baa-c4f6-48d5-a3b7-f9ca50eb0978
public_holiday,SM,San Marino,Investiture of the Captains Regent (Heads of State),2023-10-01,2023-10-01,True,,,,,f55a21e4-0a33-4d30-951a-82b80bdd6539
public_holiday,SM,San Marino,All Saints' Day,2023-11-01,2023-11-01,True,,,,,efc413b4-a638-4944-825b-45d2524b6a74
public_holiday,SM,San Marino,All Souls' Day,2023-11-02,2023-11-02,True,,,,,55d62ad4-dd4d-4aaf-962f-d3e1fcaf3519
public_holiday,SM,San Marino,Immaculate Conception,2023-12-08,2023-12-08,True,,,,,d43d2449-e0f7-4cb3-8c7b-34c86c049dce
public_holiday,SM,San Marino,Christmas Day,2023-12-25,2023-12-25,True,,,,,3be0149d-7ceb-433e-8222-40bb57d6933e
public_holiday,SM,San Marino,Saint Stephen’s Day,2023-12-26,2023-12-26,True,,,,,694fc9dc-90b9-4008-9a51-0b1957264ec8
public_holiday,SM,San Marino,"Solemnity of Mary, the Holy Mother of God",2024-01-01,2024-01-01,True,,,,,9d623cf6-3f9f-492a-8021-39197ade64c8
public_holiday,SM,San Marino,Epiphany,2024-01-06,2024-01-06,True,,,,,c6ccd9bf-1fb8-419e-833b-0b6ba8742c08
public_holiday,SM,San Marino,Saint Agatha's Day,2024-02-05,2024-02-05,True,,,,,3987202f-82ce-42ac-8f2f-ef74b1ef465a
public_holiday,SM,San Marino,Anniversary of the 1906 Arengo and commemoration of the Militia,2024-03-25,2024-03-25,True,,,,,bf774694-e666-4f64-b076-119db66452b0
public_holiday,SM,San Marino,Easter,2024-03-31,2024-03-31,True,,,,,6f252660-2b79-42ab-81f3-eea670b6b667
public_holiday,SM,San Marino,Easter Monday,2024-04-01,2024-04-01,True,,,,,0de2be8c-907e-4b83-a474-6d1ef5abe2c6
public_holiday,SM,San Marino,Investiture of the Captains Regent (Heads of State),2024-04-01,2024-04-01,True,,,,,12ebac20-894f-4535-bbf0-a980c6701518
public_holiday,SM,San Marino,Labour Day,2024-05-01,2024-05-01,True,,,,,e175dd99-32bf-431f-93c6-a511949efc52
public_holiday,SM,San Marino,Corpus Christi,2024-05-30,2024-05-30,True,,,,,f6cca561-ef6e-40ad-9851-e3d93ce112bc
public_holiday,SM,San Marino,Anniversary of the Fall of Fascism and Day of Freedom,2024-07-28,2024-07-28,True,,,,,94e0c6a5-25a4-4203-b183-d37601a8328b
public_holiday,SM,San Marino,Assumption of the Virgin Day,2024-08-15,2024-08-15,True,,,,,cc08e394-cabd-47a2-8ddc-1cbdd038a943
public_holiday,SM,San Marino,San Marino National Holiday / Foundation of the Republic (301 A.D.),2024-09-03,2024-09-03,True,,,,,08eade4e-cabc-442c-bd04-656299fc35bf
public_holiday,SM,San Marino,Investiture of the Captains Regent (Heads of State),2024-10-01,2024-10-01,True,,,,,131d6ac7-90a6-4a9e-9d98-671a5d0c270b
public_holiday,SM,San Marino,All Saints' Day,2024-11-01,2024-11-01,True,,,,,9690df99-1718-4ba4-ab46-5c4dae1775e5
public_holiday,SM,San Marino,All Souls' Day,2024-11-02,2024-11-02,True,,,,,fb7ea66a-83c2-41c7-a35e-50762b2bedf5
public_holiday,SM,San Marino,Immaculate Conception,2024-12-08,2024-12-08,True,,,,,54a93b99-08ae-484d-94d1-08bb9ef0c368
public_holiday,SM,San Marino,Christmas Day,2024-12-25,2024-12-25,True,,,,,7dcddebb-931a-41bb-9004-7fec26fec4db
public_holiday,SM,San Marino,Saint Stephen’s Day,2024-12-26,2024-12-26,True,,,,,4aac1609-7ebd-4de5-a296-8b4193ea6cc5
public_holiday,SM,San Marino,"Solemnity of Mary, the Holy Mother of God",2025-01-01,2025-01-01,True,,,,,295d041c-d019-47e7-b1d1-b223ec5f9c91
public_holiday,SM,San Marino,Epiphany,2025-01-06,2025-01-06,True,,,,,6960c2fb-f74f-4245-8b51-967846fa14bd
public_holiday,SM,San Marino,Saint Agatha's Day,2025-02-05,2025-02-05,True,,,,,7b3140c2-8a57-4f17-b9ca-9fe0a6945ef6
public_holiday,SM,San Marino,Anniversary of the 1906 Arengo and commemoration of the Militia,2025-03-25,2025-03-25,True,,,,,cc7f1c64-6000-4c9d-a964-5eda939ef267
public_holiday,SM,San Marino,Investiture of the Captains Regent (Heads of State),2025-04-01,2025-04-01,True,,,,,7214adea-623a-4c66-aefe-4f8d940d5a3d
public_holiday,SM,San Marino,Easter,2025-04-20,2025-04-20,True,,,,,53c23748-6a85-42d0-80b8-36c726397748
public_holiday,SM,San Marino,Easter Monday,2025-04-21,2025-04-21,True,,,,,5cd13cc8-7389-4cb5-a302-e980d1dac6fb
public_holiday,SM,San Marino,Labour Day,2025-05-01,2025-05-01,True,,,,,707433be-8820-4952-b2ba-fff034cbd535
public_holiday,SM,San Marino,Corpus Christi,2025-06-19,2025-06-19,True,,,,,873d35d5-4c18-467b-9172-ad484130ed28
public_holiday,SM,San Marino,Anniversary of the Fall of Fascism and Day of Freedom,2025-07-28,2025-07-28,True,,,,,69e5dd1b-f58a-412d-a591-b1258c3008da
public_holiday,SM,San Marino,Assumption of the Virgin Day,2025-08-15,2025-08-15,True,,,,,9f2c124c-7b88-4848-b05f-f721a9f59c3a
public_holiday,SM,San Marino,San Marino National Holiday / Foundation of the Republic (301 A.D.),2025-09-03,2025-09-03,True,,,,,5ee32554-e67b-4895-92dd-76666f9802cb
public_holiday,SM,San Marino,Investiture of the Captains Regent (Heads of State),2025-10-01,2025-10-01,True,,,,,cf5148fe-32a1-457b-a00a-6e0287373b71
public_holiday,SM,San Marino,All Saints' Day,2025-11-01,2025-11-01,True,,,,,a96bb88f-9923-4cf0-b288-b11224ef62d8
public_holiday,SM,San Marino,All Souls' Day,2025-11-02,2025-11-02,True,,,,,4466dc11-432e-4c18-bb21-0ae971d36fc5
public_holiday,SM,San Marino,Immaculate Conception,2025-12-08,2025-12-08,True,,,,,faf96576-866b-4e7a-ad45-e0e1bef7c151
public_holiday,SM,San Marino,Christmas Day,2025-12-25,2025-12-25,True,,,,,832a62b0-bafe-488e-b210-ff7521740acb
public_holiday,SM,San Marino,Saint Stephen’s Day,2025-12-26,2025-12-26,True,,,,,7a68d809-6ff5-4aab-a6b6-26fa0a06e658
school_holiday,SM,San Marino,Christmas Holidays,2022-12-24,2023-01-07,True,,,,,850f789a-e25a-4f7c-b68e-e8aad77abe4b
school_holiday,SM,San Marino,Eastern Holidays,2023-04-03,2023-04-10,True,,,,,df1002c8-f47d-45f1-8309-c317ad2a9cae
school_holiday,SM,San Marino,Summer Holidays,2023-06-08,2023-09-17,True,,,,,a5038b2f-a052-4fa7-81dd-dfc24b41dd8d
school_holiday,SM,San Marino,Christmas Holidays,2023-12-24,2024-01-05,True,,,,,46cb6477-0a37-4cf2-a30c-1cd28d676627
school_holiday,SM,San Marino,Eastern Holidays,2024-03-26,2024-04-01,True,,,,,66c60050-6fb1-495d-8580-5449e910bcfa
school_holiday,SM,San Marino,Summer Holidays,2024-06-08,2024-09-17,True,,,,,ab7f0d76-0aa6-4924-9aa2-01006edd1ac2
school_holiday,SM,San Marino,Christmas Holidays,2024-12-23,2025-01-05,True,,,,,7244675e-c956-4d8f-8ee5-1f1afd23f8f0
school_holiday,SM,San Marino,Eastern Holidays,2025-04-17,2025-04-22,True,,,,,35bf93fe-b414-46e7-959d-f218b7aeef64
school_holiday,SM,San Marino,Summer Holidays,2025-06-11,2025-09-14,True,,,,,59377195-3279-4ffc-8f57-d107bd7c2d13
school_holiday,SM,San Marino,Christmas Holidays,2025-12-24,2026-01-05,True,,,,,69637832-d890-4572-bb82-f5d1426fe9ea
public_holiday,SM,San Marino,"Solemnity of Mary, the Holy Mother of God",2026-01-01,2026-01-01,True,,,,,b386e0f4-05ab-4641-ad71-cdbcea8db022
public_holiday,SM,San Marino,Epiphany,2026-01-06,2026-01-06,True,,,,,1498de4c-6d63-4cbb-bfca-17181fc2151f
public_holiday,SM,San Marino,Saint Agatha's Day,2026-02-05,2026-02-05,True,,,,,bd958515-b4f9-4f52-b12c-17985944cb58
public_holiday,SM,San Marino,Anniversary of the 1906 Arengo and commemoration of the Militia,2026-03-25,2026-03-25,True,,,,,b20a9cb5-4f4c-49cc-8a37-1d59760c688e
public_holiday,SM,San Marino,Investiture of the Captains Regent (Heads of State),2026-04-01,2026-04-01,True,,,,,7b5136cb-43f0-4061-b347-21ba56b88d83
public_holiday,SM,San Marino,Easter,2026-04-05,2026-04-05,True,,,,,8f2f4dbd-4e08-4a7f-9f58-4f4dae41386a
public_holiday,SM,San Marino,Easter Monday,2026-04-06,2026-04-06,True,,,,,6dd806c6-ca79-4cd2-bb35-057cd967cbf9
public_holiday,SM,San Marino,Labour Day,2026-05-01,2026-05-01,True,,,,,bff7a86a-a334-487c-b55a-3d0b243540b9
public_holiday,SM,San Marino,Corpus Christi,2026-06-04,2026-06-04,True,,,,,32b618b8-5b90-4501-b666-0ca06d9edf9c
public_holiday,SM,San Marino,Anniversary of the Fall of Fascism and Day of Freedom,2026-07-28,2026-07-28,True,,,,,5eaee80b-5849-4327-bcdb-08f57cb9c44a
public_holiday,SM,San Marino,Assumption of the Virgin Day,2026-08-15,2026-08-15,True,,,,,03a2417c-5322-4225-9c36-082eccfc350d
public_holiday,SM,San Marino,San Marino National Holiday / Foundation of the Republic (301 A.D.),2026-09-03,2026-09-03,True,,,,,02d6cae2-aefa-4892-9208-0f7e2e6540fa
public_holiday,SM,San Marino,Investiture of the Captains Regent (Heads of State),2026-10-01,2026-10-01,True,,,,,d2b08ddf-4c18-4e78-8c5b-026eb9496825
public_holiday,SM,San Marino,All Saints' Day,2026-11-01,2026-11-01,True,,,,,e09ed457-bb66-4ff7-b18e-e54a4d43f0a0
public_holiday,SM,San Marino,All Souls' Day,2026-11-02,2026-11-02,True,,,,,e0ae28f6-0189-4cc2-9715-60e64d9bf8c9
public_holiday,SM,San Marino,Immaculate Conception,2026-12-08,2026-12-08,True,,,,,9df64dea-03a9-40d9-9afa-6bcf82c6d1e6
public_holiday,SM,San Marino,Christmas Day,2026-12-25,2026-12-25,True,,,,,68948148-7d79-4dea-969a-ff86f68c4eb4
public_holiday,SM,San Marino,Saint Stephen’s Day,2026-12-26,2026-12-26,True,,,,,6a411e36-f436-4162-80d4-35a69a6a9018
public_holiday,SM,San Marino,"Solemnity of Mary, the Holy Mother of God",2027-01-01,2027-01-01,True,,,,,65807bb4-615f-490a-a8c9-469631dc6050
public_holiday,SM,San Marino,Epiphany,2027-01-06,2027-01-06,True,,,,,b0705ad5-66c0-45ee-942a-2210756010cb
public_holiday,SM,San Marino,Saint Agatha's Day,2027-02-05,2027-02-05,True,,,,,f09f1798-9f3e-4500-80c8-2ee905651533
public_holiday,SM,San Marino,Anniversary of the 1906 Arengo and commemoration of the Militia,2027-03-25,2027-03-25,True,,,,,6e78cff1-9708-44d1-ad76-3b274420b7f4
public_holiday,SM,San Marino,Easter,2027-03-28,2027-03-28,True,,,,,bfab6bae-db5a-402d-b985-08e27c2fc50e
public_holiday,SM,San Marino,Easter Monday,2027-03-29,2027-03-29,True,,,,,951ee5a1-90b9-458d-b18c-ba0f00e6b66b
public_holiday,SM,San Marino,Investiture of the Captains Regent (Heads of State),2027-04-01,2027-04-01,True,,,,,7e3c21b8-7e35-4a61-91e5-1e4ca91d4d4a
public_holiday,SM,San Marino,Labour Day,2027-05-01,2027-05-01,True,,,,,b8fc93a7-16c2-4e60-a7a3-ff493819d851
public_holiday,SM,San Marino,Corpus Christi,2027-05-27,2027-05-27,True,,,,,06ca71a5-8ff5-47aa-a75e-286f62ced518
public_holiday,SM,San Marino,Anniversary of the Fall of Fascism and Day of Freedom,2027-07-28,2027-07-28,True,,,,,26703cdf-31f3-41ad-93e3-f4faf39c960d
public_holiday,SM,San Marino,Assumption of the Virgin Day,2027-08-15,2027-08-15,True,,,,,7b8ee1ef-7954-4fa8-8009-defc5bccd062
public_holiday,SM,San Marino,San Marino National Holiday / Foundation of the Republic (301 A.D.),2027-09-03,2027-09-03,True,,,,,de30d4ce-303b-4381-a9f6-ee4b0ad84ce5
public_holiday,SM,San Marino,Investiture of the Captains Regent (Heads of State),2027-10-01,2027-10-01,True,,,,,b353d780-df5a-4857-ab2f-4b3fe1914269
public_holiday,SM,San Marino,All Saints' Day,2027-11-01,2027-11-01,True,,,,,237752eb-74a9-4cd3-83a2-fb6fb2cbf615
public_holiday,SM,San Marino,All Souls' Day,2027-11-02,2027-11-02,True,,,,,2c9811a0-fec5-4c22-8db9-4d9f88851090
public_holiday,SM,San Marino,Immaculate Conception,2027-12-08,2027-12-08,True,,,,,7fcd613b-572a-45b6-a1dd-a2cd7633c67e
public_holiday,SM,San Marino,Christmas Day,2027-12-25,2027-12-25,True,,,,,47fbfbde-7dcb-4924-ad1e-ace88caa6b22
public_holiday,SM,San Marino,Saint Stephen’s Day,2027-12-26,2027-12-26,True,,,,,55679530-54db-454a-9eee-54aabdc8628a
school_holiday,SM,San Marino,Eastern Holidays,2026-04-02,2026-04-07,True,,,,,2a7da015-e7ee-49bb-b162-b1bc70815b8c
school_holiday,SM,San Marino,End of lessons,2026-06-17,2026-06-17,True,,,,,3d9f8169-164a-4534-8749-7b31b14b6fb5
public_holiday,VA,Vatican City,"Solemnity of Mary, Mother of God",2023-01-01,2023-01-01,True,,,,,d0437b00-cce3-49a8-8d7e-35b9446a2a72
public_holiday,VA,Vatican City,Epiphany,2023-01-06,2023-01-06,True,,,,,d976ff90-e8b6-41dc-940c-350ae765839a
public_holiday,VA,Vatican City,Anniversary of the foundation of Vatican City,2023-02-11,2023-02-11,True,,,,,8e0ee4bf-79af-4cb2-b812-d068e547def5
public_holiday,VA,Vatican City,Anniversary of the election of Pope Francis,2023-03-13,2023-03-13,True,,,,,b8138e3f-54dd-469a-be3f-1e373d939a73
public_holiday,VA,Vatican City,Saint Joseph,2023-03-19,2023-03-19,True,,,,,797307b0-03b9-4bdf-9a1d-3f1f01773b32
public_holiday,VA,Vatican City,Maundy Thursday,2023-04-06,2023-04-06,True,,,,,6dad14c7-22fd-404e-9805-8281572ee036
public_holiday,VA,Vatican City,Good Friday,2023-04-07,2023-04-07,True,,,,,af50eb4f-eb3b-4f67-81c1-2c0928f2b936
public_holiday,VA,Vatican City,Easter Saturday,2023-04-08,2023-04-08,True,,,,,d233e5c1-84d0-4b1b-b6c1-6d0fdfe47d43
public_holiday,VA,Vatican City,Easter Sunday,2023-04-09,2023-04-09,True,,,,,723ad107-7025-41e5-b49b-774ecb06ea84
public_holiday,VA,Vatican City,Easter Monday,2023-04-10,2023-04-10,True,,,,,f5fcd17d-7d95-486c-a72e-496a51050127
public_holiday,VA,Vatican City,Easter Tuesday,2023-04-11,2023-04-11,True,,,,,096ae219-23e5-4f03-80bd-826b542a7c13
public_holiday,VA,Vatican City,Saint George's Day,2023-04-23,2023-04-23,True,,,,,4118c2f4-4090-444f-96c0-6624b7f238f8
public_holiday,VA,Vatican City,Saint Joseph the Worker,2023-05-01,2023-05-01,True,,,,,a052670e-8c22-47cf-9804-c8ab378f8cd7
public_holiday,VA,Vatican City,Saints Peter and Paul,2023-06-29,2023-06-29,True,,,,,b5c4069d-8a8d-4039-854e-f26c70191b38
public_holiday,VA,Vatican City,Vigil of the Assumption,2023-08-14,2023-08-14,True,,,,,9d1c74bd-1867-4f0b-8fd1-da14acaa0239
public_holiday,VA,Vatican City,Assumption Day,2023-08-15,2023-08-15,True,,,,,ec43fe21-2c59-48b5-92f0-75677982e4ed
public_holiday,VA,Vatican City,Saint Stephen of Hungary,2023-08-16,2023-08-16,True,,,,,4af6ed0f-8b9d-426c-83d2-732bde382c7f
public_holiday,VA,Vatican City,Nativity of Mary,2023-09-08,2023-09-08,True,,,,,caa51c1f-6eb5-4045-a7a6-0ad279b74971
public_holiday,VA,Vatican City,All Saints’ Day,2023-11-01,2023-11-01,True,,,,,7fd39c59-7676-4e0d-97d1-18fbca9e8897
public_holiday,VA,Vatican City,All Souls’ Day,2023-11-02,2023-11-02,True,,,,,1cfb91dd-2216-4895-aba3-1120b42aa7e9
public_holiday,VA,Vatican City,Immaculate Conception,2023-12-08,2023-12-08,True,,,,,d949633f-37c9-474b-9f69-b56a1e1e1d3e
public_holiday,VA,Vatican City,Christmas Eve,2023-12-24,2023-12-24,True,,,,,4b1f856e-4824-448a-bd66-56e149be28c2
public_holiday,VA,Vatican City,Christmas Day,2023-12-25,2023-12-25,True,,,,,38ea4de4-0fc7-4f76-ae49-223ac3d46aff
public_holiday,VA,Vatican City,New Year's Eve,2023-12-26,2023-12-26,True,,,,,0fcc85c2-7864-4c6b-8b34-23e9781a100b
public_holiday,VA,Vatican City,Saint Stephen's Day,2023-12-26,2023-12-26,True,,,,,9aeb2927-dc88-42db-9b5e-4defa51106b5
public_holiday,VA,Vatican City,Saint John the Evangelist,2023-12-27,2023-12-27,True,,,,,55e1ead9-7ec1-451d-8461-c4f6118ae86f
public_holiday,VA,Vatican City,"Solemnity of Mary, Mother of God",2024-01-01,2024-01-01,True,,,,,aa1884b7-0a03-4607-9919-c3fa19a6de1b
public_holiday,VA,Vatican City,Epiphany,2024-01-06,2024-01-06,True,,,,,fdef74a0-6a69-4d97-8710-6a1564a33faa
public_holiday,VA,Vatican City,Anniversary of the foundation of Vatican City,2024-02-11,2024-02-11,True,,,,,04b22870-c320-4981-baf1-23a1f41b6912
public_holiday,VA,Vatican City,Anniversary of the election of Pope Francis,2024-03-13,2024-03-13,True,,,,,1fd2c028-9eb9-41e4-a3e5-f7e1de884d85
public_holiday,VA,Vatican City,Saint Joseph,2024-03-19,2024-03-19,True,,,,,febeb107-250a-478d-af5f-9f7e58f6949b
public_holiday,VA,Vatican City,Maundy Thursday,2024-03-28,2024-03-28,True,,,,,b93a093b-30db-4236-b940-e26ef587618a
public_holiday,VA,Vatican City,Good Friday,2024-03-29,2024-03-29,True,,,,,dad76d11-4258-46c7-af47-e2e5edf44dba
public_holiday,VA,Vatican City,Easter Saturday,2024-03-30,2024-03-30,True,,,,,9c6a8814-1ced-4b2a-a47f-ff88e39141eb
public_holiday,VA,Vatican City,Easter Sunday,2024-03-31,2024-03-31,True,,,,,10deb046-4504-4b67-a1e7-93e197afefe4
public_holiday,VA,Vatican City,Easter Monday,2024-04-01,2024-04-01,True,,,,,b43c6a6d-241b-47bf-af9b-183384fca1c5
public_holiday,VA,Vatican City,Easter Tuesday,2024-04-02,2024-04-02,True,,,,,363a6269-582a-4648-80f5-937d0ee5b67b
public_holiday,VA,Vatican City,Saint George's Day,2024-04-23,2024-04-23,True,,,,,5b1970da-3ad3-4433-9e77-fd99552bdb64
public_holiday,VA,Vatican City,Saint Joseph the Worker,2024-05-01,2024-05-01,True,,,,,5747791e-6d26-4e8e-bf22-b0db21f0ecf3
public_holiday,VA,Vatican City,Saints Peter and Paul,2024-06-29,2024-06-29,True,,,,,736d2967-9c84-46dc-956b-f1fdb5942caa
public_holiday,VA,Vatican City,Vigil of the Assumption,2024-08-14,2024-08-14,True,,,,,be44b07c-59b1-492b-b4ec-b66c660cda59
public_holiday,VA,Vatican City,Assumption Day,2024-08-15,2024-08-15,True,,,,,24042c05-be2a-496f-8a50-ded71bf0816e
public_holiday,VA,Vatican City,Saint Stephen of Hungary,2024-08-16,2024-08-16,True,,,,,f080354a-e7cd-4082-ace8-36d3612d9459
public_holiday,VA,Vatican City,Nativity of Mary,2024-09-08,2024-09-08,True,,,,,4458c0b2-9482-420a-8706-6a8ded2d78c1
public_holiday,VA,Vatican City,All Saints’ Day,2024-11-01,2024-11-01,True,,,,,11a6e796-dba2-4a2e-92a9-576791bbcef1
public_holiday,VA,Vatican City,All Souls’ Day,2024-11-02,2024-11-02,True,,,,,c7886439-444b-447f-8efe-48aa85f140b4
public_holiday,VA,Vatican City,Immaculate Conception,2024-12-08,2024-12-08,True,,,,,215c20cc-626e-458f-b718-20ef3e7c741e
public_holiday,VA,Vatican City,Christmas Eve,2024-12-24,2024-12-24,True,,,,,a3d9ff97-cc22-4f72-b957-34749b4594a1
public_holiday,VA,Vatican City,Christmas Day,2024-12-25,2024-12-25,True,,,,,969326b8-2c44-49de-9cd3-2005cc08cc73
public_holiday,VA,Vatican City,New Year's Eve,2024-12-26,2024-12-26,True,,,,,1e4dac5b-840c-465b-8689-1969429eabf6
public_holiday,VA,Vatican City,Saint Stephen's Day,2024-12-26,2024-12-26,True,,,,,8379e530-5887-45cb-aa64-c19c8521599d
public_holiday,VA,Vatican City,Saint John the Evangelist,2024-12-27,2024-12-27,True,,,,,eea527c5-b486-4763-8b0b-085e9f1eb53c
public_holiday,VA,Vatican City,"Solemnity of Mary, Mother of God",2025-01-01,2025-01-01,True,,,,,c4c61b53-3aea-4b7b-9b9c-a5956b98c833
public_holiday,VA,Vatican City,Epiphany,2025-01-06,2025-01-06,True,,,,,56cbc1be-c2bc-41dc-af5a-c0542dec12d8
public_holiday,VA,Vatican City,Anniversary of the foundation of Vatican City,2025-02-11,2025-02-11,True,,,,,8554126b-ba93-4a0d-b4c4-bf721e4bd2d6
public_holiday,VA,Vatican City,Anniversary of the election of Pope Francis,2025-03-13,2025-03-13,True,,,,,b63bc13a-8097-4233-9336-2abfea2db7ff
public_holiday,VA,Vatican City,Saint Joseph,2025-03-19,2025-03-19,True,,,,,2b53d5f5-c725-41f0-ba79-487585818f1f
public_holiday,VA,Vatican City,Maundy Thursday,2025-04-21,2025-04-21,True,,,,,569b5b24-a45f-4f76-8fc9-44c19db37c06
public_holiday,VA,Vatican City,Good Friday,2025-04-22,2025-04-22,True,,,,,50c9a247-2acb-447d-a40a-4fdae706f61d
public_holiday,VA,Vatican City,Easter Saturday,2025-04-23,2025-04-23,True,,,,,41c9859b-f1f6-425b-a724-1432e256506d
public_holiday,VA,Vatican City,Saint George's Day,2025-04-23,2025-04-23,True,,,,,e6764695-2d95-4803-b622-3dc188493cf6
public_holiday,VA,Vatican City,Easter Sunday,2025-04-24,2025-04-24,True,,,,,339cb84e-0a6c-4b01-91b3-3a7e654a30a8
public_holiday,VA,Vatican City,Easter Monday,2025-04-25,2025-04-25,True,,,,,e2eb8183-65a2-4ec3-8afb-842e43a9f470
public_holiday,VA,Vatican City,Easter Tuesday,2025-04-26,2025-04-26,True,,,,,e4932438-6cec-4263-b818-d582c920ee9e
public_holiday,VA,Vatican City,Saint Joseph the Worker,2025-05-01,2025-05-01,True,,,,,2dfe51b6-e707-40f6-a261-1e98bbba0708
public_holiday,VA,Vatican City,Saints Peter and Paul,2025-06-29,2025-06-29,True,,,,,c8ba5da1-97ea-432c-8dc9-61cf9c51e3e0
public_holiday,VA,Vatican City,Vigil of the Assumption,2025-08-14,2025-08-14,True,,,,,c9accd21-e395-4f9b-8ccd-4f86fad4c156
public_holiday,VA,Vatican City,Assumption Day,2025-08-15,2025-08-15,True,,,,,da892337-5817-47e5-8295-a3ce9a8f84ef
public_holiday,VA,Vatican City,Saint Stephen of Hungary,2025-08-16,2025-08-16,True,,,,,bc50f257-4dbd-4dd2-882e-f9f13b6d8482
public_holiday,VA,Vatican City,Nativity of Mary,2025-09-08,2025-09-08,True,,,,,39ba7efc-f576-480d-baac-6ba9acf3536f
public_holiday,VA,Vatican City,All Saints’ Day,2025-11-01,2025-11-01,True,,,,,9943e848-240c-4943-80a2-06fc7ac7ea16
public_holiday,VA,Vatican City,All Souls’ Day,2025-11-02,2025-11-02,True,,,,,c15ab3bf-84b8-4b75-896b-d0f7d048a17c
public_holiday,VA,Vatican City,Immaculate Conception,2025-12-08,2025-12-08,True,,,,,5cd6edf0-f55a-4977-9e30-da1b6de49910
public_holiday,VA,Vatican City,Christmas Eve,2025-12-24,2025-12-24,True,,,,,e1b648a4-7828-45c4-b6a1-ef11d1ec6785
public_holiday,VA,Vatican City,Christmas Day,2025-12-25,2025-12-25,True,,,,,36df59f9-b7ab-4670-b8e4-972ba4b451d0
public_holiday,VA,Vatican City,Saint Stephen's Day,2025-12-26,2025-12-26,True,,,,,1a617ede-f16c-434b-b9ee-06e0070f890c
public_holiday,VA,Vatican City,New Year's Eve,2025-12-26,2025-12-26,True,,,,,bf8a9a94-f816-43ba-9e89-2537e6b41164
public_holiday,VA,Vatican City,Saint John the Evangelist,2025-12-27,2025-12-27,True,,,,,3d959d97-ce25-45ec-8c92-f09f0b642a1a
public_holiday,VA,Vatican City,"Solemnity of Mary, Mother of God",2026-01-01,2026-01-01,True,,,,,e814ddbc-1157-4325-8df1-265720374181
public_holiday,VA,Vatican City,Epiphany,2026-01-06,2026-01-06,True,,,,,c5752496-2d25-415a-9baa-0d5c568c6f1e
public_holiday,VA,Vatican City,Anniversary of the foundation of Vatican City,2026-02-11,2026-02-11,True,,,,,cd0c7632-bbf4-4119-9cf5-722646e44794
public_holiday,VA,Vatican City,Saint Joseph,2026-03-19,2026-03-19,True,,,,,579f61bb-d525-4007-a8e4-e551a230752f
public_holiday,VA,Vatican City,Maundy Thursday,2026-04-02,2026-04-02,True,,,,,152d1467-c8b4-408a-be26-bf33cba6781e
public_holiday,VA,Vatican City,Good Friday,2026-04-03,2026-04-03,True,,,,,8c0a7ae0-baee-4363-be0c-6b186b91446e
public_holiday,VA,Vatican City,Easter Saturday,2026-04-04,2026-04-04,True,,,,,4be625eb-9db9-45b7-a3d4-a02477b1b042
public_holiday,VA,Vatican City,Easter Sunday,2026-04-05,2026-04-05,True,,,,,142819b1-0654-47e0-aef2-42af6b31e800
public_holiday,VA,Vatican City,Easter Monday,2026-04-06,2026-04-06,True,,,,,260d7d4c-9b62-4fb4-91ab-f364b4491106
public_holiday,VA,Vatican City,Easter Tuesday,2026-04-07,2026-04-07,True,,,,,ac9c73c1-d2bc-44f3-9f33-4a34747202f5
public_holiday,VA,Vatican City,Saint Joseph the Worker,2026-05-01,2026-05-01,True,,,,,6c54789e-3ada-44aa-8b04-c0bd87393c10
public_holiday,VA,Vatican City,Anniversary of the election of Pope Leo XIV,2026-05-08,2026-05-08,True,,,,,4e548905-67fb-48c5-94c3-e7b7d1d9ea10
public_holiday,VA,Vatican City,Saints Peter and Paul,2026-06-29,2026-06-29,True,,,,,363cf8c7-836f-4882-bf86-28cb50f0c8a8
public_holiday,VA,Vatican City,Vigil of the Assumption,2026-08-14,2026-08-14,True,,,,,1c7098d0-2396-4882-9896-bc1d277aa9f5
public_holiday,VA,Vatican City,Assumption Day,2026-08-15,2026-08-15,True,,,,,4bab316e-5cf2-4e52-8e91-9f37eca99959
public_holiday,VA,Vatican City,Saint Stephen of Hungary,2026-08-16,2026-08-16,True,,,,,d1d69dca-2972-45b4-b594-5211f72975db
public_holiday,VA,Vatican City,Nativity of Mary,2026-09-08,2026-09-08,True,,,,,3b71a06b-abb3-4ba9-9e90-fe44644adb91
public_holiday,VA,Vatican City,Saint Robert Bellarmine's Day,2026-09-17,2026-09-17,True,,,,,d78962e3-6ce3-428e-83fb-5faa76e3f3e1
public_holiday,VA,Vatican City,All Saints’ Day,2026-11-01,2026-11-01,True,,,,,c2c836ed-e5a4-4ef7-b864-213f7b0e0dca
public_holiday,VA,Vatican City,All Souls’ Day,2026-11-02,2026-11-02,True,,,,,73cf0cca-df81-4cbc-be0d-c87c7841bd83
public_holiday,VA,Vatican City,Immaculate Conception,2026-12-08,2026-12-08,True,,,,,639d2bef-dc7b-4aba-ab57-3b2a2e116cd8
public_holiday,VA,Vatican City,Christmas Eve,2026-12-24,2026-12-24,True,,,,,0b7155ad-0a01-48fb-a632-8bd096f36d51
public_holiday,VA,Vatican City,Christmas Day,2026-12-25,2026-12-25,True,,,,,d56dfbd1-41e1-4f98-b5e4-dc3a394f8ced
public_holiday,VA,Vatican City,New Year's Eve,2026-12-26,2026-12-26,True,,,,,0e6d45d6-aa89-4097-90a5-0ff49ab48bf8
public_holiday,VA,Vatican City,Saint Stephen's Day,2026-12-26,2026-12-26,True,,,,,88fb0800-8da2-4dde-b546-0fb5353be039
public_holiday,VA,Vatican City,Saint John the Evangelist,2026-12-27,2026-12-27,True,,,,,bd002e45-da72-403c-8e12-0b468ad13b98
public_holiday,VA,Vatican City,"Solemnity of Mary, Mother of God",2027-01-01,2027-01-01,True,,,,,45e981a6-e6e1-4776-983d-1471d574fdbf
public_holiday,VA,Vatican City,Epiphany,2027-01-06,2027-01-06,True,,,,,ee41cd92-b487-488f-aa22-c0ccff9ac44f
public_holiday,VA,Vatican City,Anniversary of the foundation of Vatican City,2027-02-11,2027-02-11,True,,,,,f582a918-c5da-43dd-8fdc-cf4d3a3d7a4a
public_holiday,VA,Vatican City,Saint Joseph,2027-03-19,2027-03-19,True,,,,,6314790b-d04c-4423-9624-86bded0800ac
public_holiday,VA,Vatican City,Maundy Thursday,2027-03-25,2027-03-25,True,,,,,b1f83c2c-4e3e-4d0a-8414-4da095b99127
public_holiday,VA,Vatican City,Good Friday,2027-03-26,2027-03-26,True,,,,,a3757f07-81aa-42d7-a22d-26ab2c343674
public_holiday,VA,Vatican City,Easter Saturday,2027-03-27,2027-03-27,True,,,,,1c2ee16e-8712-470e-8895-6c3918b7371d
public_holiday,VA,Vatican City,Easter Sunday,2027-03-28,2027-03-28,True,,,,,6874a927-50c3-4ff3-9dfa-759b3199cd38
public_holiday,VA,Vatican City,Easter Monday,2027-03-29,2027-03-29,True,,,,,6d4dbdfc-fd95-4cdf-a8ae-cee0cef2e2d4
public_holiday,VA,Vatican City,Easter Tuesday,2027-03-30,2027-03-30,True,,,,,0f70fe71-75a1-497a-9761-5b8b2569f07e
public_holiday,VA,Vatican City,Saint Joseph the Worker,2027-05-01,2027-05-01,True,,,,,1bd3800e-ef56-4c8e-939f-fd6860228a9c
public_holiday,VA,Vatican City,Anniversary of the election of Pope Leo XIV,2027-05-08,2027-05-08,True,,,,,f5a2ed2e-9b9c-4515-9174-145eeeeed295
public_holiday,VA,Vatican City,Saints Peter and Paul,2027-06-29,2027-06-29,True,,,,,72ec724f-3ed3-48fd-b208-f963660d420b
public_holiday,VA,Vatican City,Vigil of the Assumption,2027-08-14,2027-08-14,True,,,,,ac3dea7a-8733-4f97-9aa5-d99c758c979f
public_holiday,VA,Vatican City,Assumption Day,2027-08-15,2027-08-15,True,,,,,62f77ba3-086b-47b0-ab47-0ce12311d02e
public_holiday,VA,Vatican City,Saint Stephen of Hungary,2027-08-16,2027-08-16,True,,,,,1d85a4a3-60e7-4d89-a6a5-a69cc6b8759f
public_holiday,VA,Vatican City,Nativity of Mary,2027-09-08,2027-09-08,True,,,,,c2beb2aa-de9d-45bf-ad64-93b130ced88f
public_holiday,VA,Vatican City,Saint Robert Bellarmine's Day,2027-09-17,2027-09-17,True,,,,,345a9363-b990-478b-979b-d3c45433f396
public_holiday,VA,Vatican City,All Saints’ Day,2027-11-01,2027-11-01,True,,,,,50467382-e8e0-40e7-a143-646365a57313
public_holiday,VA,Vatican City,All Souls’ Day,2027-11-02,2027-11-02,True,,,,,4c4a2ee3-0cfd-40c8-86db-7075804e37e5
public_holiday,VA,Vatican City,Immaculate Conception,2027-12-08,2027-12-08,True,,,,,4b1e4675-2f23-4a03-b76a-7a09f0d2ed07
public_holiday,VA,Vatican City,Christmas Eve,2027-12-24,2027-12-24,True,,,,,6e186966-0137-4787-9de2-74e0836f0a35
public_holiday,VA,Vatican City,Christmas Day,2027-12-25,2027-12-25,True,,,,,c2ac8383-79d8-4ace-a026-aa2cdc4a9042
public_holiday,VA,Vatican City,New Year's Eve,2027-12-26,2027-12-26,True,,,,,0bcbb714-8d69-4a1d-9901-920fb0fb6081
public_holiday,VA,Vatican City,Saint Stephen's Day,2027-12-26,2027-12-26,True,,,,,ca92c578-f1a0-4e97-bba0-c155a43e6c90
public_holiday,VA,Vatican City,Saint John the Evangelist,2027-12-27,2027-12-27,True,,,,,23f1aaa0-83f4-4d13-ac29-0c32c2c2773c
public_holiday,ZA,South Africa,New Year’s Day,2023-01-01,2023-01-01,True,,,,,e5a997cf-c3de-4ea8-a6e1-7486bf561353
public_holiday,ZA,South Africa,New Year’s Day observed,2023-01-02,2023-01-02,True,,,,,2014bec4-94a3-4fac-b872-1eac72242c4d
public_holiday,ZA,South Africa,Human Rights Day,2023-03-21,2023-03-21,True,,,,,b620ba84-ef4e-4321-b812-37998e21fa65
public_holiday,ZA,South Africa,Good Friday,2023-04-07,2023-04-07,True,,,,,cc575856-a041-4584-b323-674405c53134
public_holiday,ZA,South Africa,Family Day,2023-04-10,2023-04-10,True,,,,,cb9eea15-d399-414f-83e8-5ea350557b6d
public_holiday,ZA,South Africa,Freedom Day,2023-04-27,2023-04-27,True,,,,,16cc4446-6679-4d15-8b3b-3f3012afbd48
public_holiday,ZA,South Africa,Workers' Day,2023-05-01,2023-05-01,True,,,,,732faf59-6ca5-4c15-a91b-8ae366498377
public_holiday,ZA,South Africa,Youth Day,2023-06-16,2023-06-16,True,,,,,f4c32572-4055-4519-8ad7-9c5af93b4c9d
public_holiday,ZA,South Africa,National Women's Day,2023-08-09,2023-08-09,True,,,,,955d0c63-661c-4712-9734-dde31d3d7337
public_holiday,ZA,South Africa,Heritage Day,2023-09-24,2023-09-24,True,,,,,45d34574-5a04-4027-a205-846949c135e4
public_holiday,ZA,South Africa,Heritage Day observed,2023-09-25,2023-09-25,True,,,,,935f42a9-3afd-42e0-bb14-390ab7657fac
public_holiday,ZA,South Africa,Day of Reconciliation,2023-12-16,2023-12-16,True,,,,,48bc6fcc-da59-4ca6-9231-e46361eb77e7
public_holiday,ZA,South Africa,Christmas Day,2023-12-25,2023-12-25,True,,,,,e414db68-c730-4861-88aa-15282f02e48c
public_holiday,ZA,South Africa,Day of Goodwill,2023-12-26,2023-12-26,True,,,,,a01f9799-39d5-4f67-8438-cda7362fcd6a
public_holiday,ZA,South Africa,New Year’s Day,2024-01-01,2024-01-01,True,,,,,3f5def54-5c7e-48ec-96cd-ab47caa692a9
public_holiday,ZA,South Africa,Human Rights Day,2024-03-21,2024-03-21,True,,,,,f7aaaf71-675a-4997-a4fb-0f1e9dbae58f
public_holiday,ZA,South Africa,Good Friday,2024-03-29,2024-03-29,True,,,,,c9ca3d91-c685-4f5f-9757-5f97a1c35422
public_holiday,ZA,South Africa,Family Day,2024-04-01,2024-04-01,True,,,,,09b6275d-c408-43a9-975f-f9ed9acf5e0e
public_holiday,ZA,South Africa,Freedom Day,2024-04-27,2024-04-27,True,,,,,2db21a3a-e7fc-4773-9e94-d1d1ccd05644
public_holiday,ZA,South Africa,Workers' Day,2024-05-01,2024-05-01,True,,,,,fe382a40-486c-4718-bc5a-b80414a2341d
public_holiday,ZA,South Africa,Youth Day,2024-06-16,2024-06-16,True,,,,,d7183c22-77b6-4cae-addc-a9b5b33b2e37
public_holiday,ZA,South Africa,Youth Day observed,2024-06-17,2024-06-17,True,,,,,fde31c0f-9ef1-4540-ad82-cb0b71cef6da
public_holiday,ZA,South Africa,National Women's Day,2024-08-09,2024-08-09,True,,,,,96e00b56-d49e-42a9-9fe5-310e0469db85
public_holiday,ZA,South Africa,Heritage Day,2024-09-24,2024-09-24,True,,,,,6dce2422-2131-45a3-aa6a-2ab4c2cbeccd
public_holiday,ZA,South Africa,Heritage Day observed,2024-09-25,2024-09-25,True,,,,,3b94fcd3-36d2-478a-bdf6-2e22b9a2a39f
public_holiday,ZA,South Africa,Day of Reconciliation,2024-12-16,2024-12-16,True,,,,,0eb7e24c-9888-44d6-854e-ed97faae4d06
public_holiday,ZA,South Africa,Christmas Day,2024-12-25,2024-12-25,True,,,,,d7b6e66d-d238-423f-92bc-1be4b4a98b04
public_holiday,ZA,South Africa,Day of Goodwill,2024-12-26,2024-12-26,True,,,,,590459f9-628b-4570-9680-585f5fceb104
public_holiday,ZA,South Africa,New Year’s Day,2025-01-01,2025-01-01,True,,,,,b1c27ce8-2e8c-48d5-84b2-04b0bbc6678e
public_holiday,ZA,South Africa,Human Rights Day,2025-03-21,2025-03-21,True,,,,,ed937614-43dd-4a49-99cb-743aa55c5296
public_holiday,ZA,South Africa,Good Friday,2025-04-18,2025-04-18,True,,,,,3d44ed21-00b1-4acd-b514-01e4a4d8f449
public_holiday,ZA,South Africa,Family Day,2025-04-21,2025-04-21,True,,,,,581273c6-12e8-4d08-ba63-5a1c2f8069b9
public_holiday,ZA,South Africa,Freedom Day,2025-04-27,2025-04-27,True,,,,,95affbd2-5f5a-4087-9861-9b7e8c6708ee
public_holiday,ZA,South Africa,Freedom Day observed,2025-04-28,2025-04-28,True,,,,,93b63afa-f874-49d2-81b5-527a8c6fb0c3
public_holiday,ZA,South Africa,Workers' Day,2025-05-01,2025-05-01,True,,,,,bb94478d-cdad-48a3-a0ff-d0f27eb622db
public_holiday,ZA,South Africa,Youth Day,2025-06-16,2025-06-16,True,,,,,16a78fc8-eed4-44a3-8548-1f853a6df6eb
public_holiday,ZA,South Africa,National Women's Day,2025-08-09,2025-08-09,True,,,,,ecd9541b-ee66-42c6-9d2b-be9122959404
public_holiday,ZA,South Africa,Heritage Day,2025-09-24,2025-09-24,True,,,,,75b2e34e-ce05-48ae-a7d2-c8afb52cc470
public_holiday,ZA,South Africa,Day of Reconciliation,2025-12-16,2025-12-16,True,,,,,8e41d93d-4514-45e3-ad99-508cd0cab2e0
public_holiday,ZA,South Africa,Christmas Day,2025-12-25,2025-12-25,True,,,,,a3fa910c-014b-4de0-895d-f499b1c471a6
public_holiday,ZA,South Africa,Day of Goodwill,2025-12-26,2025-12-26,True,,,,,308a343f-acc1-4d08-bb0d-172fd480fabf
school_holiday,ZA,South Africa,Summer Break,2022-12-17,2023-01-08,True,,,,,978a9806-f707-4bc2-9023-204187671a6e
school_holiday,ZA,South Africa,Special School Holiday,2023-03-20,2023-03-20,True,,,,,a27d71c6-5ec0-439a-86bb-c217488b287a
school_holiday,ZA,South Africa,Autumn Break,2023-03-25,2023-04-11,True,,,,,a4cabea6-8d29-4894-8102-16dd2cf687d4
school_holiday,ZA,South Africa,Special School Holiday,2023-04-28,2023-04-28,True,,,,,8b422535-d89c-4a1e-b086-d785b34faf44
school_holiday,ZA,South Africa,Winter Break,2023-06-24,2023-07-17,True,,,,,7cc0ea87-bc7c-4aae-9a06-4c10cfca3f10
school_holiday,ZA,South Africa,Spring Break,2023-09-30,2023-10-09,True,,,,,716933bf-0d0d-445f-bb1c-2aa4c8187b57
school_holiday,ZA,South Africa,Summer Break,2023-12-16,2024-01-14,True,,,,,84dc76ea-0cd3-4c14-82df-5c96137f0a65
school_holiday,ZA,South Africa,Autumn Break,2024-03-22,2024-04-02,True,,,,,80bd85d5-ed52-4e06-8378-3c54997c57ea
school_holiday,ZA,South Africa,Special School Holiday,2024-04-26,2024-04-26,True,,,,,277e9bdb-d956-485c-a3ea-731288b8172c
school_holiday,ZA,South Africa,Winter Break,2024-06-15,2024-07-08,True,,,,,8e20f940-7996-4c1d-8f91-bce21de70041
school_holiday,ZA,South Africa,Spring Break,2024-09-21,2024-09-30,True,,,,,50edabe4-daf0-4315-b81f-16d9a7f62dcf
school_holiday,ZA,South Africa,Summer Break,2024-12-14,2025-01-12,True,,,,,fac41a06-66b9-4052-842a-44c2beebc394
school_holiday,ZA,South Africa,Autumn Break,2025-03-29,2025-04-07,True,,,,,9d128a30-0252-4c79-a1d1-58a36f2e8dc2
school_holiday,ZA,South Africa,Special School Holiday,2025-04-29,2025-04-29,True,,,,,8cd3b542-65d0-4814-9201-e3ee9de441b6
school_holiday,ZA,South Africa,Special School Holiday,2025-04-30,2025-04-30,True,,,,,78cac1f4-9dd6-4ee5-af69-ce389b14ec52
school_holiday,ZA,South Africa,Special School Holiday,2025-06-02,2025-06-02,True,,,,,a1e900f7-12e7-4dbd-b766-7b5170497b9a
school_holiday,ZA,South Africa,Winter Break,2025-06-28,2025-07-21,True,,,,,b7520184-1087-493c-9e47-eeba3f989006
school_holiday,ZA,South Africa,Spring Break,2025-10-04,2025-10-12,True,,,,,46913ccf-9f08-41c8-a27e-60972a2d3bd0
school_holiday,ZA,South Africa,Summer Break,2025-12-13,2026-01-11,True,,,,,964df868-5fdc-4206-bfcc-16048c02ab3d
public_holiday,ZA,South Africa,New Year’s Day,2026-01-01,2026-01-01,True,,,,,c07e4d86-d086-4a40-9893-2f62e8e61918
public_holiday,ZA,South Africa,Human Rights Day,2026-03-21,2026-03-21,True,,,,,486a5e8a-29dd-4824-bb12-0e0ee3cbc53c
public_holiday,ZA,South Africa,Good Friday,2026-04-03,2026-04-03,True,,,,,7a910b39-b757-4305-8b4c-82f2c57334d5
public_holiday,ZA,South Africa,Family Day,2026-04-06,2026-04-06,True,,,,,96449bd5-0057-4341-9086-9edfc04d1433
public_holiday,ZA,South Africa,Freedom Day,2026-04-27,2026-04-27,True,,,,,0cb198d1-24e2-49d2-aa33-70da5c170122
public_holiday,ZA,South Africa,Workers' Day,2026-05-01,2026-05-01,True,,,,,96def55a-8b1d-4ee3-ac1c-500103033a35
public_holiday,ZA,South Africa,Youth Day,2026-06-16,2026-06-16,True,,,,,5e720c80-5de1-466d-90b9-bffce3d7a9a5
public_holiday,ZA,South Africa,National Women's Day,2026-08-09,2026-08-09,True,,,,,6171da48-ea87-4ea3-8e40-2f5f0c3f9226
public_holiday,ZA,South Africa,National Women's Day observed,2026-08-10,2026-08-10,True,,,,,a0d1d820-0b1a-4c77-84b5-928ec7eb3180
public_holiday,ZA,South Africa,Heritage Day,2026-09-24,2026-09-24,True,,,,,1e541849-7257-4673-9e60-b721fd0e377c
public_holiday,ZA,South Africa,Day of Reconciliation,2026-12-16,2026-12-16,True,,,,,dc8e0dec-24fe-41ca-821c-c1ee9c5784b9
public_holiday,ZA,South Africa,Christmas Day,2026-12-25,2026-12-25,True,,,,,1810aeca-73ef-4863-b317-8c81fdecb058
public_holiday,ZA,South Africa,Day of Goodwill,2026-12-26,2026-12-26,True,,,,,bdc5440d-8a9f-4406-8215-2320b01276bf
public_holiday,ZA,South Africa,New Year’s Day,2027-01-01,2027-01-01,True,,,,,7d501a32-e0a0-40bc-966f-83781819ba98
public_holiday,ZA,South Africa,Human Rights Day,2027-03-21,2027-03-21,True,,,,,e4acd030-dc2a-4379-a3eb-fdfbd18772fd
public_holiday,ZA,South Africa,Human Rights Day observed,2027-03-22,2027-03-22,True,,,,,6d0b245b-5836-4c81-9b95-5d8b7bf24516
public_holiday,ZA,South Africa,Good Friday,2027-03-26,2027-03-26,True,,,,,8d45c0c6-7892-4ed1-926d-aeeb4e1f6324
public_holiday,ZA,South Africa,Family Day,2027-03-29,2027-03-29,True,,,,,1f6a483a-1bfe-440c-a49e-47fc9f279094
public_holiday,ZA,South Africa,Freedom Day,2027-04-27,2027-04-27,True,,,,,f88f2282-d76e-4eeb-ae89-c9442ccb8cad
public_holiday,ZA,South Africa,Workers' Day,2027-05-01,2027-05-01,True,,,,,a078284d-221d-41fb-915b-a6ba6e60f0cb
public_holiday,ZA,South Africa,Youth Day,2027-06-16,2027-06-16,True,,,,,74d1c73b-1072-46f7-86c4-28219ee6199a
public_holiday,ZA,South Africa,National Women's Day,2027-08-09,2027-08-09,True,,,,,cf7150f1-feda-4099-9a80-108a41bafca5
public_holiday,ZA,South Africa,Heritage Day,2027-09-24,2027-09-24,True,,,,,bbbbd065-c6ff-4f0b-a5b6-4d3172c78ac1
public_holiday,ZA,South Africa,Day of Reconciliation,2027-12-16,2027-12-16,True,,,,,f90c2f7b-e029-46c3-82a5-15b1e3eb386d
public_holiday,ZA,South Africa,Christmas Day,2027-12-25,2027-12-25,True,,,,,e2328eae-5289-411b-9b34-41aceacd448d
public_holiday,ZA,South Africa,Day of Goodwill,2027-12-26,2027-12-26,True,,,,,4b3588f4-a183-4d1f-8da8-875ee219a902
school_holiday,ZA,South Africa,Autumn Break,2026-03-28,2026-04-07,True,,,,,37aa0d15-2729-465f-9907-8ab6483489de
school_holiday,ZA,South Africa,Special School Holiday,2026-06-15,2026-06-15,True,,,,,6c838c4f-021d-4b5f-bde4-d8ef35d6f544
school_holiday,ZA,South Africa,Winter Break,2026-06-27,2026-07-20,True,,,,,6314f2fd-c992-437c-a15f-87d2e0ff7b28
school_holiday,ZA,South Africa,Special School Holiday,2026-09-25,2026-09-25,True,,,,,780c8f96-a285-4551-a3d6-d30077cf4086
school_holiday,ZA,South Africa,Spring Break,2026-10-03,2026-10-12,True,,,,,cbb2e8bd-36d5-4792-b8fc-5b7938080286
school_holiday,ZA,South Africa,Summer Break,2026-12-12,2027-01-10,True,,,,,5f1af263-105c-4d11-a02c-37de2fab66dd
school_holiday,ZA,South Africa,Autumn Break,2027-03-20,2027-04-05,True,,,,,907ffdfd-8bbf-40f3-8638-4c0f5dce5bef
school_holiday,ZA,South Africa,Special School Holiday,2027-04-26,2027-04-26,True,,,,,92139951-0433-4cdb-97c0-d1234aadcf07
school_holiday,ZA,South Africa,Winter Break,2027-06-26,2027-07-19,True,,,,,221ff170-3986-4f0b-ad42-bba5bc71f6b7
school_holiday,ZA,South Africa,Spring Break,2027-10-02,2027-10-10,True,,,,,41450a01-656a-45c6-8856-883c628a9bd7
school_holiday,ZA,South Africa,Summer Break,2027-12-11,2028-01-09,True,,,,,50c1e169-f120-4896-8eb3-feeb6f9249ee
